Date,SOFR,EFFR,IORB,ON_RRP,AA_FIN_30D,AA_FIN_60D,AA_FIN_90D,AA_NF_30D,AA_NF_60D,AA_NF_90D,A2P2_NF_30D,A2P2_NF_60D,A2P2_NF_90D,TGCR,BGCR
1997-01-02,,,,,5.35,5.33,5.35,5.35,5.32,5.3,5.47,,,,
1997-01-03,,,,,5.34,5.34,5.35,5.3,5.31,5.29,5.49,,,,
1997-01-06,,,,,5.33,5.33,5.34,5.28,5.3,5.32,5.49,,,,
1997-01-07,,,,,5.31,5.32,5.33,5.28,5.28,5.32,5.45,,,,
1997-01-08,,,,,5.28,5.29,5.31,5.28,5.29,5.29,5.46,,,,
1997-01-09,,,,,5.28,5.3,5.3,5.27,5.28,5.3,5.45,,,,
1997-01-10,,,,,5.31,5.28,5.3,5.27,5.28,5.3,5.44,,,,
1997-01-13,,,,,5.3,5.32,5.36,5.29,5.3,5.34,5.46,,,,
1997-01-14,,,,,5.32,5.33,5.35,5.28,5.29,5.29,5.47,,,,
1997-01-15,,,,,5.3,5.31,5.33,5.29,5.28,5.31,5.45,,,,
1997-01-16,,,,,5.3,5.31,5.33,5.26,5.28,5.29,5.42,,,,
1997-01-17,,,,,5.27,5.3,5.31,5.26,5.26,5.3,5.44,,,,
1997-01-20,,,,,,,,,,,,,,,
1997-01-21,,,,,5.27,5.29,5.3,5.27,5.29,5.35,5.44,,,,
1997-01-22,,,,,5.28,5.3,5.31,5.26,5.28,5.29,5.42,,,,
1997-01-23,,,,,5.29,5.31,5.31,5.26,5.28,5.3,5.42,,,,
1997-01-24,,,,,5.28,5.31,5.31,5.27,5.28,5.27,5.47,,,,
1997-01-27,,,,,5.3,5.31,5.31,5.3,5.29,5.32,5.45,,,,
1997-01-28,,,,,5.3,5.31,5.33,5.27,5.3,5.32,5.43,,,,
1997-01-29,,,,,5.31,5.3,5.33,5.3,5.31,5.31,5.43,,,,
1997-01-30,,,,,5.31,5.32,5.34,5.3,5.33,5.28,5.48,,,,
1997-01-31,,,,,5.3,5.33,5.31,5.31,5.29,5.3,5.47,,,,
1997-02-03,,,,,5.3,5.31,5.31,5.28,5.26,5.3,5.49,,,,
1997-02-04,,,,,5.29,5.3,5.32,5.26,5.28,5.28,5.45,,,,
1997-02-05,,,,,5.29,5.3,5.31,5.25,5.28,5.28,5.46,,,,
1997-02-06,,,,,5.3,5.3,5.3,5.26,5.28,5.3,5.42,,,,
1997-02-07,,,,,5.26,5.3,5.31,5.24,5.29,5.27,5.45,,,,
1997-02-10,,,,,5.27,5.29,5.29,5.25,5.28,5.26,5.38,,,,
1997-02-11,,,,,5.26,5.29,5.31,5.24,5.27,5.29,5.43,,,,
1997-02-12,,,,,5.26,5.27,5.3,5.25,5.26,5.29,5.41,,,,
1997-02-13,,,,,5.27,5.28,5.29,5.24,5.26,5.27,5.42,,,,
1997-02-14,,,,,5.24,5.26,5.28,5.23,5.22,5.26,5.4,,,,
1997-02-17,,,,,,,,,,,,,,,
1997-02-18,,,,,5.25,5.26,5.25,5.23,5.25,5.25,5.42,,,,
1997-02-19,,,,,5.25,5.26,5.26,5.24,5.24,5.25,5.38,,,,
1997-02-20,,,,,5.23,5.25,5.24,5.27,5.23,5.26,5.41,,,,
1997-02-21,,,,,5.24,5.25,5.24,5.24,5.22,5.2,5.39,,,,
1997-02-24,,,,,5.24,5.25,5.24,5.24,5.23,5.22,5.37,,,,
1997-02-25,,,,,5.25,5.24,5.25,5.24,5.26,5.24,5.41,,,,
1997-02-26,,,,,5.26,5.28,5.24,5.27,5.26,5.23,5.37,,,,
1997-02-27,,,,,5.26,5.3,5.28,5.27,5.37,5.38,5.37,,,,
1997-02-28,,,,,5.28,5.3,5.32,5.23,5.35,5.35,5.41,,,,
1997-03-03,,,,,5.3,5.31,5.35,5.32,5.36,5.37,5.48,,,,
1997-03-04,,,,,5.31,5.32,5.31,5.27,5.28,5.29,5.47,,,,
1997-03-05,,,,,5.31,5.33,5.34,5.28,5.28,5.3,5.48,,,,
1997-03-06,,,,,5.29,5.31,5.3,5.26,5.28,5.29,5.5,,,,
1997-03-07,,,,,5.27,5.32,5.33,5.27,5.26,5.29,5.5,,,,
1997-03-10,,,,,5.29,5.32,5.33,5.28,5.26,5.29,5.5,,,,
1997-03-11,,,,,5.29,5.32,5.34,5.25,5.29,5.3,5.5,,,,
1997-03-12,,,,,5.3,5.33,5.35,5.27,5.28,5.3,5.48,,,,
1997-03-13,,,,,5.29,5.33,5.35,5.27,5.3,5.3,5.49,,,,
1997-03-14,,,,,5.33,5.34,5.36,5.31,5.29,5.32,5.5,,,,
1997-03-17,,,,,5.33,5.36,5.37,5.3,5.32,5.34,5.5,,,,
1997-03-18,,,,,5.33,5.36,5.37,5.31,5.33,5.37,5.55,,,,
1997-03-19,,,,,5.33,5.38,5.37,5.33,5.34,5.38,5.59,,,,
1997-03-20,,,,,5.35,5.43,5.43,5.36,5.38,5.39,5.61,,,,
1997-03-21,,,,,5.44,5.48,5.44,5.4,5.44,5.5,5.72,,,,
1997-03-24,,,,,5.5,5.55,5.51,5.44,5.5,5.5,5.67,,,,
1997-03-25,,,,,5.52,5.52,5.55,5.51,5.5,5.52,5.72,,,,
1997-03-26,,,,,5.53,5.58,5.56,5.51,5.53,5.53,5.8,,,,
1997-03-27,,,,,5.52,5.58,5.58,5.55,5.51,5.54,5.8,,,,
1997-03-28,,,,,5.54,5.57,5.56,5.55,5.5,5.54,5.8,,,,
1997-03-31,,,,,5.59,5.7,5.69,5.56,5.61,5.55,5.8,,,,
1997-04-01,,,,,5.54,5.57,5.59,5.53,5.54,5.53,5.76,,,,
1997-04-02,,,,,5.54,5.57,5.59,5.51,5.55,5.58,5.76,,,,
1997-04-03,,,,,5.55,5.58,5.59,5.51,5.55,5.55,5.74,,,,
1997-04-04,,,,,5.53,5.56,5.57,5.5,5.53,5.54,5.73,,,,
1997-04-07,,,,,5.52,5.55,5.62,5.5,5.54,5.61,5.7,,,,
1997-04-08,,,,,5.52,5.54,5.62,5.5,5.5,5.59,5.71,,,,
1997-04-09,,,,,5.51,5.53,5.59,5.5,5.5,5.58,5.72,,,,
1997-04-10,,,,,5.49,5.54,5.56,5.48,5.53,5.53,5.69,,,,
1997-04-11,,,,,5.5,5.54,5.59,5.49,5.53,5.52,5.63,,,,
1997-04-14,,,,,5.51,5.55,5.58,5.5,5.55,5.58,5.7,,,,
1997-04-15,,,,,5.52,5.53,5.58,5.5,5.51,5.56,5.71,,,,
1997-04-16,,,,,5.5,5.54,5.58,5.49,5.54,5.58,5.69,,,,
1997-04-17,,,,,5.49,5.55,5.58,5.48,5.54,5.58,5.69,,,,
1997-04-18,,,,,5.49,5.54,5.58,5.47,5.5,5.57,5.69,,,,
1997-04-21,,,,,5.49,5.56,5.61,5.47,5.53,5.6,5.69,,,,
1997-04-22,,,,,5.49,5.58,5.62,5.46,5.5,5.6,5.69,,,,
1997-04-23,,,,,5.48,5.59,5.61,5.47,5.53,5.62,5.7,,,,
1997-04-24,,,,,5.48,5.54,5.63,5.46,5.52,5.57,5.69,,,,
1997-04-25,,,,,5.49,5.58,5.6,5.48,5.5,5.54,5.7,,,,
1997-04-28,,,,,5.5,5.57,5.62,5.48,5.54,5.61,5.68,,,,
1997-04-29,,,,,5.53,5.58,5.62,5.53,5.53,5.56,5.65,,,,
1997-04-30,,,,,5.51,5.56,5.64,5.5,5.52,5.57,5.72,,,,
1997-05-01,,,,,5.5,5.56,5.6,5.5,5.53,5.6,5.69,,,,
1997-05-02,,,,,5.5,5.55,5.61,5.47,5.54,5.57,5.69,,,,
1997-05-05,,,,,5.52,5.55,5.59,5.5,5.53,5.6,5.69,,,,
1997-05-06,,,,,5.52,5.57,5.61,5.49,5.54,5.56,5.69,,,,
1997-05-07,,,,,5.52,5.57,5.63,5.49,5.51,5.59,5.7,,,,
1997-05-08,,,,,5.54,5.6,5.65,5.52,5.55,5.63,5.7,,,,
1997-05-09,,,,,5.53,5.56,5.6,5.52,5.55,5.55,5.69,,,,
1997-05-12,,,,,5.53,5.56,5.61,5.51,5.54,5.59,5.69,,,,
1997-05-13,,,,,5.52,5.56,5.61,5.51,5.54,5.57,5.69,,,,
1997-05-14,,,,,5.53,5.57,5.61,5.5,5.54,5.57,5.69,,,,
1997-05-15,,,,,5.54,5.57,5.61,5.53,5.53,5.58,5.75,,,,
1997-05-16,,,,,5.53,5.57,5.6,5.53,5.57,5.58,5.73,,,,
1997-05-19,,,,,5.55,5.59,5.61,5.54,5.59,5.56,5.78,,,,
1997-05-20,,,,,5.63,5.63,5.61,5.57,5.57,5.59,5.8,,,,
1997-05-21,,,,,5.52,5.54,5.57,5.49,5.52,5.59,5.71,,,,
1997-05-22,,,,,5.51,5.54,5.57,5.49,5.52,5.59,5.7,,,,
1997-05-23,,,,,5.49,5.53,5.58,5.49,5.51,5.54,5.7,,,,
1997-05-26,,,,,,,,,,,,,,,
1997-05-27,,,,,5.5,5.52,5.58,5.5,5.52,5.56,5.7,,,,
1997-05-28,,,,,5.51,5.53,5.59,5.5,5.5,5.53,5.72,,,,
1997-05-29,,,,,5.51,5.56,5.58,5.48,5.52,5.57,5.7,,,,
1997-05-30,,,,,5.53,5.56,5.57,5.53,5.55,5.54,5.75,,,,
1997-06-02,,,,,5.53,5.56,5.59,5.53,5.55,5.59,5.72,,,,
1997-06-03,,,,,5.52,5.56,5.57,5.53,5.53,5.57,5.76,,,,
1997-06-04,,,,,5.53,5.56,5.57,5.51,5.51,5.56,5.73,,,,
1997-06-05,,,,,5.5,5.56,5.58,5.5,5.53,5.52,5.7,,,,
1997-06-06,,,,,5.5,5.56,5.59,5.49,5.51,5.54,5.75,,,,
1997-06-09,,,,,5.5,5.54,5.58,5.5,5.5,5.54,5.78,,,,
1997-06-10,,,,,5.51,5.54,5.57,5.48,5.5,5.53,5.75,,,,
1997-06-11,,,,,5.51,5.55,5.57,5.48,5.5,5.55,5.74,,,,
1997-06-12,,,,,5.5,5.54,5.57,5.5,5.49,5.52,5.75,,,,
1997-06-13,,,,,5.53,5.53,5.54,5.49,5.47,5.53,5.72,,,,
1997-06-16,,,,,5.53,5.54,5.56,5.51,5.48,5.54,5.74,,,,
1997-06-17,,,,,5.52,5.53,5.56,5.51,5.52,5.54,5.76,,,,
1997-06-18,,,,,5.52,5.54,5.56,5.49,5.5,5.54,5.78,,,,
1997-06-19,,,,,5.51,5.54,5.55,5.51,5.52,5.52,5.78,,,,
1997-06-20,,,,,5.52,5.55,5.55,5.51,5.5,5.53,5.78,,,,
1997-06-23,,,,,5.54,5.56,5.56,5.51,5.53,5.54,5.8,,,,
1997-06-24,,,,,5.54,5.55,5.55,5.51,5.53,5.54,5.82,,,,
1997-06-25,,,,,5.54,5.55,5.54,5.51,5.51,5.52,5.84,,,,
1997-06-26,,,,,5.54,5.54,5.56,5.51,5.54,5.51,5.83,,,,
1997-06-27,,,,,5.55,5.55,5.57,5.52,5.5,5.53,5.85,,,,
1997-06-30,,,,,5.55,5.55,5.57,5.53,5.53,5.56,5.81,,,,
1997-07-01,,,,,5.54,5.57,5.58,5.49,5.51,5.52,5.78,,,,
1997-07-02,,,,,5.55,5.55,5.56,5.54,5.56,5.56,5.76,,,,
1997-07-03,,,,,5.5,5.52,5.53,5.48,5.5,5.52,5.73,,,,
1997-07-04,,,,,,,,,,,,,,,
1997-07-07,,,,,5.5,5.51,5.52,5.48,5.5,5.52,5.69,,,,
1997-07-08,,,,,5.5,5.52,5.53,5.47,5.49,5.51,5.68,,,,
1997-07-09,,,,,5.5,5.52,5.52,5.48,5.5,5.49,5.75,,,,
1997-07-10,,,,,5.49,5.5,5.51,5.47,5.47,5.47,5.7,,,,
1997-07-11,,,,,5.49,5.49,5.5,5.46,5.48,5.49,5.69,,,,
1997-07-14,,,,,5.48,5.51,5.51,5.46,5.46,5.5,5.71,,,,
1997-07-15,,,,,5.49,5.51,5.51,5.49,5.49,5.5,5.68,,,,
1997-07-16,,,,,5.5,5.5,5.51,5.47,5.48,5.5,5.73,,,,
1997-07-17,,,,,5.49,5.49,5.5,5.47,5.48,5.48,5.7,,,,
1997-07-18,,,,,5.5,5.5,5.5,5.48,5.46,5.47,5.67,,,,
1997-07-21,,,,,5.5,5.5,5.5,5.48,5.5,5.48,5.68,,,,
1997-07-22,,,,,5.49,5.5,5.5,5.47,5.5,5.5,5.68,,,,
1997-07-23,,,,,5.47,5.49,5.47,5.46,5.46,5.44,5.68,,,,
1997-07-24,,,,,5.48,5.47,5.48,5.48,5.45,5.45,5.66,,,,
1997-07-25,,,,,5.48,5.48,5.48,5.47,5.45,5.47,5.69,,,,
1997-07-28,,,,,5.49,5.49,5.48,5.48,5.48,5.48,5.72,,,,
1997-07-29,,,,,5.49,5.5,5.5,5.47,5.46,5.45,5.68,,,,
1997-07-30,,,,,5.49,5.5,5.47,5.49,5.47,5.47,5.69,,,,
1997-07-31,,,,,5.51,5.5,5.51,5.49,5.48,5.45,5.71,,,,
1997-08-01,,,,,5.5,5.49,5.49,5.48,5.47,5.48,5.69,,,,
1997-08-04,,,,,5.51,5.5,5.49,5.47,5.48,5.48,5.68,,,,
1997-08-05,,,,,5.5,5.5,5.5,5.47,5.47,5.47,5.69,,,,
1997-08-06,,,,,5.49,5.5,5.48,5.47,5.46,5.48,5.67,,,,
1997-08-07,,,,,5.5,5.49,5.49,5.47,5.48,5.46,5.68,,,,
1997-08-08,,,,,5.49,5.48,5.5,5.47,5.47,5.49,5.68,,,,
1997-08-11,,,,,5.5,5.5,5.53,5.49,5.49,5.48,5.7,,,,
1997-08-12,,,,,5.51,5.51,5.51,5.5,5.49,5.51,5.69,,,,
1997-08-13,,,,,5.51,5.52,5.5,5.5,5.47,5.49,5.69,,,,
1997-08-14,,,,,5.51,5.5,5.52,5.48,5.48,5.49,5.7,,,,
1997-08-15,,,,,5.5,5.5,5.5,5.49,5.48,5.49,5.7,,,,
1997-08-18,,,,,5.5,5.5,5.5,5.49,5.48,5.5,5.69,,,,
1997-08-19,,,,,5.49,5.48,5.49,5.47,5.47,5.48,5.7,,,,
1997-08-20,,,,,5.48,5.48,5.51,5.47,5.48,5.49,5.67,,,,
1997-08-21,,,,,5.48,5.49,5.5,5.48,5.47,5.49,5.67,,,,
1997-08-22,,,,,5.48,5.49,5.5,5.46,5.47,5.45,5.69,,,,
1997-08-25,,,,,5.46,5.49,5.5,5.48,5.46,5.46,5.68,,,,
1997-08-26,,,,,5.5,5.51,5.53,5.46,5.43,5.5,5.68,,,,
1997-08-27,,,,,5.51,5.51,5.5,5.5,5.46,5.49,5.69,,,,
1997-08-28,,,,,5.51,5.52,5.51,5.49,5.47,5.46,5.7,,,,
1997-08-29,,,,,5.51,5.51,5.51,5.48,5.48,5.48,5.7,,,,
1997-09-01,,,,,,,,,,,,,,,
1997-09-02,,,,,5.52,5.51,5.52,5.49,5.49,5.5,5.69,,,,
1997-09-03,,,,,5.51,5.52,5.51,5.49,5.47,5.48,5.7,,,,
1997-09-04,,,,,5.5,5.5,5.51,5.49,5.48,5.48,5.7,,,,
1997-09-05,,,,,5.5,5.5,5.5,5.47,5.49,5.5,5.69,,,,
1997-09-08,,,,,5.49,5.5,5.5,5.47,5.49,5.49,5.69,,,,
1997-09-09,,,,,5.5,5.51,5.51,5.47,5.47,5.5,5.68,,,,
1997-09-10,,,,,5.51,5.52,5.52,5.48,5.49,5.48,5.69,,,,
1997-09-11,,,,,5.51,5.5,5.51,5.48,5.48,5.47,5.69,,,,
1997-09-12,,,,,5.49,5.5,5.5,5.48,5.47,5.48,5.69,,,,
1997-09-15,,,,,5.51,5.51,5.51,5.49,5.49,5.49,5.71,,,,
1997-09-16,,,,,5.5,5.51,5.51,5.49,5.49,5.49,5.7,,,,
1997-09-17,,,,,5.5,5.5,5.51,5.48,5.47,5.48,5.69,,,,
1997-09-18,,,,,5.49,5.5,5.5,5.48,5.47,5.48,5.69,,,,
1997-09-19,,,,,5.5,5.5,5.49,5.49,5.46,5.45,5.68,,,,
1997-09-22,,,,,5.51,5.49,5.5,5.49,5.48,5.48,5.68,,,,
1997-09-23,,,,,5.5,5.5,5.52,5.49,5.48,5.49,5.71,,,,
1997-09-24,,,,,5.51,5.52,5.49,5.49,5.48,5.45,5.71,,,,
1997-09-25,,,,,5.51,5.49,5.51,5.49,5.48,5.46,5.71,,,,
1997-09-26,,,,,5.51,5.51,5.48,5.49,5.48,5.48,5.74,,,,
1997-09-29,,,,,5.53,5.51,5.51,5.51,5.5,5.5,5.74,,,,
1997-09-30,,,,,5.53,5.52,5.53,5.51,5.46,5.48,5.73,,,,
1997-10-01,,,,,5.51,5.51,5.51,5.48,5.49,5.46,5.69,,,,
1997-10-02,,,,,5.51,5.5,5.5,5.49,5.46,5.49,5.68,,,,
1997-10-03,,,,,5.5,5.47,5.52,5.48,5.47,5.47,5.68,,,,
1997-10-06,,,,,5.48,5.49,5.49,5.48,5.45,5.47,5.65,,,,
1997-10-07,,,,,5.49,5.48,5.5,5.47,5.46,5.46,5.67,,,,
1997-10-08,,,,,5.48,5.48,5.5,5.47,5.46,5.47,5.66,,,,
1997-10-09,,,,,5.5,5.49,5.52,5.46,5.48,5.48,5.65,,,,
1997-10-10,,,,,5.49,5.47,5.53,5.48,5.45,5.5,5.64,,,,
1997-10-13,,,,,,,,,,,,,,,
1997-10-14,,,,,5.49,5.49,5.53,5.48,5.47,5.49,5.66,,,,
1997-10-15,,,,,5.5,5.51,5.54,5.48,5.5,5.51,5.66,,,,
1997-10-16,,,,,5.5,5.5,5.54,5.47,5.48,5.48,5.66,,,,
1997-10-17,,,,,5.5,5.49,5.55,5.48,5.47,5.54,5.65,,,,
1997-10-20,,,,,5.5,5.51,5.58,5.48,5.47,5.54,5.67,,,,
1997-10-21,,,,,5.5,5.51,5.59,5.49,5.49,5.54,5.66,,,,
1997-10-22,,,,,5.51,5.52,5.59,5.49,5.48,5.52,5.67,,,,
1997-10-23,,,,,5.51,5.52,5.59,5.48,5.52,5.54,5.67,,,,
1997-10-24,,,,,5.45,5.51,5.6,5.49,5.51,5.54,5.71,,,,
1997-10-27,,,,,5.51,5.52,5.59,5.48,5.51,5.55,5.67,,,,
1997-10-28,,,,,5.52,5.51,5.58,5.51,5.49,5.49,5.66,,,,
1997-10-29,,,,,5.51,5.51,5.57,5.51,5.51,5.54,5.7,,,,
1997-10-30,,,,,5.53,5.52,5.57,5.52,5.51,5.53,5.71,,,,
1997-10-31,,,,,5.53,5.55,5.58,5.53,5.53,5.56,5.72,,,,
1997-11-03,,,,,5.54,5.56,5.58,5.51,5.52,5.54,5.71,,,,
1997-11-04,,,,,5.55,5.57,5.57,5.54,5.53,5.53,5.7,,,,
1997-11-05,,,,,5.53,5.59,5.61,5.51,5.54,5.54,5.71,,,,
1997-11-06,,,,,5.53,5.58,5.58,5.5,5.54,5.53,5.68,,,,
1997-11-07,,,,,5.54,5.6,5.59,5.51,5.56,5.55,5.69,,,,
1997-11-10,,,,,5.54,5.62,5.6,5.53,5.54,5.54,5.71,,,,
1997-11-11,,,,,,,,,,,,,,,
1997-11-12,,,,,5.55,5.66,5.68,5.53,5.58,5.62,5.74,,,,
1997-11-13,,,,,5.56,5.69,5.66,5.53,5.57,5.59,5.72,,,,
1997-11-14,,,,,5.55,5.67,5.66,5.52,5.6,5.67,5.73,,,,
1997-11-17,,,,,5.55,5.68,5.66,5.54,5.6,5.63,5.74,,,,
1997-11-18,,,,,5.53,5.69,5.65,5.54,5.61,5.62,5.75,,,,
1997-11-19,,,,,5.56,5.68,5.66,5.52,5.61,5.61,5.75,,,,
1997-11-20,,,,,5.55,5.7,5.67,5.52,5.64,5.64,5.74,,,,
1997-11-21,,,,,5.56,5.69,5.64,5.5,5.64,5.61,5.73,,,,
1997-11-24,,,,,5.53,5.7,5.67,5.53,5.61,5.63,5.74,,,,
1997-11-25,,,,,5.53,5.69,5.69,5.52,5.65,5.65,5.78,,,,
1997-11-26,,,,,5.56,5.68,5.66,5.55,5.66,5.63,5.75,,,,
1997-11-27,,,,,,,,,,,,,,,
1997-11-28,,,,,5.56,5.71,5.62,5.63,5.65,5.63,5.78,,,,
1997-12-01,,,,,5.58,5.72,5.72,5.56,5.66,5.64,5.8,,,,
1997-12-02,,,,,5.77,5.71,5.71,5.72,5.68,5.67,6.08,,,,
1997-12-03,,,,,5.78,5.71,5.71,5.71,5.68,5.68,6.07,,,,
1997-12-04,,,,,5.79,5.73,5.71,5.71,5.66,5.67,6.08,,,,
1997-12-05,,,,,5.79,5.73,5.72,5.72,5.69,5.69,6.05,,,,
1997-12-08,,,,,5.77,5.72,5.71,5.7,5.7,5.67,6.11,,,,
1997-12-09,,,,,5.79,5.71,5.73,5.72,5.71,5.72,6.09,,,,
1997-12-10,,,,,5.78,5.73,5.72,5.75,5.7,5.69,6.1,,,,
1997-12-11,,,,,5.8,5.72,5.72,5.76,5.71,5.68,6.11,,,,
1997-12-12,,,,,5.82,5.7,5.7,5.78,5.72,5.68,6.1,,,,
1997-12-15,,,,,5.8,5.71,5.68,5.79,5.7,5.7,6.15,,,,
1997-12-16,,,,,5.82,5.73,5.7,5.78,5.72,5.69,6.15,,,,
1997-12-17,,,,,5.82,5.73,5.72,5.81,5.72,5.66,6.16,,,,
1997-12-18,,,,,5.83,5.73,5.73,5.83,5.72,5.64,6.2,,,,
1997-12-19,,,,,5.86,5.74,5.72,5.88,5.73,5.62,6.25,,,,
1997-12-22,,,,,5.9,5.75,5.72,5.87,5.76,5.67,6.24,,,,
1997-12-23,,,,,5.93,5.76,5.72,5.9,5.74,5.64,6.34,,,,
1997-12-24,,,,,5.88,5.78,5.75,5.88,5.75,5.69,6.3,,,,
1997-12-25,,,,,,,,,,,,,,,
1997-12-26,,,,,5.9,5.75,5.7,5.94,5.74,5.67,6.27,,,,
1997-12-29,,,,,5.82,5.71,5.7,5.87,5.76,5.65,6.24,,,,
1997-12-30,,,,,5.64,5.64,5.64,5.75,5.75,5.65,6.18,,,,
1997-12-31,,,,,5.63,5.6,5.57,5.65,5.59,5.57,6.02,,,,
1998-01-01,,,,,,,,,,,,,,,
1998-01-02,,,,,5.57,5.57,5.57,5.56,5.5,5.54,5.78,5.76,5.83,,
1998-01-05,,,,,5.54,5.54,5.53,5.52,5.51,5.56,5.74,5.73,5.74,,
1998-01-06,,,,,5.52,5.5,5.51,5.5,5.49,5.47,5.72,5.69,5.72,,
1998-01-07,,,,,5.48,5.49,5.48,5.47,5.48,5.45,5.67,5.69,5.67,,
1998-01-08,,,,,5.48,5.47,5.48,5.46,5.46,5.44,5.64,5.64,5.66,,
1998-01-09,,,,,5.45,5.46,5.42,5.44,5.42,5.42,5.63,5.62,5.64,,
1998-01-12,,,,,5.45,5.43,5.39,5.43,5.38,5.36,5.63,5.59,5.59,,
1998-01-13,,,,,5.45,5.42,5.37,5.43,5.39,5.38,5.62,5.6,5.58,,
1998-01-14,,,,,5.46,5.43,5.41,5.44,5.4,5.37,5.6,5.58,5.59,,
1998-01-15,,,,,5.45,5.43,5.41,5.44,5.41,5.37,5.59,5.59,5.58,,
1998-01-16,,,,,5.45,5.44,5.41,5.44,5.44,5.41,5.61,5.6,5.59,,
1998-01-19,,,,,,,,,,,,,,,
1998-01-20,,,,,5.46,5.45,5.42,5.44,5.43,5.41,5.62,5.6,5.61,,
1998-01-21,,,,,5.47,5.44,5.41,5.44,5.43,5.39,5.61,5.61,5.6,,
1998-01-22,,,,,5.47,5.43,5.43,5.43,5.41,5.4,5.62,5.6,5.6,,
1998-01-23,,,,,5.44,5.42,5.43,5.44,5.43,5.4,5.62,5.6,5.61,,
1998-01-26,,,,,5.47,5.44,5.43,5.45,5.42,5.4,5.62,5.6,5.61,,
1998-01-27,,,,,5.47,5.43,5.43,5.46,5.41,5.4,5.62,5.62,5.62,,
1998-01-28,,,,,5.47,5.44,5.45,5.47,5.43,5.39,5.62,5.61,5.62,,
1998-01-29,,,,,5.5,5.46,5.46,5.47,5.45,5.4,5.64,5.63,5.62,,
1998-01-30,,,,,5.48,5.44,5.44,5.48,5.44,5.42,5.64,5.64,5.6,,
1998-02-02,,,,,5.49,5.46,5.46,5.47,5.42,5.4,5.64,5.62,5.6,,
1998-02-03,,,,,5.5,5.47,5.44,5.48,5.47,5.4,5.62,5.62,5.62,,
1998-02-04,,,,,5.47,5.44,5.43,5.46,5.44,5.42,5.62,5.6,5.62,,
1998-02-05,,,,,5.47,5.46,5.44,5.45,5.42,5.38,5.61,5.62,5.61,,
1998-02-06,,,,,5.47,5.45,5.43,5.46,5.41,5.43,5.61,5.62,5.58,,
1998-02-09,,,,,5.49,5.45,5.43,5.47,5.43,5.41,5.64,5.6,5.6,,
1998-02-10,,,,,5.48,5.47,5.42,5.47,5.42,5.42,5.62,5.62,5.59,,
1998-02-11,,,,,5.48,5.44,5.45,5.46,5.43,5.42,5.63,5.63,5.62,,
1998-02-12,,,,,5.47,5.45,5.45,5.47,5.45,5.43,5.61,5.63,5.61,,
1998-02-13,,,,,5.47,5.47,5.43,5.48,5.42,5.39,5.62,5.62,5.6,,
1998-02-16,,,,,,,,,,,,,,,
1998-02-17,,,,,5.48,5.47,5.45,5.47,5.44,5.4,5.64,5.62,5.62,,
1998-02-18,,,,,5.49,5.46,5.46,5.47,5.43,5.41,5.62,5.62,5.61,,
1998-02-19,,,,,5.48,5.47,5.45,5.46,5.44,5.43,5.61,5.63,5.61,,
1998-02-20,,,,,5.49,5.47,5.44,5.45,5.44,5.44,5.62,5.62,5.63,,
1998-02-23,,,,,5.48,5.46,5.46,5.46,5.46,5.43,5.63,5.63,5.6,,
1998-02-24,,,,,5.49,5.47,5.45,5.47,5.47,5.44,5.65,5.63,5.62,,
1998-02-25,,,,,5.51,5.5,5.47,5.49,5.48,5.42,5.68,5.67,5.64,,
1998-02-26,,,,,5.52,5.52,5.48,5.51,5.47,5.45,5.66,5.68,5.66,,
1998-02-27,,,,,5.52,5.53,5.49,5.51,5.49,5.48,5.66,5.68,5.68,,
1998-03-02,,,,,5.54,5.52,5.5,5.51,5.48,5.42,5.71,5.72,5.7,,
1998-03-03,,,,,5.55,5.52,5.5,5.5,5.48,5.45,5.71,5.73,5.7,,
1998-03-04,,,,,5.54,5.52,5.49,5.5,5.49,5.47,5.67,5.69,5.71,,
1998-03-05,,,,,5.52,5.49,5.5,5.51,5.47,5.47,5.7,5.7,5.69,,
1998-03-06,,,,,5.53,5.52,5.5,5.5,5.47,5.47,5.68,5.71,5.66,,
1998-03-09,,,,,5.52,5.5,5.49,5.51,5.49,5.49,5.69,5.7,5.67,,
1998-03-10,,,,,5.53,5.49,5.49,5.51,5.49,5.47,5.7,5.69,5.67,,
1998-03-11,,,,,5.53,5.51,5.48,5.5,5.5,5.45,5.72,5.72,5.68,,
1998-03-12,,,,,5.52,5.5,5.49,5.49,5.49,5.46,5.7,5.69,5.71,,
1998-03-13,,,,,5.52,5.49,5.49,5.51,5.49,5.48,5.72,5.72,5.72,,
1998-03-16,,,,,5.51,5.51,5.48,5.53,5.49,5.49,5.74,5.73,5.69,,
1998-03-17,,,,,5.5,5.49,5.47,5.49,5.5,5.45,5.75,5.72,5.7,,
1998-03-18,,,,,5.52,5.5,5.48,5.5,5.5,5.46,5.75,5.72,5.71,,
1998-03-19,,,,,5.53,5.5,5.49,5.49,5.49,5.46,5.79,5.72,5.7,,
1998-03-20,,,,,5.51,5.5,5.48,5.49,5.5,5.46,5.76,5.72,5.74,,
1998-03-23,,,,,5.53,5.52,5.5,5.52,5.48,5.45,5.76,5.75,5.73,,
1998-03-24,,,,,5.52,5.51,5.48,5.53,5.47,5.47,5.73,5.71,5.71,,
1998-03-25,,,,,5.53,5.51,5.47,5.5,5.48,5.45,5.79,5.76,5.72,,
1998-03-26,,,,,5.52,5.51,5.5,5.51,5.48,5.45,5.73,5.75,5.7,,
1998-03-27,,,,,5.54,5.5,5.5,5.52,5.48,5.46,5.8,5.74,5.67,,
1998-03-30,,,,,5.56,5.52,5.5,5.54,5.51,5.44,5.82,5.75,5.75,,
1998-03-31,,,,,5.55,5.51,5.5,5.52,5.52,5.47,5.81,5.74,5.71,,
1998-04-01,,,,,5.54,5.51,5.51,5.52,5.51,5.46,5.74,5.69,5.76,,
1998-04-02,,,,,5.53,5.51,5.49,5.52,5.5,5.48,5.73,5.7,5.69,,
1998-04-03,,,,,5.51,5.47,5.47,5.49,5.48,5.47,5.68,5.66,5.65,,
1998-04-06,,,,,5.5,5.49,5.46,5.49,5.46,5.45,5.67,5.67,5.65,,
1998-04-07,,,,,5.51,5.49,5.45,5.49,5.47,5.46,5.68,5.67,5.65,,
1998-04-08,,,,,5.5,5.48,5.46,5.49,5.47,5.45,5.69,5.67,5.66,,
1998-04-09,,,,,5.5,5.49,5.47,5.48,5.47,5.46,5.66,5.66,5.65,,
1998-04-10,,,,,5.5,5.47,5.47,5.48,5.47,5.46,5.66,5.66,5.65,,
1998-04-13,,,,,5.51,5.48,5.47,5.49,5.43,5.43,5.67,5.66,5.66,,
1998-04-14,,,,,5.5,5.48,5.48,5.5,5.49,5.46,5.69,5.69,5.67,,
1998-04-15,,,,,5.51,5.49,5.48,5.5,5.46,5.46,5.67,5.68,5.64,,
1998-04-16,,,,,5.51,5.5,5.48,5.48,5.48,5.46,5.67,5.64,5.62,,
1998-04-17,,,,,5.51,5.49,5.47,5.47,5.47,5.45,5.72,5.64,5.66,,
1998-04-20,,,,,5.5,5.48,5.48,5.48,5.47,5.47,5.66,5.67,5.66,,
1998-04-21,,,,,5.49,5.48,5.47,5.47,5.47,5.44,5.66,5.67,5.66,,
1998-04-22,,,,,5.5,5.48,5.48,5.48,5.47,5.46,5.66,5.67,5.68,,
1998-04-23,,,,,5.5,5.49,5.47,5.47,5.47,5.44,5.65,5.68,5.66,,
1998-04-24,,,,,5.51,5.48,5.48,5.48,5.47,5.45,5.67,5.67,5.65,,
1998-04-27,,,,,5.51,5.5,5.48,5.5,5.49,5.51,5.67,5.66,5.68,,
1998-04-28,,,,,5.51,5.51,5.51,5.5,5.49,5.49,5.68,5.69,5.68,,
1998-04-29,,,,,5.51,5.5,5.5,5.5,5.5,5.49,5.71,5.7,5.7,,
1998-04-30,,,,,5.5,5.5,5.51,5.48,5.5,5.49,5.72,5.7,5.72,,
1998-05-01,,,,,5.5,5.5,5.5,5.48,5.49,5.46,5.68,5.68,5.68,,
1998-05-04,,,,,5.5,5.5,5.49,5.49,5.48,5.47,5.68,5.7,5.72,,
1998-05-05,,,,,5.51,5.49,5.5,5.49,5.48,5.46,5.67,5.68,5.68,,
1998-05-06,,,,,5.5,5.49,5.5,5.48,5.48,5.49,5.66,5.68,5.69,,
1998-05-07,,,,,5.49,5.49,5.49,5.47,5.48,5.46,5.67,5.67,5.67,,
1998-05-08,,,,,5.49,5.49,5.49,5.47,5.48,5.47,5.65,5.68,5.67,,
1998-05-11,,,,,5.5,5.5,5.49,5.47,5.48,5.48,5.68,5.68,5.69,,
1998-05-12,,,,,5.5,5.51,5.5,5.49,5.47,5.47,5.65,5.68,5.7,,
1998-05-13,,,,,5.51,5.5,5.5,5.49,5.49,5.48,5.67,5.68,5.7,,
1998-05-14,,,,,5.51,5.51,5.5,5.5,5.48,5.49,5.68,5.69,5.69,,
1998-05-15,,,,,5.51,5.51,5.53,5.49,5.49,5.49,5.7,5.69,5.67,,
1998-05-18,,,,,5.51,5.51,5.51,5.5,5.51,5.5,5.72,5.69,5.72,,
1998-05-19,,,,,5.51,5.51,5.51,5.5,5.51,5.5,5.67,5.69,5.72,,
1998-05-20,,,,,5.5,5.5,5.5,5.49,5.49,5.48,5.67,5.69,5.71,,
1998-05-21,,,,,5.5,5.51,5.5,5.48,5.49,5.48,5.65,5.69,5.7,,
1998-05-22,,,,,5.51,5.51,5.51,5.48,5.48,5.48,5.64,5.67,5.7,,
1998-05-25,,,,,,,,,,,,,,,
1998-05-26,,,,,5.51,5.51,5.5,5.49,5.5,5.48,5.67,5.68,5.7,,
1998-05-27,,,,,5.5,5.49,5.48,5.49,5.49,5.49,5.69,5.69,5.7,,
1998-05-28,,,,,5.51,5.51,5.5,5.5,5.49,5.48,5.69,5.71,5.7,,
1998-05-29,,,,,5.52,5.5,5.49,5.51,5.5,5.47,5.72,5.72,5.72,,
1998-06-01,,,,,5.52,5.52,5.51,5.5,5.49,5.49,5.7,5.71,5.71,,
1998-06-02,,,,,5.52,5.52,5.5,5.51,5.5,5.46,5.71,5.71,5.72,,
1998-06-03,,,,,5.51,5.52,5.51,5.49,5.49,5.48,5.7,5.69,5.71,,
1998-06-04,,,,,5.52,5.51,5.5,5.49,5.49,5.48,5.7,5.68,5.69,,
1998-06-05,,,,,5.5,5.5,5.5,5.49,5.49,5.48,5.68,5.7,5.7,,
1998-06-08,,,,,5.51,5.51,5.5,5.5,5.49,5.49,5.69,5.7,5.7,,
1998-06-09,,,,,5.5,5.5,5.5,5.48,5.48,5.48,5.68,5.71,5.71,,
1998-06-10,,,,,5.51,5.51,5.5,5.49,5.49,5.49,5.7,5.68,5.7,,
1998-06-11,,,,,5.51,5.5,5.5,5.5,5.48,5.48,5.69,5.69,5.73,,
1998-06-12,,,,,5.51,5.51,5.51,5.5,5.49,5.49,5.7,5.7,5.71,,
1998-06-15,,,,,5.55,5.52,5.5,5.53,5.51,5.47,5.76,5.69,5.73,,
1998-06-16,,,,,5.52,5.51,5.5,5.51,5.5,5.47,5.73,5.72,5.73,,
1998-06-17,,,,,5.53,5.52,5.51,5.51,5.51,5.48,5.73,5.72,5.74,,
1998-06-18,,,,,5.51,5.53,5.48,5.52,5.5,5.49,5.75,5.71,5.71,,
1998-06-19,,,,,5.52,5.52,5.5,5.51,5.5,5.48,5.72,5.72,5.74,,
1998-06-22,,,,,5.53,5.53,5.5,5.53,5.5,5.49,5.76,5.72,5.75,,
1998-06-23,,,,,5.54,5.53,5.5,5.53,5.52,5.48,5.81,5.74,5.75,,
1998-06-24,,,,,5.53,5.54,5.51,5.53,5.51,5.5,5.78,5.76,5.73,,
1998-06-25,,,,,5.56,5.53,5.52,5.54,5.53,5.48,5.85,5.75,5.75,,
1998-06-26,,,,,5.56,5.55,5.5,5.55,5.53,5.49,5.92,5.8,5.73,,
1998-06-29,,,,,5.58,5.55,5.52,5.55,5.56,5.5,5.83,5.78,5.74,,
1998-06-30,,,,,5.55,5.55,5.51,5.54,5.53,5.47,5.8,5.8,5.74,,
1998-07-01,,,,,5.54,5.53,5.5,5.53,5.52,5.48,5.75,5.7,5.69,,
1998-07-02,,,,,5.53,5.51,5.51,5.51,5.5,5.48,5.73,5.7,5.69,,
1998-07-03,,,,,,,,,,,,,,,
1998-07-06,,,,,5.52,5.52,5.5,5.5,5.51,5.48,5.73,5.7,5.68,,
1998-07-07,,,,,5.52,5.51,5.51,5.5,5.51,5.49,5.7,5.68,5.67,,
1998-07-08,,,,,5.53,5.5,5.5,5.5,5.49,5.48,5.69,5.67,5.81,,
1998-07-09,,,,,5.52,5.51,5.5,5.5,5.49,5.47,5.69,5.69,5.65,,
1998-07-10,,,,,5.51,5.51,5.49,5.5,5.49,5.47,5.69,5.73,5.68,,
1998-07-13,,,,,5.51,5.52,5.5,5.5,5.48,5.47,5.7,5.7,5.69,,
1998-07-14,,,,,5.51,5.51,5.49,5.49,5.5,5.49,5.69,5.67,5.68,,
1998-07-15,,,,,5.5,5.52,5.51,5.5,5.5,5.48,5.7,5.7,5.7,,
1998-07-16,,,,,5.51,5.5,5.51,5.51,5.5,5.47,5.69,5.71,5.68,,
1998-07-17,,,,,5.51,5.51,5.5,5.5,5.5,5.49,5.68,5.68,5.72,,
1998-07-20,,,,,5.52,5.51,5.49,5.5,5.49,5.48,5.68,5.68,5.68,,
1998-07-21,,,,,5.52,5.51,5.5,5.51,5.5,5.5,5.73,5.69,5.68,,
1998-07-22,,,,,5.51,5.51,5.5,5.51,5.5,5.47,5.71,5.69,5.7,,
1998-07-23,,,,,5.52,5.5,5.5,5.52,5.49,5.48,5.68,5.7,5.66,,
1998-07-24,,,,,5.52,5.5,5.49,5.51,5.5,5.48,5.69,5.71,5.71,,
1998-07-27,,,,,5.53,5.51,5.5,5.51,5.51,5.51,5.7,5.7,5.69,,
1998-07-28,,,,,5.53,5.51,5.5,5.52,5.51,5.49,5.71,5.69,5.7,,
1998-07-29,,,,,5.54,5.51,5.52,5.52,5.49,5.5,5.74,5.73,5.68,,
1998-07-30,,,,,5.54,5.5,5.52,5.52,5.5,5.5,5.75,5.72,5.71,,
1998-07-31,,,,,5.54,5.53,5.51,5.53,5.5,5.5,5.72,5.72,5.71,,
1998-08-03,,,,,5.53,5.51,5.51,5.52,5.51,5.5,5.73,5.72,5.73,,
1998-08-04,,,,,5.53,5.51,5.51,5.52,5.51,5.49,5.7,5.69,5.69,,
1998-08-05,,,,,5.51,5.52,5.51,5.5,5.51,5.47,5.69,5.71,5.69,,
1998-08-06,,,,,5.52,5.52,5.51,5.5,5.5,5.49,5.72,5.71,5.66,,
1998-08-07,,,,,5.52,5.51,5.5,5.5,5.5,5.49,5.7,5.71,5.67,,
1998-08-10,,,,,5.51,5.51,5.51,5.5,5.5,5.49,5.71,5.72,5.7,,
1998-08-11,,,,,5.5,5.52,5.49,5.5,5.49,5.47,5.69,5.7,5.68,,
1998-08-12,,,,,5.51,5.5,5.49,5.49,5.48,5.49,5.7,5.7,5.68,,
1998-08-13,,,,,5.51,5.51,5.5,5.5,5.5,5.47,5.71,5.7,5.69,,
1998-08-14,,,,,5.5,5.51,5.49,5.49,5.5,5.47,5.69,5.69,5.71,,
1998-08-17,,,,,5.52,5.5,5.5,5.5,5.52,5.48,5.69,5.68,5.71,,
1998-08-18,,,,,5.51,5.5,5.5,5.5,5.51,5.48,5.71,5.69,5.69,,
1998-08-19,,,,,5.52,5.52,5.5,5.5,5.5,5.47,5.7,5.72,5.72,,
1998-08-20,,,,,5.51,5.51,5.5,5.49,5.5,5.47,5.69,5.7,5.7,,
1998-08-21,,,,,5.5,5.51,5.5,5.49,5.49,5.46,5.7,5.72,5.71,,
1998-08-24,,,,,5.51,5.5,5.49,5.49,5.49,5.47,5.69,5.7,5.72,,
1998-08-25,,,,,5.5,5.5,5.49,5.51,5.49,5.48,5.69,5.69,5.68,,
1998-08-26,,,,,5.5,5.5,5.49,5.51,5.5,5.47,5.7,5.7,5.68,,
1998-08-27,,,,,5.5,5.51,5.49,5.5,5.49,5.47,5.7,5.71,5.69,,
1998-08-28,,,,,5.5,5.5,5.49,5.48,5.49,5.48,5.69,5.69,5.68,,
1998-08-31,,,,,5.5,5.5,5.43,5.51,5.48,5.43,5.68,5.69,5.67,,
1998-09-01,,,,,5.5,5.48,5.44,5.5,5.49,5.42,5.68,5.68,5.68,,
1998-09-02,,,,,5.51,5.48,5.43,5.5,5.47,5.42,5.68,5.68,5.64,,
1998-09-03,,,,,5.5,5.48,5.41,5.49,5.47,5.43,5.69,5.66,5.64,,
1998-09-04,,,,,5.5,5.47,5.41,5.49,5.47,5.41,5.72,5.68,5.64,,
1998-09-07,,,,,,,,,,,,,,,
1998-09-08,,,,,5.5,5.46,5.41,5.5,5.45,5.43,5.7,5.66,5.66,,
1998-09-09,,,,,5.5,5.45,5.41,5.48,5.45,5.4,5.69,5.68,5.63,,
1998-09-10,,,,,5.51,5.46,5.41,5.48,5.44,5.38,5.7,5.67,5.62,,
1998-09-11,,,,,5.49,5.4,5.35,5.48,5.41,5.35,5.67,5.65,5.6,,
1998-09-14,,,,,5.49,5.46,5.34,5.49,5.4,5.33,5.7,5.68,5.61,,
1998-09-15,,,,,5.51,5.42,5.33,5.48,5.41,5.34,5.71,5.66,5.62,,
1998-09-16,,,,,5.5,5.41,5.36,5.49,5.4,5.34,5.73,5.68,5.65,,
1998-09-17,,,,,5.5,5.42,5.33,5.49,5.39,5.31,5.73,5.64,5.63,,
1998-09-18,,,,,5.5,5.42,5.33,5.5,5.4,5.3,5.73,5.68,5.63,,
1998-09-21,,,,,5.51,5.43,5.33,5.49,5.43,5.32,5.77,5.71,5.67,,
1998-09-22,,,,,5.5,5.36,5.31,5.51,5.39,5.32,5.76,5.68,5.66,,
1998-09-23,,,,,5.51,5.42,5.33,5.5,5.38,5.3,5.8,5.73,5.66,,
1998-09-24,,,,,5.43,5.35,5.25,5.44,5.32,5.2,5.74,5.66,5.58,,
1998-09-25,,,,,5.25,5.2,5.2,5.3,5.2,5.2,5.74,5.66,5.58,,
1998-09-28,,,,,5.24,5.17,5.12,5.25,5.2,5.13,5.62,5.55,5.52,,
1998-09-29,,,,,5.2,5.1,5.1,5.23,5.11,5.08,5.56,5.5,5.44,,
1998-09-30,,,,,5.26,5.16,5.12,5.22,5.19,5.12,5.51,5.5,5.47,,
1998-10-01,,,,,5.22,5.19,5.13,5.23,5.15,5.14,5.5,5.45,5.4,,
1998-10-02,,,,,5.24,5.17,5.07,5.22,5.14,5.08,5.51,5.47,5.48,,
1998-10-05,,,,,5.24,5.15,5.11,5.24,5.13,5.08,5.53,5.42,5.35,,
1998-10-06,,,,,5.27,5.21,5.16,5.24,5.18,5.1,5.55,5.57,5.53,,
1998-10-07,,,,,5.31,5.22,5.21,5.27,5.19,5.14,5.61,5.57,5.61,,
1998-10-08,,,,,5.29,5.19,5.2,5.25,5.16,5.13,5.58,5.57,5.61,,
1998-10-09,,,,,5.27,5.2,5.2,5.25,5.17,5.11,5.6,5.56,5.62,,
1998-10-12,,,,,,,,,,,,,,,
1998-10-13,,,,,5.27,5.2,5.14,5.25,5.15,5.1,5.58,5.63,5.64,,
1998-10-14,,,,,5.28,5.21,5.14,5.26,5.14,5.11,5.64,5.63,5.63,,
1998-10-15,,,,,5.3,5.2,5.15,5.27,5.16,5.13,5.66,5.66,5.65,,
1998-10-16,,,,,5.14,5.06,5.04,5.08,5.02,5.0,5.5,5.54,5.59,,
1998-10-19,,,,,5.08,5.09,5.03,5.04,5.01,4.98,5.58,5.55,5.66,,
1998-10-20,,,,,5.1,5.07,5.02,5.03,5.01,4.95,5.55,5.65,5.72,,
1998-10-21,,,,,5.1,5.07,5.02,5.04,5.05,4.95,5.56,5.7,5.71,,
1998-10-22,,,,,5.1,5.04,5.05,5.03,5.04,5.0,5.58,5.57,5.71,,
1998-10-23,,,,,5.05,5.02,5.03,5.02,5.0,5.02,5.56,5.59,5.73,,
1998-10-26,,,,,5.06,5.05,5.06,5.02,5.0,4.97,5.55,5.6,5.69,,
1998-10-27,,,,,5.08,5.01,5.04,5.02,4.99,4.96,5.56,5.58,5.62,,
1998-10-28,,,,,5.08,5.05,5.01,5.06,4.95,4.96,5.56,5.56,5.77,,
1998-10-29,,,,,5.11,5.02,5.0,5.05,4.99,4.96,5.66,5.65,5.8,,
1998-10-30,,,,,5.1,5.01,5.08,5.08,5.0,5.05,5.62,5.58,5.86,,
1998-11-02,,,,,5.15,5.14,5.11,5.11,5.05,5.07,5.65,5.96,5.83,,
1998-11-03,,,,,5.16,5.14,5.13,5.12,5.07,5.05,5.69,5.96,5.92,,
1998-11-04,,,,,5.16,5.16,5.17,5.11,5.08,5.03,5.66,6.02,5.86,,
1998-11-05,,,,,5.17,5.2,5.21,5.12,5.12,5.1,5.65,6.0,6.1,,
1998-11-06,,,,,5.14,5.19,5.18,5.11,5.15,5.14,5.62,6.1,6.06,,
1998-11-09,,,,,5.14,5.27,5.25,5.1,5.23,5.15,5.66,6.07,6.0,,
1998-11-10,,,,,5.17,5.32,5.24,5.1,5.25,5.13,5.63,6.02,6.01,,
1998-11-11,,,,,,,,,,,,,,,
1998-11-12,,,,,5.17,5.32,5.24,5.1,5.3,5.13,5.62,6.07,6.12,,
1998-11-13,,,,,5.15,5.35,5.21,5.13,5.27,5.12,5.62,6.21,6.0,,
1998-11-16,,,,,5.18,5.25,5.25,5.13,5.25,5.09,5.7,6.06,5.96,,
1998-11-17,,,,,5.15,5.29,5.2,5.11,5.26,5.15,5.67,6.16,6.01,,
1998-11-18,,,,,4.91,5.08,5.05,4.87,5.06,4.97,5.48,6.1,5.96,,
1998-11-19,,,,,4.89,5.11,5.11,4.83,5.05,4.97,5.31,6.03,5.95,,
1998-11-20,,,,,4.92,5.13,5.04,4.8,5.07,5.0,5.31,6.0,5.9,,
1998-11-23,,,,,4.89,5.11,5.09,4.83,5.05,4.97,5.35,6.03,5.88,,
1998-11-24,,,,,4.89,5.11,5.11,4.83,5.05,4.97,5.38,6.03,5.88,,
1998-11-25,,,,,4.86,5.17,5.04,4.85,5.13,5.0,5.28,6.05,5.67,,
1998-11-26,,,,,,,,,,,,,,,
1998-11-27,,,,,4.84,5.05,5.17,4.85,5.05,5.0,5.38,5.92,5.8,,
1998-11-30,,,,,4.9,5.26,5.0,4.95,5.21,5.02,5.39,6.13,6.04,,
1998-12-01,,,,,4.88,5.25,5.11,4.9,5.19,5.08,5.39,5.95,5.78,,
1998-12-02,,,,,5.31,5.19,5.07,5.2,5.15,5.03,6.08,5.97,5.71,,
1998-12-03,,,,,5.33,5.17,5.01,5.2,5.13,5.04,6.05,5.87,5.62,,
1998-12-04,,,,,5.26,5.18,4.99,5.18,5.1,5.02,6.1,5.97,5.65,,
1998-12-07,,,,,5.31,5.13,5.05,5.15,5.08,5.02,5.95,5.85,5.62,,
1998-12-08,,,,,5.35,5.11,5.05,5.13,5.1,5.0,5.92,5.78,5.57,,
1998-12-09,,,,,5.32,5.15,5.05,5.15,5.09,4.98,5.85,5.66,5.66,,
1998-12-10,,,,,5.36,5.14,5.06,5.15,5.09,4.99,5.85,5.62,5.49,,
1998-12-11,,,,,5.29,5.12,5.03,5.23,5.09,5.03,5.87,5.75,5.5,,
1998-12-14,,,,,5.32,5.14,5.06,5.22,5.11,5.0,5.94,5.72,5.52,,
1998-12-15,,,,,5.34,5.14,5.04,5.24,5.13,5.0,5.95,5.7,5.45,,
1998-12-16,,,,,5.35,5.13,5.04,5.29,5.15,4.99,5.93,5.64,5.62,,
1998-12-17,,,,,5.37,5.16,5.03,5.24,5.13,5.01,5.9,5.82,5.39,,
1998-12-18,,,,,5.38,5.12,5.01,5.3,5.11,5.0,5.95,5.65,5.48,,
1998-12-21,,,,,5.4,5.14,5.03,5.37,5.14,5.01,5.99,5.89,5.52,,
1998-12-22,,,,,5.43,5.14,5.07,5.45,5.24,5.0,5.96,5.65,5.67,,
1998-12-23,,,,,5.51,5.12,5.06,5.47,5.18,5.02,5.9,5.79,5.57,,
1998-12-24,,,,,5.43,5.17,5.09,5.47,5.25,5.03,5.9,5.7,5.57,,
1998-12-25,,,,,,,,,,,,,,,
1998-12-28,,,,,5.54,5.16,5.24,5.4,5.19,5.03,5.92,5.59,5.57,,
1998-12-29,,,,,5.47,5.23,5.1,5.44,5.07,5.07,5.8,5.7,5.41,,
1998-12-30,,,,,5.08,4.96,4.92,5.22,4.96,4.86,5.96,5.2,5.4,,
1998-12-31,,,,,4.73,4.81,4.8,4.9,4.85,4.84,5.19,5.22,5.22,,
1999-01-01,,,,,,,,,,,,,,,
1999-01-04,,,,,4.85,4.84,4.78,4.86,4.83,4.8,5.13,5.13,5.13,,
1999-01-05,,,,,4.89,4.86,4.84,4.83,4.83,4.8,5.13,5.1,5.09,,
1999-01-06,,,,,4.88,4.85,4.86,4.81,4.79,4.75,5.07,5.07,5.08,,
1999-01-07,,,,,4.85,4.84,4.86,4.78,4.79,4.79,5.04,5.05,5.04,,
1999-01-08,,,,,4.8,4.83,4.84,4.78,4.78,4.78,5.01,5.03,5.02,,
1999-01-11,,,,,4.86,4.84,4.85,4.82,4.78,4.8,5.02,5.03,5.06,,
1999-01-12,,,,,4.87,4.86,4.85,4.79,4.81,4.79,5.02,5.01,5.03,,
1999-01-13,,,,,4.85,4.8,4.84,4.81,4.78,4.8,5.02,5.01,5.0,,
1999-01-14,,,,,4.84,4.87,4.84,4.82,4.81,4.79,5.02,5.0,5.01,,
1999-01-15,,,,,4.84,4.82,4.8,4.82,4.79,4.78,5.02,5.0,4.98,,
1999-01-18,,,,,4.84,4.82,4.8,4.82,4.79,4.78,5.0,5.0,4.98,,
1999-01-19,,,,,4.82,4.79,4.8,4.8,4.78,4.77,5.01,5.0,4.99,,
1999-01-20,,,,,4.8,4.79,4.78,4.78,4.77,4.76,4.99,4.99,4.97,,
1999-01-21,,,,,4.8,4.79,4.78,4.78,4.77,4.76,4.98,4.97,4.98,,
1999-01-22,,,,,4.79,4.77,4.78,4.77,4.76,4.75,4.99,4.97,4.97,,
1999-01-25,,,,,4.8,4.76,4.77,4.78,4.76,4.74,4.97,4.98,5.01,,
1999-01-26,,,,,4.8,4.75,4.77,4.79,4.77,4.75,4.99,5.05,4.96,,
1999-01-27,,,,,4.83,4.79,4.78,4.8,4.77,4.75,5.0,4.99,4.97,,
1999-01-28,,,,,4.82,4.76,4.78,4.79,4.76,4.75,4.99,4.98,4.99,,
1999-01-29,,,,,4.8,4.8,4.78,4.78,4.76,4.74,4.96,5.0,4.98,,
1999-02-01,,,,,4.83,4.78,4.79,4.81,4.75,4.75,4.98,5.0,4.96,,
1999-02-02,,,,,4.81,4.78,4.79,4.79,4.79,4.76,4.98,5.0,5.0,,
1999-02-03,,,,,4.79,4.8,4.79,4.79,4.79,4.75,4.99,5.02,4.97,,
1999-02-04,,,,,4.79,4.8,4.81,4.79,4.78,4.76,4.98,5.01,4.99,,
1999-02-05,,,,,4.82,4.81,4.8,4.78,4.77,4.76,5.0,5.01,4.94,,
1999-02-08,,,,,4.81,4.81,4.81,4.8,4.79,4.78,4.98,4.98,4.99,,
1999-02-09,,,,,4.81,4.82,4.83,4.79,4.79,4.79,4.98,4.99,5.08,,
1999-02-10,,,,,4.82,4.81,4.83,4.79,4.8,4.78,4.98,4.99,5.0,,
1999-02-11,,,,,4.82,4.81,4.81,4.8,4.81,4.78,4.99,5.0,5.0,,
1999-02-12,,,,,4.8,4.82,4.82,4.8,4.79,4.79,4.99,5.0,5.0,,
1999-02-15,,,,,,,,,,,,,,,
1999-02-16,,,,,4.82,4.86,4.84,4.83,4.81,4.8,5.0,4.97,5.0,,
1999-02-17,,,,,4.88,4.83,4.8,4.82,4.81,4.79,4.99,5.03,5.0,,
1999-02-18,,,,,4.8,4.82,4.81,4.8,4.8,4.81,4.99,4.99,5.0,,
1999-02-19,,,,,4.82,4.82,4.82,4.79,4.8,4.8,4.99,5.01,5.0,,
1999-02-22,,,,,4.81,4.82,4.82,4.8,4.8,4.79,4.99,5.01,4.99,,
1999-02-23,,,,,4.82,4.83,4.81,4.8,4.81,4.81,5.0,5.01,4.98,,
1999-02-24,,,,,4.82,4.82,4.82,4.81,4.81,4.81,5.0,5.0,4.99,,
1999-02-25,,,,,4.84,4.85,4.85,4.83,4.84,4.81,4.99,5.01,5.02,,
1999-02-26,,,,,4.84,4.86,4.84,4.83,4.83,4.82,5.03,5.02,5.02,,
1999-03-01,,,,,4.85,4.87,4.85,4.85,4.83,4.83,5.04,5.01,5.04,,
1999-03-02,,,,,4.86,4.85,4.87,4.83,4.83,4.83,5.01,5.05,5.06,,
1999-03-03,,,,,4.83,4.84,4.87,4.83,4.84,4.83,5.03,5.05,5.06,,
1999-03-04,,,,,4.84,4.84,4.87,4.81,4.84,4.82,5.02,5.02,5.03,,
1999-03-05,,,,,4.83,4.86,4.85,4.82,4.82,4.84,5.03,5.04,5.02,,
1999-03-08,,,,,4.85,4.83,4.83,4.81,4.82,4.82,5.03,5.04,5.02,,
1999-03-09,,,,,4.85,4.85,4.83,4.82,4.83,4.8,5.05,5.04,5.02,,
1999-03-10,,,,,4.84,4.83,4.85,4.83,4.82,4.81,5.03,5.03,5.04,,
1999-03-11,,,,,4.84,4.83,4.85,4.82,4.81,4.82,5.05,5.03,5.03,,
1999-03-12,,,,,4.83,4.84,4.83,4.81,4.81,4.81,5.05,5.03,5.03,,
1999-03-15,,,,,4.84,4.84,4.84,4.82,4.82,4.81,5.05,5.03,5.03,,
1999-03-16,,,,,4.83,4.83,4.84,4.82,4.81,4.81,5.04,5.05,5.06,,
1999-03-17,,,,,4.81,4.81,4.83,4.81,4.82,4.8,5.02,5.03,5.04,,
1999-03-18,,,,,4.83,4.84,4.82,4.81,4.82,4.81,5.03,5.04,5.04,,
1999-03-19,,,,,4.83,4.82,4.82,4.81,4.81,4.81,5.06,5.05,5.05,,
1999-03-22,,,,,4.83,4.83,4.82,4.81,4.8,4.82,5.05,5.03,5.06,,
1999-03-23,,,,,4.82,4.81,4.82,4.82,4.8,4.81,5.04,5.02,5.04,,
1999-03-24,,,,,4.83,4.83,4.83,4.81,4.8,4.81,5.06,5.05,5.04,,
1999-03-25,,,,,4.84,4.83,4.83,4.82,4.81,4.8,5.05,5.03,5.07,,
1999-03-26,,,,,4.84,4.84,4.82,4.84,4.81,4.81,5.06,5.03,5.0,,
1999-03-29,,,,,4.84,4.83,4.82,4.84,4.81,4.8,5.04,5.07,5.01,,
1999-03-30,,,,,4.84,4.82,4.84,4.84,4.83,4.82,5.04,5.04,5.05,,
1999-03-31,,,,,4.84,4.83,4.82,4.84,4.83,4.82,5.06,5.01,5.08,,
1999-04-01,,,,,4.85,4.84,4.84,4.85,4.81,4.8,5.03,5.02,5.05,,
1999-04-02,,,,,4.84,4.85,4.82,4.83,4.84,4.84,5.0,5.05,5.05,,
1999-04-05,,,,,4.85,4.83,4.82,4.82,4.8,4.81,5.03,5.03,5.04,,
1999-04-06,,,,,4.82,4.82,4.82,4.81,4.82,4.82,5.03,5.03,5.02,,
1999-04-07,,,,,4.82,4.82,4.82,4.81,4.8,4.8,5.0,5.02,5.03,,
1999-04-08,,,,,4.81,4.81,4.82,4.8,4.78,4.8,5.01,5.01,5.01,,
1999-04-09,,,,,4.8,4.8,4.81,4.79,4.79,4.79,5.01,5.04,5.02,,
1999-04-12,,,,,4.79,4.81,4.8,4.79,4.79,4.79,5.01,5.0,5.04,,
1999-04-13,,,,,4.8,4.83,4.81,4.78,4.78,4.79,5.01,5.0,5.05,,
1999-04-14,,,,,4.8,4.79,4.8,4.78,4.79,4.8,5.01,5.01,5.06,,
1999-04-15,,,,,4.79,4.81,4.8,4.79,4.78,4.8,5.03,5.01,5.01,,
1999-04-16,,,,,4.79,4.81,4.81,4.78,4.78,4.77,5.01,5.0,5.01,,
1999-04-19,,,,,4.79,4.81,4.8,4.78,4.78,4.79,5.01,4.98,5.04,,
1999-04-20,,,,,4.79,4.8,4.8,4.77,4.78,4.78,4.98,4.99,5.02,,
1999-04-21,,,,,4.78,4.79,4.81,4.75,4.77,4.8,4.99,5.01,5.01,,
1999-04-22,,,,,4.79,4.77,4.78,4.75,4.76,4.78,4.99,5.01,5.0,,
1999-04-23,,,,,4.77,4.77,4.78,4.74,4.76,4.76,4.99,5.0,5.0,,
1999-04-26,,,,,4.78,4.78,4.79,4.75,4.76,4.77,4.99,5.01,5.0,,
1999-04-27,,,,,4.79,4.78,4.79,4.77,4.76,4.73,4.97,4.99,5.04,,
1999-04-28,,,,,4.79,4.79,4.78,4.77,4.76,4.78,4.99,5.0,5.01,,
1999-04-29,,,,,4.79,4.78,4.79,4.78,4.77,4.79,4.98,5.0,5.0,,
1999-04-30,,,,,4.8,4.78,4.79,4.78,4.79,4.78,4.96,5.01,5.0,,
1999-05-03,,,,,4.81,4.8,4.82,4.8,4.77,4.78,4.98,5.01,5.0,,
1999-05-04,,,,,4.8,4.8,4.8,4.8,4.78,4.79,4.99,5.0,5.0,,
1999-05-05,,,,,4.79,4.8,4.79,4.79,4.79,4.8,4.97,5.01,5.0,,
1999-05-06,,,,,4.79,4.8,4.81,4.77,4.78,4.79,4.97,5.01,5.0,,
1999-05-07,,,,,4.79,4.8,4.8,4.77,4.79,4.79,4.99,5.01,5.01,,
1999-05-10,,,,,4.8,4.8,4.8,4.77,4.78,4.78,4.98,5.01,5.01,,
1999-05-11,,,,,4.79,4.8,4.8,4.77,4.78,4.79,4.99,5.01,5.01,,
1999-05-12,,,,,4.8,4.8,4.81,4.77,4.77,4.79,4.97,5.0,5.0,,
1999-05-13,,,,,4.78,4.8,4.82,4.78,4.78,4.79,4.98,5.0,5.02,,
1999-05-14,,,,,4.79,4.79,4.81,4.79,4.78,4.8,4.98,5.0,5.01,,
1999-05-17,,,,,4.81,4.81,4.82,4.8,4.82,4.83,5.03,5.0,5.03,,
1999-05-18,,,,,4.82,4.83,4.84,4.8,4.81,4.81,5.06,5.03,5.04,,
1999-05-19,,,,,4.82,4.85,4.86,4.81,4.86,4.85,5.05,5.06,5.04,,
1999-05-20,,,,,4.81,4.82,4.85,4.81,4.85,4.83,4.97,5.04,5.02,,
1999-05-21,,,,,4.81,4.83,4.85,4.79,4.82,4.84,4.98,5.02,5.1,,
1999-05-24,,,,,4.82,4.87,4.85,4.79,4.82,4.84,5.01,5.02,5.09,,
1999-05-25,,,,,4.8,4.82,4.86,4.79,4.82,4.83,5.03,5.0,5.04,,
1999-05-26,,,,,4.81,4.86,4.87,4.8,4.81,4.83,5.03,5.02,5.06,,
1999-05-27,,,,,4.82,4.86,4.87,4.82,4.82,4.85,5.02,5.04,5.02,,
1999-05-28,,,,,4.82,4.86,4.87,4.85,4.85,4.86,5.03,5.06,5.06,,
1999-05-31,,,,,,,,,,,,,,,
1999-06-01,,,,,4.83,4.92,4.92,4.83,4.85,4.86,5.08,5.12,5.15,,
1999-06-02,,,,,4.85,4.86,4.91,4.88,4.86,4.86,5.1,5.12,5.14,,
1999-06-03,,,,,4.83,4.9,4.92,4.84,4.88,4.89,5.08,5.1,5.12,,
1999-06-04,,,,,4.84,4.9,4.92,4.83,4.88,4.86,5.06,5.08,5.07,,
1999-06-07,,,,,4.85,4.93,4.94,4.82,4.88,4.91,5.08,5.1,5.12,,
1999-06-08,,,,,4.85,4.92,4.94,4.84,4.85,4.89,5.13,5.1,5.12,,
1999-06-09,,,,,4.88,4.9,4.95,4.84,4.88,4.9,5.14,5.13,5.15,,
1999-06-10,,,,,4.88,4.93,4.97,4.87,4.88,4.9,5.14,5.15,5.16,,
1999-06-11,,,,,4.92,4.99,5.0,4.88,4.89,4.91,5.17,5.18,5.19,,
1999-06-14,,,,,4.95,4.99,5.0,4.93,4.95,5.0,5.2,5.22,5.3,,
1999-06-15,,,,,4.98,5.01,5.03,4.94,5.01,5.0,5.23,5.24,5.28,,
1999-06-16,,,,,4.98,5.01,5.05,4.97,5.01,5.01,5.25,5.28,5.32,,
1999-06-17,,,,,4.96,5.03,5.07,4.96,4.98,4.99,5.26,5.27,5.31,,
1999-06-18,,,,,4.96,5.02,5.03,4.96,4.99,5.0,5.28,5.27,5.3,,
1999-06-21,,,,,4.98,5.0,5.08,4.96,5.03,5.0,5.25,5.31,5.33,,
1999-06-22,,,,,5.01,5.03,5.07,4.97,5.0,5.01,5.31,5.29,5.32,,
1999-06-23,,,,,5.03,5.07,5.12,4.99,5.06,5.03,5.31,5.3,5.31,,
1999-06-24,,,,,5.07,5.08,5.13,5.04,5.05,5.03,5.35,5.38,5.41,,
1999-06-25,,,,,5.08,5.11,5.13,5.08,5.11,5.06,5.32,5.38,5.38,,
1999-06-28,,,,,5.14,5.16,5.22,5.17,5.12,5.13,5.36,5.36,5.45,,
1999-06-29,,,,,5.16,5.17,5.19,5.18,5.13,5.12,5.37,5.35,5.43,,
1999-06-30,,,,,5.15,5.16,5.19,5.13,5.16,5.17,5.32,5.4,5.49,,
1999-07-01,,,,,5.09,5.12,5.13,5.08,5.1,5.11,5.34,5.38,5.43,,
1999-07-02,,,,,5.09,5.09,5.13,5.08,5.12,5.11,5.26,5.31,5.3,,
1999-07-05,,,,,,,,,,,,,,,
1999-07-06,,,,,5.08,5.1,5.16,5.09,5.1,5.13,5.27,5.29,5.36,,
1999-07-07,,,,,5.08,5.1,5.15,5.05,5.09,5.1,5.26,5.28,5.36,,
1999-07-08,,,,,5.07,5.11,5.17,5.05,5.06,5.1,5.25,5.28,5.34,,
1999-07-09,,,,,5.08,5.1,5.14,5.04,5.06,5.12,5.25,5.28,5.32,,
1999-07-12,,,,,5.07,5.1,5.16,5.06,5.08,5.09,5.25,5.27,5.33,,
1999-07-13,,,,,5.07,5.11,5.14,5.06,5.07,5.11,5.26,5.28,5.32,,
1999-07-14,,,,,5.07,5.1,5.14,5.05,5.08,5.1,5.25,5.29,5.36,,
1999-07-15,,,,,5.06,5.1,5.14,5.07,5.08,5.1,5.23,5.29,5.32,,
1999-07-16,,,,,5.08,5.09,5.17,5.06,5.08,5.12,5.25,5.27,5.33,,
1999-07-19,,,,,5.06,5.08,5.13,5.06,5.12,5.11,5.25,5.27,5.31,,
1999-07-20,,,,,5.07,5.08,5.12,5.03,5.08,5.11,5.2,5.25,5.28,,
1999-07-21,,,,,5.05,5.11,5.13,5.03,5.06,5.12,5.23,5.28,5.35,,
1999-07-22,,,,,5.06,5.12,5.12,5.02,5.07,5.09,5.3,5.27,5.37,,
1999-07-23,,,,,5.07,5.09,5.13,5.05,5.06,5.1,5.25,5.29,5.34,,
1999-07-26,,,,,5.08,5.1,5.13,5.07,5.08,5.1,5.26,5.3,5.32,,
1999-07-27,,,,,5.09,5.1,5.15,5.06,5.09,5.1,5.26,5.29,5.36,,
1999-07-28,,,,,5.08,5.12,5.13,5.06,5.08,5.1,5.27,5.29,5.32,,
1999-07-29,,,,,5.09,5.1,5.13,5.08,5.08,5.13,5.26,5.29,5.34,,
1999-07-30,,,,,5.11,5.1,5.16,5.09,5.12,5.15,5.28,5.31,5.34,,
1999-08-02,,,,,5.13,5.18,5.2,5.1,5.15,5.15,5.3,5.34,5.38,,
1999-08-03,,,,,5.12,5.19,5.2,5.11,5.15,5.16,5.29,5.35,5.4,,
1999-08-04,,,,,5.13,5.18,5.22,5.1,5.13,5.18,5.29,5.33,5.35,,
1999-08-05,,,,,5.11,5.18,5.2,5.12,5.18,5.18,5.28,5.34,5.38,,
1999-08-06,,,,,5.14,5.18,5.22,5.11,5.18,5.21,5.25,5.3,5.37,,
1999-08-09,,,,,5.15,5.2,5.28,5.14,5.17,5.23,5.32,5.4,5.42,,
1999-08-10,,,,,5.16,5.2,5.26,5.13,5.2,5.21,5.34,5.42,5.5,,
1999-08-11,,,,,5.16,5.23,5.27,5.14,5.2,5.23,5.33,5.42,5.44,,
1999-08-12,,,,,5.18,5.22,5.26,5.15,5.2,5.28,5.34,5.41,5.5,,
1999-08-13,,,,,5.19,5.23,5.27,5.16,5.21,5.25,5.35,5.45,5.52,,
1999-08-16,,,,,5.17,5.25,5.35,5.19,5.23,5.24,5.38,5.49,5.5,,
1999-08-17,,,,,5.21,5.25,5.33,5.18,5.27,5.3,5.4,5.49,5.58,,
1999-08-18,,,,,5.22,5.25,5.3,5.17,5.24,5.26,5.4,5.47,5.55,,
1999-08-19,,,,,5.21,5.27,5.3,5.18,5.22,5.27,5.39,5.42,5.58,,
1999-08-20,,,,,5.19,5.25,5.31,5.17,5.24,5.26,5.39,5.48,5.6,,
1999-08-23,,,,,5.24,5.29,5.32,5.2,5.24,5.3,5.43,5.54,5.52,,
1999-08-24,,,,,5.25,5.31,5.32,5.21,5.29,5.3,5.43,5.53,5.56,,
1999-08-25,,,,,5.28,5.31,5.31,5.25,5.3,5.3,5.44,5.5,5.59,,
1999-08-26,,,,,5.24,5.29,5.32,5.24,5.3,5.3,5.43,5.5,5.54,,
1999-08-27,,,,,5.27,5.3,5.32,5.25,5.28,5.32,5.43,5.5,5.54,,
1999-08-30,,,,,5.28,5.3,5.34,5.27,5.28,5.31,5.47,5.48,5.5,,
1999-08-31,,,,,5.29,5.31,5.32,5.28,5.29,5.3,5.49,5.5,5.57,,
1999-09-01,,,,,5.28,5.32,5.32,5.28,5.3,5.31,5.48,5.52,5.54,,
1999-09-02,,,,,5.29,5.31,5.32,5.28,5.31,5.31,5.48,5.48,5.55,,
1999-09-03,,,,,5.29,5.31,5.31,5.29,5.29,5.32,5.4,5.49,5.57,,
1999-09-06,,,,,,,,,,,,,,,
1999-09-07,,,,,5.3,5.32,5.32,5.27,5.29,5.31,5.46,5.52,5.53,,
1999-09-08,,,,,5.3,5.33,5.34,5.28,5.3,5.31,5.49,5.51,5.55,,
1999-09-09,,,,,5.29,5.29,5.31,5.27,5.28,5.3,5.46,5.5,5.58,,
1999-09-10,,,,,5.28,5.31,5.31,5.28,5.28,5.3,5.48,5.5,5.55,,
1999-09-13,,,,,5.29,5.3,5.3,5.28,5.29,5.3,5.5,5.46,5.54,,
1999-09-14,,,,,5.29,5.29,5.29,5.28,5.3,5.3,5.49,5.56,5.6,,
1999-09-15,,,,,5.28,5.31,5.3,5.28,5.29,5.3,5.51,5.5,5.63,,
1999-09-16,,,,,5.28,5.31,5.31,5.3,5.3,5.32,5.52,5.55,5.57,,
1999-09-17,,,,,5.28,5.32,5.33,5.28,5.3,5.44,5.49,5.5,5.73,,
1999-09-20,,,,,5.29,5.32,5.35,5.29,5.3,5.33,5.51,5.52,5.56,,
1999-09-21,,,,,5.3,5.31,5.33,5.29,5.3,5.33,5.52,5.54,5.57,,
1999-09-22,,,,,5.29,5.32,5.32,5.28,5.28,5.31,5.5,5.51,5.57,,
1999-09-23,,,,,5.29,5.31,5.33,5.29,5.3,5.33,5.53,5.54,5.57,,
1999-09-24,,,,,5.29,5.29,5.32,5.29,5.29,5.34,5.52,5.56,5.59,,
1999-09-27,,,,,5.28,5.29,5.31,5.29,5.29,5.32,5.56,5.57,5.6,,
1999-09-28,,,,,5.3,5.31,5.35,5.29,5.29,5.32,5.6,5.61,5.64,,
1999-09-29,,,,,5.31,5.32,5.31,5.29,5.28,5.29,5.52,5.61,5.62,,
1999-09-30,,,,,5.36,5.33,5.35,5.3,5.33,5.29,5.54,5.56,5.57,,
1999-10-01,,,,,5.32,5.33,5.29,5.29,5.31,5.27,5.53,5.55,5.6,,
1999-10-04,,,,,5.31,5.32,5.9,5.3,5.29,5.96,5.52,5.59,6.4,,
1999-10-05,,,,,5.31,5.3,5.89,5.31,5.3,6.01,5.54,5.57,6.37,,
1999-10-06,,,,,5.34,5.33,5.95,5.29,5.3,5.85,5.54,5.56,6.34,,
1999-10-07,,,,,5.3,5.35,5.95,5.29,5.3,5.83,5.52,5.57,6.35,,
1999-10-08,,,,,5.29,5.33,5.95,5.29,5.31,5.85,5.53,5.53,6.4,,
1999-10-11,,,,,,,,,,,,,,,
1999-10-12,,,,,5.31,5.33,5.93,5.28,5.33,5.83,5.57,5.57,6.37,,
1999-10-13,,,,,5.3,5.32,5.93,5.28,5.3,5.81,5.57,5.55,6.34,,
1999-10-14,,,,,5.29,5.3,6.0,5.28,5.3,5.9,5.53,5.54,6.26,,
1999-10-15,,,,,5.3,5.33,5.95,5.28,5.3,5.93,5.53,5.54,6.36,,
1999-10-18,,,,,5.29,5.34,6.0,5.28,5.3,5.94,5.52,5.56,6.38,,
1999-10-19,,,,,5.29,5.34,6.01,5.28,5.3,5.93,5.53,5.55,6.4,,
1999-10-20,,,,,5.27,5.3,5.96,5.27,5.3,5.95,5.53,5.62,6.44,,
1999-10-21,,,,,5.28,5.3,5.98,5.27,5.28,5.97,5.53,5.55,6.48,,
1999-10-22,,,,,5.25,5.28,5.98,5.24,5.3,5.99,5.53,5.55,6.52,,
1999-10-25,,,,,5.28,5.3,5.96,5.26,5.29,5.9,5.52,5.56,6.46,,
1999-10-26,,,,,5.27,5.3,6.04,5.26,5.28,5.94,5.55,5.55,6.5,,
1999-10-27,,,,,5.28,5.32,5.97,5.26,5.3,5.9,5.51,5.54,6.45,,
1999-10-28,,,,,5.29,5.31,5.96,5.29,5.3,5.9,5.51,5.58,6.47,,
1999-10-29,,,,,5.29,5.31,5.93,5.29,5.31,5.88,5.51,5.58,6.48,,
1999-11-01,,,,,5.29,5.33,5.92,5.28,5.3,5.87,5.53,5.57,6.42,,
1999-11-02,,,,,5.3,6.0,5.95,5.28,5.95,5.91,5.5,6.45,6.4,,
1999-11-03,,,,,5.28,5.99,5.95,5.27,5.88,5.91,5.49,6.4,6.42,,
1999-11-04,,,,,5.29,5.98,5.93,5.27,5.89,5.86,5.52,6.37,6.4,,
1999-11-05,,,,,5.3,5.95,5.86,5.27,5.89,5.83,5.5,6.35,6.44,,
1999-11-08,,,,,5.28,5.84,5.86,5.25,5.86,5.8,5.5,6.35,6.36,,
1999-11-09,,,,,5.29,5.85,5.83,5.25,5.83,5.79,5.5,6.36,6.38,,
1999-11-10,,,,,5.28,5.8,5.8,5.26,5.82,5.75,5.5,6.39,6.44,,
1999-11-11,,,,,,,,,,,,,,,
1999-11-12,,,,,5.27,5.84,5.79,5.27,5.8,5.76,5.5,6.33,6.21,,
1999-11-15,,,,,5.33,5.82,5.84,5.31,5.84,5.8,5.55,6.34,6.2,,
1999-11-16,,,,,5.38,5.85,5.83,5.39,5.84,5.82,5.6,6.38,6.38,,
1999-11-17,,,,,5.49,5.84,5.85,5.47,5.84,5.78,5.66,6.44,6.42,,
1999-11-18,,,,,5.48,5.85,5.83,5.47,5.8,5.77,5.63,6.37,6.4,,
1999-11-19,,,,,5.48,5.83,5.81,5.46,5.8,5.8,5.61,6.35,6.47,,
1999-11-22,,,,,5.47,5.83,5.8,5.46,5.82,5.79,5.72,6.4,6.47,,
1999-11-23,,,,,5.48,5.84,5.82,5.46,5.83,5.77,5.68,6.35,6.37,,
1999-11-24,,,,,5.48,5.8,5.83,5.47,5.81,5.77,5.66,6.3,6.5,,
1999-11-25,,,,,,,,,,,,,,,
1999-11-26,,,,,5.48,5.9,5.82,5.5,5.83,5.77,5.97,6.35,6.35,,
1999-11-29,,,,,5.52,5.89,5.83,5.49,5.84,5.85,5.75,6.43,6.55,,
1999-11-30,,,,,5.46,5.91,5.88,5.47,5.87,5.81,5.7,6.38,6.39,,
1999-12-01,,,,,5.51,5.88,5.91,5.49,5.89,5.82,5.66,6.42,6.36,,
1999-12-02,,,,,5.87,5.94,5.88,5.85,5.95,5.84,6.52,6.35,6.48,,
1999-12-03,,,,,5.88,5.93,5.92,5.85,5.89,5.84,6.5,6.45,6.51,,
1999-12-06,,,,,5.91,5.92,5.9,5.85,5.83,5.84,6.54,6.42,6.56,,
1999-12-07,,,,,5.97,5.94,5.92,5.85,5.84,5.89,6.52,6.36,6.38,,
1999-12-08,,,,,5.93,5.98,5.93,5.89,5.84,5.82,6.48,6.38,6.35,,
1999-12-09,,,,,5.97,5.95,5.84,5.92,5.87,5.84,6.55,6.44,6.35,,
1999-12-10,,,,,5.97,6.01,5.9,5.89,5.9,5.82,6.56,6.46,6.35,,
1999-12-13,,,,,6.04,6.03,5.89,6.0,5.92,5.78,6.59,6.57,6.43,,
1999-12-14,,,,,6.16,6.06,5.98,6.03,6.01,5.92,6.48,6.5,6.48,,
1999-12-15,,,,,6.29,6.13,6.02,6.06,6.09,5.97,6.74,6.54,6.65,,
1999-12-16,,,,,6.32,6.0,5.98,6.33,6.02,5.87,6.72,6.6,6.45,,
1999-12-17,,,,,6.33,6.03,6.02,6.38,6.02,5.93,6.72,6.56,6.6,,
1999-12-20,,,,,6.36,6.1,6.03,6.3,6.01,5.93,6.82,6.45,6.74,,
1999-12-21,,,,,6.4,6.14,6.0,6.35,6.09,6.01,7.02,6.41,6.72,,
1999-12-22,,,,,6.38,6.1,6.09,6.32,6.09,6.02,7.16,6.6,6.45,,
1999-12-23,,,,,6.45,5.99,6.02,6.36,6.1,6.05,7.1,6.41,6.53,,
1999-12-24,,,,,,,,,,,,,,,
1999-12-27,,,,,6.4,6.09,6.0,6.46,6.04,6.03,7.15,6.36,6.53,,
1999-12-28,,,,,6.31,6.03,6.13,6.3,6.09,6.03,7.32,6.6,6.2,,
1999-12-29,,,,,5.58,5.62,5.71,5.47,5.55,5.68,6.52,6.6,6.2,,
1999-12-30,,,,,5.06,5.55,5.6,5.2,5.41,5.41,6.0,6.0,6.2,,
1999-12-31,,,,,5.35,5.55,5.71,5.13,5.55,5.75,5.75,5.85,6.2,,
2000-01-03,,,,,5.59,5.66,5.77,5.51,5.53,5.6,5.8,5.9,6.02,,
2000-01-04,,,,,5.6,5.68,5.8,5.51,5.6,5.65,5.83,5.88,6.0,,
2000-01-05,,,,,5.59,5.71,5.81,5.57,5.61,5.74,5.77,5.92,6.05,,
2000-01-06,,,,,5.58,5.71,5.83,5.55,5.58,5.65,5.78,5.86,5.98,,
2000-01-07,,,,,5.53,5.65,5.79,5.54,5.64,5.66,5.75,5.87,5.96,,
2000-01-10,,,,,5.57,5.71,5.79,5.52,5.64,5.67,5.84,5.95,5.96,,
2000-01-11,,,,,5.61,5.7,5.85,5.57,5.65,5.7,5.83,5.89,5.94,,
2000-01-12,,,,,5.57,5.73,5.78,5.58,5.68,5.71,5.81,5.8,5.95,,
2000-01-13,,,,,5.62,5.68,5.81,5.58,5.67,5.73,5.8,5.92,6.0,,
2000-01-14,,,,,5.56,5.69,5.79,5.56,5.66,5.74,5.8,5.89,5.98,,
2000-01-17,,,,,,,,,,,,,,,
2000-01-18,,,,,5.65,5.72,5.77,5.59,5.68,5.77,5.86,5.98,6.0,,
2000-01-19,,,,,5.66,5.74,5.82,5.62,5.7,5.78,5.82,5.92,6.02,,
2000-01-20,,,,,5.66,5.73,5.82,5.61,5.69,5.75,5.83,5.92,5.96,,
2000-01-21,,,,,5.63,5.73,5.84,5.62,5.69,5.79,5.82,5.91,5.97,,
2000-01-24,,,,,5.63,5.74,5.8,5.63,5.69,5.76,5.83,5.93,6.0,,
2000-01-25,,,,,5.65,5.76,5.82,5.6,5.7,5.78,5.85,5.9,6.15,,
2000-01-26,,,,,5.65,5.73,5.79,5.65,5.7,5.81,5.84,5.89,6.0,,
2000-01-27,,,,,5.68,5.74,5.85,5.64,5.71,5.82,5.85,5.98,6.15,,
2000-01-28,,,,,5.66,5.75,5.85,5.69,5.74,5.8,5.92,5.94,6.03,,
2000-01-31,,,,,5.73,5.78,5.84,5.74,5.76,5.83,5.94,5.97,6.11,,
2000-02-01,,,,,5.84,5.83,5.88,5.79,5.82,5.84,5.99,6.03,6.09,,
2000-02-02,,,,,5.8,5.83,5.9,5.78,5.82,5.89,5.98,6.0,6.13,,
2000-02-03,,,,,5.8,5.82,5.89,5.76,5.8,5.86,5.96,5.98,6.15,,
2000-02-04,,,,,5.78,5.82,5.91,5.76,5.8,5.85,5.94,6.01,6.19,,
2000-02-07,,,,,5.77,5.84,5.9,5.74,5.81,5.87,5.94,6.02,6.11,,
2000-02-08,,,,,5.77,5.84,5.89,5.75,5.81,5.86,5.95,6.02,6.09,,
2000-02-09,,,,,5.77,5.84,5.88,5.75,5.79,5.87,5.94,6.03,6.07,,
2000-02-10,,,,,5.77,5.84,5.88,5.75,5.8,5.85,5.95,6.01,6.12,,
2000-02-11,,,,,5.75,5.82,5.87,5.75,5.79,5.86,5.94,6.04,6.07,,
2000-02-14,,,,,5.78,5.83,5.91,5.75,5.8,5.85,5.96,6.04,6.1,,
2000-02-15,,,,,5.77,5.84,5.89,5.76,5.8,5.85,5.98,6.07,6.09,,
2000-02-16,,,,,5.77,5.83,5.91,5.75,5.81,5.86,5.95,6.04,6.11,,
2000-02-17,,,,,5.76,5.84,5.9,5.76,5.79,5.87,5.96,6.01,6.07,,
2000-02-18,,,,,5.76,5.84,5.9,5.75,5.82,5.87,5.97,6.0,6.11,,
2000-02-21,,,,,,,,,,,,,,,
2000-02-22,,,,,5.77,5.84,5.91,5.76,5.84,5.87,5.97,6.04,6.0,,
2000-02-23,,,,,5.76,5.9,5.93,5.75,5.83,5.87,5.96,6.02,6.1,,
2000-02-24,,,,,5.79,5.86,5.92,5.78,5.83,5.89,5.95,6.03,6.07,,
2000-02-25,,,,,5.76,5.86,5.92,5.75,5.82,5.88,5.99,6.05,6.07,,
2000-02-28,,,,,5.78,5.86,5.92,5.77,5.84,5.89,5.98,6.03,6.07,,
2000-02-29,,,,,5.78,5.87,5.92,5.75,5.84,5.88,5.97,6.07,6.12,,
2000-03-01,,,,,5.78,5.88,5.94,5.77,5.85,5.89,5.98,6.03,6.13,,
2000-03-02,,,,,5.81,5.87,5.93,5.79,5.85,5.92,6.01,6.06,6.1,,
2000-03-03,,,,,5.82,5.9,5.94,5.8,5.85,5.88,6.02,6.13,6.15,,
2000-03-06,,,,,5.84,5.89,5.93,5.82,5.85,5.88,6.03,6.06,6.15,,
2000-03-07,,,,,5.84,5.9,5.94,5.81,5.86,5.9,6.03,6.11,6.13,,
2000-03-08,,,,,5.84,5.89,5.95,5.83,5.87,5.9,6.04,6.09,6.14,,
2000-03-09,,,,,5.86,5.9,5.95,5.82,5.89,5.92,6.07,6.1,6.14,,
2000-03-10,,,,,5.86,5.91,5.97,5.86,5.89,5.94,6.06,6.14,6.18,,
2000-03-13,,,,,5.88,5.93,5.99,5.89,5.92,5.96,6.08,6.13,6.21,,
2000-03-14,,,,,5.94,5.94,6.0,5.91,5.94,6.0,6.09,6.15,6.16,,
2000-03-15,,,,,5.94,5.96,6.02,5.94,5.95,5.97,6.1,6.14,6.22,,
2000-03-16,,,,,5.96,6.0,6.03,5.95,5.99,6.03,6.12,6.2,6.26,,
2000-03-17,,,,,5.99,6.01,6.07,5.97,6.02,6.03,6.14,6.2,6.22,,
2000-03-20,,,,,6.01,6.05,6.09,6.0,6.03,6.04,6.17,6.23,6.25,,
2000-03-21,,,,,6.04,6.07,6.09,6.0,6.04,6.04,6.18,6.23,6.25,,
2000-03-22,,,,,6.03,6.05,6.09,6.01,6.04,6.05,6.18,6.2,6.28,,
2000-03-23,,,,,6.01,6.03,6.08,6.01,6.02,6.05,6.17,6.2,6.25,,
2000-03-24,,,,,6.01,6.03,6.06,6.01,6.02,6.06,6.19,6.21,6.22,,
2000-03-27,,,,,6.02,6.04,6.13,6.03,6.04,6.07,6.2,6.23,6.25,,
2000-03-28,,,,,6.02,6.05,6.11,6.03,6.04,6.09,6.24,6.24,6.29,,
2000-03-29,,,,,6.04,6.05,6.14,6.03,6.05,6.1,6.23,6.25,6.28,,
2000-03-30,,,,,6.04,6.05,6.08,6.04,6.04,6.08,6.25,6.3,6.38,,
2000-03-31,,,,,6.05,6.04,6.11,6.05,6.05,6.09,6.26,6.28,6.31,,
2000-04-03,,,,,6.03,6.11,6.13,6.04,6.06,6.1,6.24,6.27,6.22,,
2000-04-04,,,,,6.03,6.05,6.1,6.02,6.05,6.11,6.21,6.23,6.29,,
2000-04-05,,,,,6.02,6.03,6.07,6.0,6.02,6.09,6.22,6.24,6.27,,
2000-04-06,,,,,6.01,6.05,6.1,6.0,6.03,6.08,6.19,6.25,6.28,,
2000-04-07,,,,,6.0,6.04,6.12,5.99,6.02,6.09,6.19,6.25,6.26,,
2000-04-10,,,,,6.02,6.05,6.1,6.0,6.02,6.07,6.19,6.23,6.28,,
2000-04-11,,,,,6.03,6.05,6.08,6.0,6.02,6.08,6.2,6.25,6.31,,
2000-04-12,,,,,6.01,6.04,6.13,6.0,6.03,6.1,6.19,6.24,6.32,,
2000-04-13,,,,,6.02,6.04,6.12,6.0,6.03,6.07,6.21,6.23,6.29,,
2000-04-14,,,,,6.0,6.06,6.14,6.0,6.03,6.08,6.2,6.24,6.3,,
2000-04-17,,,,,6.02,6.06,6.16,6.01,6.06,6.1,6.2,6.24,6.29,,
2000-04-18,,,,,6.02,6.04,6.1,6.02,6.06,6.11,6.21,6.27,6.37,,
2000-04-19,,,,,6.02,6.06,6.14,6.0,6.06,6.12,6.21,6.26,6.29,,
2000-04-20,,,,,6.02,6.07,6.16,6.01,6.06,6.13,6.22,6.27,6.3,,
2000-04-21,,,,,,,,,,,,,,,
2000-04-24,,,,,6.02,6.07,6.17,6.02,6.06,6.12,6.21,6.23,6.27,,
2000-04-25,,,,,6.04,6.07,6.18,6.02,6.08,6.12,6.21,6.23,6.33,,
2000-04-26,,,,,6.04,6.14,6.21,6.04,6.1,6.17,6.25,6.3,6.37,,
2000-04-27,,,,,6.05,6.16,6.25,6.09,6.12,6.2,6.25,6.34,6.38,,
2000-04-28,,,,,6.12,6.21,6.34,6.12,6.19,6.24,6.29,6.39,6.5,,
2000-05-01,,,,,6.17,6.27,6.38,6.17,6.25,6.32,6.35,6.42,6.55,,
2000-05-02,,,,,6.22,6.3,6.4,6.22,6.31,6.33,6.44,6.5,6.56,,
2000-05-03,,,,,6.25,6.4,6.42,6.24,6.31,6.41,6.45,6.52,6.57,,
2000-05-04,,,,,6.29,6.42,6.44,6.28,6.36,6.44,6.53,6.58,6.64,,
2000-05-05,,,,,6.33,6.43,6.5,6.28,6.4,6.53,6.57,6.67,6.74,,
2000-05-08,,,,,6.35,6.46,6.54,6.34,6.42,6.53,6.6,6.7,6.79,,
2000-05-09,,,,,6.38,6.46,6.56,6.36,6.44,6.52,6.64,6.68,6.78,,
2000-05-10,,,,,6.4,6.45,6.57,6.37,6.45,6.55,6.65,6.73,6.76,,
2000-05-11,,,,,6.4,6.48,6.6,6.37,6.46,6.54,6.66,6.76,6.85,,
2000-05-12,,,,,6.42,6.5,6.56,6.4,6.48,6.55,6.72,6.79,6.87,,
2000-05-15,,,,,6.46,6.52,6.61,6.47,6.52,6.59,6.74,6.85,6.97,,
2000-05-16,,,,,6.5,6.54,6.62,6.49,6.52,6.57,6.79,6.87,7.0,,
2000-05-17,,,,,6.5,6.56,6.64,6.47,6.52,6.56,6.78,6.85,7.0,,
2000-05-18,,,,,6.5,6.54,6.62,6.46,6.52,6.61,6.79,6.85,6.94,,
2000-05-19,,,,,6.49,6.57,6.65,6.47,6.53,6.62,6.78,6.85,6.94,,
2000-05-22,,,,,6.5,6.59,6.65,6.48,6.53,6.62,6.78,6.84,6.96,,
2000-05-23,,,,,6.48,6.57,6.64,6.48,6.54,6.61,6.78,6.86,6.91,,
2000-05-24,,,,,6.49,6.54,6.64,6.48,6.55,6.62,6.78,6.84,6.94,,
2000-05-25,,,,,6.48,6.58,6.63,6.48,6.54,6.6,6.8,6.9,6.91,,
2000-05-26,,,,,6.49,6.56,6.65,6.49,6.55,6.58,6.79,6.86,6.94,,
2000-05-29,,,,,,,,,,,,,,,
2000-05-30,,,,,6.48,6.58,6.65,6.49,6.55,6.62,6.79,6.86,6.99,,
2000-05-31,,,,,6.51,6.62,6.65,6.5,6.6,6.63,6.81,6.91,7.03,,
2000-06-01,,,,,6.5,6.61,6.68,6.51,6.61,6.65,6.83,6.95,7.0,,
2000-06-02,,,,,6.49,6.57,6.61,6.51,6.56,6.57,6.81,6.86,6.93,,
2000-06-05,,,,,6.53,6.57,6.6,6.53,6.53,6.56,6.8,6.86,6.9,,
2000-06-06,,,,,6.5,6.56,6.58,6.5,6.54,6.58,6.79,6.87,6.91,,
2000-06-07,,,,,6.52,6.55,6.6,6.5,6.53,6.56,6.82,6.86,,,
2000-06-08,,,,,6.49,6.56,6.59,6.5,6.53,6.56,6.78,6.88,6.92,,
2000-06-09,,,,,6.52,6.53,6.58,6.51,6.53,6.57,6.78,6.89,6.9,,
2000-06-12,,,,,6.52,6.55,6.59,6.52,6.54,6.57,6.82,6.84,6.89,,
2000-06-13,,,,,6.51,6.55,6.6,6.53,6.53,6.57,6.79,6.8,6.87,,
2000-06-14,,,,,6.52,6.55,6.59,6.51,6.53,6.56,6.79,6.84,6.98,,
2000-06-15,,,,,6.53,6.55,6.58,6.53,6.53,6.58,6.81,6.84,6.93,,
2000-06-16,,,,,6.52,6.54,6.58,6.52,6.54,6.56,6.81,6.88,6.91,,
2000-06-19,,,,,6.53,6.55,6.59,6.53,6.54,6.6,6.82,6.87,6.93,,
2000-06-20,,,,,6.54,6.54,6.57,6.54,6.54,6.56,6.81,6.85,6.91,,
2000-06-21,,,,,6.54,6.54,6.56,6.54,6.54,6.56,6.82,6.86,6.9,,
2000-06-22,,,,,6.58,6.55,6.57,6.54,6.54,6.58,6.83,6.85,6.93,,
2000-06-23,,,,,6.55,6.56,6.55,6.54,6.55,6.56,6.82,6.87,6.9,,
2000-06-26,,,,,6.57,6.58,6.57,6.56,6.56,6.56,6.9,6.88,6.9,,
2000-06-27,,,,,6.56,6.6,6.59,6.56,6.56,6.58,6.9,6.85,6.93,,
2000-06-28,,,,,6.58,6.6,6.61,6.58,6.57,6.58,6.89,6.9,6.87,,
2000-06-29,,,,,6.54,6.56,6.58,6.59,6.56,6.58,6.97,6.89,6.9,,
2000-06-30,,,,,6.56,6.57,6.58,6.59,6.57,6.58,6.96,6.89,6.88,,
2000-07-03,,7.03,,,6.56,6.56,6.55,6.56,6.57,6.55,6.84,6.84,6.92,,
2000-07-04,,,,,,,,,,,,,,,
2000-07-05,,6.52,,,6.52,6.53,6.55,6.51,6.51,6.53,6.8,6.85,6.86,,
2000-07-06,,6.51,,,6.53,6.52,6.55,6.51,6.51,6.53,6.77,6.81,6.86,,
2000-07-07,,6.42,,,6.51,6.51,6.55,6.49,6.5,6.51,6.76,6.83,6.84,,
2000-07-10,,6.51,,,6.5,6.51,6.53,6.49,6.49,6.5,6.76,6.78,6.82,,
2000-07-11,,6.39,,,6.5,6.5,6.54,6.49,6.51,6.53,6.75,6.8,6.81,,
2000-07-12,,6.38,,,6.5,6.51,6.52,6.51,6.5,6.51,6.74,6.77,6.85,,
2000-07-13,,6.5,,,6.49,6.5,6.53,6.47,6.49,6.51,6.71,6.78,6.81,,
2000-07-14,,6.51,,,6.49,6.48,6.52,6.47,6.49,6.52,6.7,6.78,6.8,,
2000-07-17,,6.58,,,6.49,6.52,6.55,6.5,6.51,6.51,6.73,6.75,6.81,,
2000-07-18,,6.47,,,6.5,6.52,6.53,6.48,6.5,6.53,6.75,6.77,6.8,,
2000-07-19,,6.45,,,6.5,6.52,6.54,6.49,6.5,6.52,6.73,6.76,6.8,,
2000-07-20,,6.52,,,6.48,6.51,6.54,6.48,6.48,6.51,6.72,6.74,6.75,,
2000-07-21,,6.51,,,6.48,6.5,6.51,6.5,6.48,6.51,6.72,6.74,6.77,,
2000-07-24,,6.52,,,6.48,6.5,6.55,6.48,6.49,6.5,6.71,6.74,6.77,,
2000-07-25,,6.46,,,6.5,6.5,6.54,6.47,6.48,6.54,6.71,6.75,6.81,,
2000-07-26,,6.49,,,6.49,6.49,6.52,6.46,6.49,6.5,6.74,6.79,6.77,,
2000-07-27,,6.52,,,6.5,6.5,6.53,6.46,6.48,6.5,6.71,6.74,6.75,,
2000-07-28,,6.44,,,6.5,6.52,6.52,6.48,6.47,6.5,6.72,6.71,6.86,,
2000-07-31,,6.64,,,6.5,6.5,6.53,6.5,6.5,6.5,6.72,6.75,6.8,,
2000-08-01,,6.51,,,6.5,6.52,6.54,6.5,6.5,6.52,6.73,6.76,6.86,,
2000-08-02,,6.42,,,6.5,6.51,6.52,6.5,6.51,6.52,6.72,6.79,6.8,,
2000-08-03,,6.45,,,6.5,6.51,6.54,6.48,6.5,6.51,6.74,6.72,6.83,,
2000-08-04,,6.44,,,6.49,6.47,6.47,6.48,6.49,6.49,6.72,6.72,6.74,,
2000-08-07,,6.46,,,6.49,6.48,6.49,6.47,6.48,6.5,6.69,6.72,6.73,,
2000-08-08,,6.44,,,6.48,6.49,6.49,6.47,6.47,6.49,6.71,6.72,6.74,,
2000-08-09,,6.48,,,6.48,6.5,6.51,6.49,6.49,6.51,6.69,6.69,6.75,,
2000-08-10,,6.52,,,6.48,6.48,6.46,6.46,6.48,6.49,6.7,6.7,6.78,,
2000-08-11,,6.5,,,6.48,6.46,6.46,6.46,6.49,6.46,6.67,6.76,6.69,,
2000-08-14,,6.58,,,6.5,6.49,6.49,6.46,6.47,6.48,6.7,6.73,6.7,,
2000-08-15,,6.63,,,6.49,6.49,6.5,6.49,6.47,6.48,6.7,6.71,6.72,,
2000-08-16,,6.48,,,6.49,6.49,6.47,6.47,6.48,6.47,6.68,6.71,6.76,,
2000-08-17,,6.47,,,6.48,6.49,6.49,6.47,6.48,6.47,6.69,6.71,6.73,,
2000-08-18,,6.44,,,6.5,6.5,6.48,6.47,6.47,6.48,6.69,6.73,6.73,,
2000-08-21,,6.48,,,6.48,6.49,6.5,6.48,6.47,6.47,6.7,6.73,6.72,,
2000-08-22,,6.42,,,6.48,6.49,6.49,6.46,6.47,6.5,6.7,6.71,6.71,,
2000-08-23,,6.5,,,6.48,6.48,6.49,6.47,6.47,6.48,6.69,6.73,6.75,,
2000-08-24,,6.56,,,6.49,6.48,6.49,6.46,6.48,6.47,6.7,6.74,6.74,,
2000-08-25,,6.54,,,6.46,6.48,6.48,6.47,6.47,6.48,6.73,6.74,6.72,,
2000-08-28,,6.57,,,6.47,6.49,6.5,6.47,6.47,6.47,6.7,6.74,6.75,,
2000-08-29,,6.51,,,6.5,6.5,6.49,6.47,6.48,6.48,6.7,6.73,6.75,,
2000-08-30,,6.51,,,6.5,6.48,6.48,6.48,6.48,6.48,6.7,6.73,6.73,,
2000-08-31,,6.65,,,6.49,6.49,6.48,6.49,6.49,6.48,6.69,6.72,6.75,,
2000-09-01,,6.52,,,6.39,6.48,6.48,6.48,6.48,6.47,6.7,6.74,6.8,,
2000-09-04,,,,,,,,,,,,,,,
2000-09-05,,6.61,,,6.5,6.51,6.48,6.48,6.47,6.46,6.69,6.69,6.71,,
2000-09-06,,6.56,,,6.5,6.49,6.46,6.48,6.47,6.46,6.7,6.71,6.71,,
2000-09-07,,6.53,,,6.48,6.48,6.47,6.47,6.47,6.47,6.69,6.71,6.69,,
2000-09-08,,6.5,,,6.49,6.47,6.48,6.46,6.48,6.47,6.72,6.7,6.67,,
2000-09-11,,6.5,,,6.5,6.47,6.49,6.48,6.47,6.47,6.68,6.68,6.69,,
2000-09-12,,6.47,,,6.48,6.49,6.48,6.48,6.48,6.47,6.7,6.69,6.73,,
2000-09-13,,6.47,,,6.49,6.46,6.47,6.47,6.46,6.46,6.7,6.71,6.75,,
2000-09-14,,6.5,,,6.5,6.48,6.46,6.48,6.48,6.47,6.68,6.7,6.69,,
2000-09-15,,6.55,,,6.49,6.48,6.47,6.5,6.47,6.47,6.7,6.71,6.72,,
2000-09-18,,6.44,,,6.51,6.5,6.47,6.48,6.47,6.47,6.72,6.74,6.69,,
2000-09-19,,6.4,,,6.5,6.47,6.47,6.48,6.47,6.47,6.7,6.72,6.67,,
2000-09-20,,6.5,,,6.49,6.47,6.45,6.47,6.46,6.47,6.69,6.68,6.75,,
2000-09-21,,6.53,,,6.49,6.48,6.45,6.49,6.47,6.46,6.7,6.72,6.7,,
2000-09-22,,6.48,,,6.49,6.46,6.46,6.49,6.47,6.45,6.77,6.72,6.71,,
2000-09-25,,6.54,,,6.5,6.47,6.48,6.48,6.46,6.47,6.74,6.72,6.66,,
2000-09-26,,6.5,,,6.49,6.49,6.46,6.49,6.49,6.47,6.74,6.71,6.75,,
2000-09-27,,6.5,,,6.5,6.49,6.49,6.49,6.48,6.46,6.72,6.76,6.72,,
2000-09-28,,6.59,,,6.49,6.48,6.46,6.52,6.48,6.47,6.7,6.73,6.76,,
2000-09-29,,6.6,,,6.49,6.47,6.47,6.49,6.49,6.47,6.74,6.71,6.61,,
2000-10-02,,6.68,,,6.52,6.48,6.46,6.5,6.48,6.51,6.71,6.72,6.78,,
2000-10-03,,6.46,,,6.5,6.48,6.48,6.48,6.49,6.5,6.69,6.7,6.72,,
2000-10-04,,6.51,,,6.49,6.5,6.52,6.48,6.47,6.5,6.69,6.71,6.78,,
2000-10-05,,6.54,,,6.49,6.48,6.53,6.47,6.49,6.5,6.73,6.71,6.8,,
2000-10-06,,6.43,,,6.47,6.46,6.52,6.47,6.47,6.51,6.69,6.72,6.78,,
2000-10-09,,,,,,,,,,,,,,,
2000-10-10,,6.57,,,6.47,6.48,6.55,6.47,6.47,6.53,6.74,6.69,6.81,,
2000-10-11,,6.46,,,6.48,6.48,6.55,6.47,6.46,6.52,6.7,6.7,6.79,,
2000-10-12,,6.47,,,6.46,6.47,6.53,6.48,6.48,6.52,6.68,6.69,6.82,,
2000-10-13,,6.46,,,6.48,6.47,6.55,6.46,6.48,6.51,6.68,6.69,6.8,,
2000-10-16,,6.59,,,6.48,6.48,6.53,6.47,6.46,6.52,6.68,6.7,6.83,,
2000-10-17,,6.45,,,6.48,6.46,6.53,6.46,6.47,6.51,6.7,6.7,6.82,,
2000-10-18,,6.53,,,6.48,6.45,6.54,6.46,6.48,6.53,6.69,6.7,6.85,,
2000-10-19,,6.54,,,6.47,6.45,6.53,6.47,6.49,6.52,6.7,6.69,6.81,,
2000-10-20,,6.5,,,6.48,6.46,6.53,6.47,6.5,6.51,6.69,6.72,6.84,,
2000-10-23,,6.53,,,6.47,6.46,6.52,6.47,6.47,6.5,6.72,6.73,6.85,,
2000-10-24,,6.49,,,6.47,6.47,6.53,6.47,6.48,6.5,6.7,6.72,6.85,,
2000-10-25,,6.53,,,6.48,6.46,6.52,6.48,6.48,6.51,6.68,6.71,6.85,,
2000-10-26,,6.53,,,6.48,6.46,6.51,6.48,6.49,6.5,6.72,6.8,6.83,,
2000-10-27,,6.51,,,6.48,6.46,6.53,6.47,6.47,6.49,6.69,6.69,6.84,,
2000-10-30,,6.59,,,6.48,6.49,6.52,6.5,6.46,6.51,6.73,6.75,6.91,,
2000-10-31,,6.59,,,6.49,6.47,6.5,6.51,6.5,6.5,6.74,6.76,6.88,,
2000-11-01,,6.61,,,6.49,6.48,6.52,6.5,6.47,6.51,6.74,6.87,6.89,,
2000-11-02,,6.54,,,6.49,6.5,6.52,6.49,6.49,6.5,6.76,6.85,6.88,,
2000-11-03,,6.48,,,6.5,6.49,6.52,6.48,6.49,6.49,6.72,6.87,6.91,,
2000-11-06,,6.49,,,6.49,6.51,6.49,6.48,6.5,6.49,6.74,6.86,6.88,,
2000-11-07,,6.48,,,6.49,6.52,6.52,6.47,6.5,6.5,6.74,6.92,6.88,,
2000-11-08,,6.51,,,6.48,6.54,6.5,6.47,6.51,6.5,6.76,6.88,6.9,,
2000-11-09,,6.52,,,6.48,6.53,6.52,6.47,6.53,6.48,6.73,6.91,6.91,,
2000-11-10,,6.48,,,6.47,6.5,6.52,6.47,6.53,6.5,6.7,6.91,6.9,,
2000-11-13,,6.55,,,6.48,6.52,6.52,6.48,6.51,6.48,6.73,6.94,6.94,,
2000-11-14,,6.52,,,6.48,6.55,6.52,6.5,6.51,6.53,6.76,6.94,6.95,,
2000-11-15,,6.61,,,6.5,6.54,6.51,6.48,6.52,6.54,6.76,6.93,6.97,,
2000-11-16,,6.55,,,6.49,6.54,6.52,6.48,6.52,6.5,6.73,6.95,6.95,,
2000-11-17,,6.48,,,6.49,6.55,6.52,6.49,6.53,6.49,6.77,7.0,6.95,,
2000-11-20,,6.52,,,6.49,6.55,6.52,6.49,6.51,6.5,6.8,7.02,6.93,,
2000-11-21,,6.5,,,6.49,6.56,6.53,6.49,6.52,6.49,6.79,7.06,7.02,,
2000-11-22,,6.58,,,6.48,6.58,6.53,6.5,6.54,6.5,6.82,7.06,7.0,,
2000-11-23,,,,,,,,,,,,,,,
2000-11-24,,6.49,,,6.49,6.59,6.53,6.52,6.51,6.41,6.85,7.07,6.85,,
2000-11-27,,6.5,,,6.47,6.56,6.53,6.5,6.54,6.5,6.8,7.1,7.02,,
2000-11-28,,6.46,,,6.47,6.56,6.52,6.51,6.52,6.52,6.86,7.15,7.0,,
2000-11-29,,6.5,,,6.5,6.53,6.52,6.49,6.54,6.48,6.93,7.12,7.05,,
2000-11-30,,6.62,,,6.49,6.54,6.49,6.52,6.53,6.5,7.1,7.27,6.95,,
2000-12-01,,6.6,,,6.5,6.54,6.47,6.51,6.51,6.5,7.05,7.26,7.1,,
2000-12-04,,6.57,,,6.55,6.53,6.46,6.52,6.51,6.46,7.36,7.31,7.16,,
2000-12-05,,6.51,,,6.57,6.51,6.47,6.53,6.51,6.45,7.35,7.31,7.11,,
2000-12-06,,6.48,,,6.53,6.5,6.46,6.51,6.48,6.47,7.27,7.35,7.24,,
2000-12-07,,6.49,,,6.52,6.46,6.4,6.51,6.46,6.4,7.41,7.3,7.2,,
2000-12-08,,6.47,,,6.54,6.41,6.38,6.54,6.43,6.35,7.39,7.3,7.15,,
2000-12-11,,6.49,,,6.54,6.46,6.37,6.54,6.45,6.36,7.49,7.32,7.28,,
2000-12-12,,6.43,,,6.54,6.48,6.36,6.5,6.38,6.35,7.59,7.35,7.21,,
2000-12-13,,6.47,,,6.55,6.44,6.35,6.54,6.44,6.33,7.66,7.49,7.36,,
2000-12-14,,6.53,,,6.54,6.43,6.35,6.54,6.41,6.32,7.64,7.33,7.37,,
2000-12-15,,6.58,,,6.54,6.43,6.35,6.54,6.43,6.31,7.75,7.53,7.16,,
2000-12-18,,6.5,,,6.58,6.42,6.32,6.56,6.43,6.32,7.71,7.55,7.32,,
2000-12-19,,6.47,,,6.55,6.42,6.31,6.53,6.44,6.32,7.6,7.61,7.34,,
2000-12-20,,6.47,,,6.52,6.39,6.29,6.51,6.39,6.28,7.74,7.52,7.3,,
2000-12-21,,6.48,,,6.51,6.38,6.25,6.52,6.39,6.27,7.78,7.5,7.25,,
2000-12-22,,6.44,,,6.52,6.35,6.21,6.45,6.39,6.22,7.9,7.47,7.28,,
2000-12-25,,,,,,,,,,,,,,,
2000-12-26,,6.58,,,6.46,6.42,6.2,6.49,6.43,6.26,7.61,7.3,7.25,,
2000-12-27,,6.53,,,6.5,6.32,6.21,6.44,6.35,6.22,7.47,7.17,7.34,,
2000-12-28,,6.53,,,6.49,6.34,6.23,6.46,6.34,6.25,7.45,8.42,7.15,,
2000-12-29,,5.41,,,6.36,6.24,6.19,6.4,6.3,6.37,7.35,7.71,7.43,,
2001-01-01,,,,,,,,,,,,,,,
2001-01-02,,6.67,,,6.4,6.25,6.14,6.45,6.22,6.15,6.67,6.55,6.37,,
2001-01-03,,6.35,,,6.4,6.15,6.05,6.34,6.12,6.04,6.7,6.56,6.62,,
2001-01-04,,5.92,,,5.89,5.86,5.71,5.91,5.84,5.66,6.23,6.14,6.1,,
2001-01-05,,5.83,,,5.77,5.64,5.46,5.79,5.56,5.56,6.14,6.04,6.02,,
2001-01-08,,5.98,,,5.74,5.55,5.41,5.71,5.61,5.5,6.08,5.94,5.85,,
2001-01-09,,5.95,,,5.76,5.6,5.44,5.73,5.54,5.4,6.06,6.04,5.9,,
2001-01-10,,6.06,,,5.75,5.57,5.45,5.73,5.56,5.42,6.09,5.95,5.93,,
2001-01-11,,6.05,,,5.76,5.61,5.49,5.74,5.55,5.44,6.1,6.0,5.84,,
2001-01-12,,5.98,,,5.78,5.6,5.49,5.74,5.55,5.48,6.15,6.0,5.87,,
2001-01-15,,,,,,,,,,,,,,,
2001-01-16,,6.2,,,5.8,5.6,5.52,5.75,5.66,5.47,6.2,6.12,5.99,,
2001-01-17,,5.94,,,5.78,5.65,5.55,5.77,5.64,5.52,6.29,6.04,6.0,,
2001-01-18,,5.93,,,5.76,5.59,5.49,5.75,5.56,5.45,6.33,6.13,6.06,,
2001-01-19,,5.92,,,5.76,5.55,5.46,5.68,5.55,5.43,6.33,6.18,6.14,,
2001-01-22,,6.0,,,5.67,5.53,5.43,5.6,5.44,5.37,6.34,6.31,6.11,,
2001-01-23,,5.97,,,5.5,5.43,5.4,5.6,5.48,5.35,6.37,6.22,6.2,,
2001-01-24,,6.05,,,5.59,5.5,5.44,5.63,5.49,5.33,6.45,6.25,6.19,,
2001-01-25,,6.1,,,5.59,5.52,5.42,5.57,5.46,5.36,6.42,6.21,6.1,,
2001-01-26,,5.96,,,5.59,5.5,5.42,5.58,5.46,5.34,6.54,6.33,6.19,,
2001-01-29,,5.98,,,5.54,5.48,5.38,5.52,5.43,5.3,6.38,6.31,6.2,,
2001-01-30,,5.9,,,5.51,5.48,5.36,5.47,5.39,5.4,6.33,6.29,6.16,,
2001-01-31,,5.74,,,5.46,5.38,5.27,5.4,5.31,5.25,6.23,6.2,6.14,,
2001-02-01,,5.57,,,5.45,5.33,5.27,5.42,5.29,5.2,6.13,6.12,6.07,,
2001-02-02,,5.5,,,5.45,5.31,5.21,5.39,5.3,5.2,6.14,6.05,6.0,,
2001-02-05,,5.52,,,5.45,5.33,5.22,5.42,5.26,5.19,6.12,6.06,6.04,,
2001-02-06,,5.48,,,5.45,5.34,5.22,5.42,5.25,5.19,6.05,6.08,5.97,,
2001-02-07,,5.5,,,5.46,5.35,5.22,5.44,5.29,5.19,6.02,6.1,6.0,,
2001-02-08,,5.5,,,5.45,5.32,5.24,5.42,5.27,5.17,6.05,6.11,6.07,,
2001-02-09,,5.44,,,5.42,5.34,5.24,5.43,5.25,5.21,6.1,6.08,5.98,,
2001-02-12,,5.48,,,5.43,5.32,5.23,5.42,5.31,5.18,6.09,6.09,5.97,,
2001-02-13,,5.46,,,5.46,5.33,5.22,5.44,5.3,5.18,6.07,6.1,6.08,,
2001-02-14,,5.5,,,5.45,5.3,5.23,5.44,5.27,5.19,6.1,6.08,5.97,,
2001-02-15,,5.57,,,5.46,5.35,5.22,5.44,5.3,5.18,6.08,6.03,5.98,,
2001-02-16,,5.46,,,5.47,5.34,5.25,5.43,5.35,5.16,6.02,6.1,6.05,,
2001-02-19,,,,,,,,,,,,,,,
2001-02-20,,5.57,,,5.47,5.34,5.22,5.45,5.3,5.19,6.04,6.07,6.0,,
2001-02-21,,5.5,,,5.47,5.34,5.22,5.45,5.32,5.15,6.1,5.98,5.97,,
2001-02-22,,5.52,,,5.45,5.33,5.21,5.43,5.3,5.14,6.04,5.99,5.91,,
2001-02-23,,5.46,,,5.44,5.31,5.19,5.38,5.23,5.14,6.02,5.99,6.04,,
2001-02-26,,5.55,,,5.26,5.15,5.15,5.24,5.13,5.02,5.96,5.91,5.85,,
2001-02-27,,5.49,,,5.18,5.08,5.0,5.19,5.03,4.95,5.94,5.9,5.71,,
2001-02-28,,5.59,,,5.11,5.0,4.91,5.14,4.99,4.87,5.79,5.96,5.8,,
2001-03-01,,5.59,,,5.29,5.05,4.93,5.23,5.06,4.95,5.87,5.85,5.78,,
2001-03-02,,5.52,,,5.24,5.02,4.95,5.21,5.02,4.9,5.93,5.9,5.88,,
2001-03-05,,5.52,,,5.23,5.05,4.96,5.17,5.03,4.91,5.86,5.78,5.65,,
2001-03-06,,5.39,,,5.2,5.04,4.95,5.19,5.03,4.93,5.9,5.7,5.6,,
2001-03-07,,5.34,,,5.23,5.07,4.95,5.16,4.99,4.94,5.9,5.89,5.73,,
2001-03-08,,5.46,,,5.22,5.03,4.94,5.11,5.0,4.88,5.87,5.86,5.55,,
2001-03-09,,5.42,,,5.13,5.01,4.94,5.11,4.99,4.89,5.83,5.76,5.74,,
2001-03-12,,5.5,,,5.18,5.02,4.91,5.1,4.99,4.85,5.81,5.75,5.73,,
2001-03-13,,5.5,,,5.1,5.01,4.9,5.09,4.94,4.84,5.85,5.92,5.62,,
2001-03-14,,5.48,,,5.04,4.96,4.85,5.05,4.9,4.85,5.7,5.59,5.43,,
2001-03-15,,5.52,,,4.98,4.96,4.81,5.02,4.91,4.78,5.66,5.52,5.65,,
2001-03-16,,5.4,,,4.88,4.81,4.74,4.91,4.79,4.76,5.58,5.46,5.32,,
2001-03-19,,5.38,,,4.91,4.81,4.75,4.85,4.73,4.71,5.45,5.36,5.38,,
2001-03-20,,5.14,,,4.82,4.77,4.71,4.82,4.72,4.63,5.51,5.35,5.25,,
2001-03-21,,5.05,,,4.95,4.78,4.7,4.91,4.76,4.7,5.41,5.3,5.33,,
2001-03-22,,5.04,,,4.93,4.79,4.68,4.9,4.74,4.65,5.4,5.32,5.25,,
2001-03-23,,4.94,,,4.94,4.93,4.68,4.91,4.77,4.65,5.37,5.33,5.22,,
2001-03-26,,5.03,,,4.93,4.85,4.69,4.91,4.8,4.7,5.42,5.37,5.25,,
2001-03-27,,,,,4.98,4.83,4.69,4.9,4.73,4.62,5.43,5.45,5.4,,
2001-03-28,,5.05,,,5.01,4.85,4.71,4.95,4.79,4.68,5.47,5.44,5.5,,
2001-03-29,,5.19,,,5.02,4.85,4.75,4.95,4.74,4.71,5.44,5.39,5.4,,
2001-03-30,,5.29,,,5.01,4.91,4.68,5.0,4.78,4.73,5.44,5.37,5.32,,
2001-04-02,,5.3,,,4.94,4.85,4.73,4.94,4.81,4.68,5.41,5.27,5.23,,
2001-04-03,,5.1,,,4.96,4.81,4.7,4.94,4.75,4.65,5.41,5.27,5.34,,
2001-04-04,,5.01,,,4.94,4.8,4.68,4.94,4.8,4.64,5.33,5.26,5.2,,
2001-04-05,,5.04,,,4.97,4.81,4.65,4.93,4.75,4.62,5.34,5.26,5.2,,
2001-04-06,,4.94,,,4.94,4.79,4.65,4.91,4.73,4.63,5.33,5.3,5.27,,
2001-04-09,,4.98,,,4.91,4.72,4.56,4.9,4.67,4.55,5.33,5.29,5.22,,
2001-04-10,,4.96,,,4.92,4.71,4.58,4.91,4.66,4.53,5.37,5.24,5.26,,
2001-04-11,,4.95,,,4.95,4.73,4.6,4.9,4.67,4.55,5.36,5.31,5.17,,
2001-04-12,,5.02,,,4.95,4.67,4.65,4.95,4.72,4.58,5.33,5.3,5.15,,
2001-04-13,,5.01,,,,,,,,,,,,,
2001-04-16,,5.17,,,4.94,4.7,4.6,4.94,4.72,4.64,5.37,5.36,5.13,,
2001-04-17,,4.99,,,4.96,4.73,4.65,4.96,4.73,4.62,5.35,5.37,5.11,,
2001-04-18,,4.67,,,4.98,4.75,4.66,4.89,4.73,4.54,5.33,5.34,5.26,,
2001-04-19,,4.47,,,4.49,4.39,4.28,4.44,4.27,4.25,4.76,4.76,4.76,,
2001-04-20,,4.38,,,4.46,4.34,4.25,4.46,4.31,4.24,4.85,4.75,4.65,,
2001-04-23,,4.4,,,4.44,4.33,4.25,4.39,4.28,4.2,4.74,4.7,4.66,,
2001-04-24,,4.41,,,4.37,4.29,4.21,4.36,4.25,4.2,4.73,4.8,4.58,,
2001-04-25,,4.54,,,4.39,4.25,4.2,4.35,4.21,4.18,4.76,4.61,4.59,,
2001-04-26,,4.57,,,4.43,4.27,4.21,4.38,4.26,4.18,4.7,4.68,4.65,,
2001-04-27,,4.51,,,4.42,4.25,4.19,4.33,4.24,4.17,4.76,4.74,4.63,,
2001-04-30,,4.67,,,4.36,4.28,4.19,4.46,4.24,4.18,4.78,4.72,4.57,,
2001-05-01,,4.61,,,4.38,4.26,4.21,4.35,4.23,4.17,4.81,4.72,4.65,,
2001-05-02,,4.35,,,4.26,4.26,4.18,4.34,4.23,4.14,4.73,4.79,4.59,,
2001-05-03,,4.48,,,4.37,4.23,4.14,4.33,4.17,4.14,4.76,4.6,4.53,,
2001-05-04,,4.41,,,4.2,4.11,4.05,4.25,4.06,4.08,4.57,4.63,4.5,,
2001-05-07,,4.47,,,4.11,4.03,4.02,4.12,4.02,4.0,4.59,4.63,4.5,,
2001-05-08,,4.41,,,4.13,4.01,3.95,4.09,3.98,3.95,4.55,4.45,4.44,,
2001-05-09,,4.43,,,4.07,3.99,3.94,4.05,3.98,3.91,4.5,4.46,4.31,,
2001-05-10,,4.51,,,4.11,3.97,3.92,4.03,3.97,3.9,4.45,4.35,4.34,,
2001-05-11,,4.47,,,4.05,3.95,3.96,4.02,3.95,3.89,4.39,4.34,4.29,,
2001-05-14,,4.43,,,4.06,4.0,3.98,4.02,3.99,3.94,4.48,4.28,4.32,,
2001-05-15,,4.22,,,4.04,4.01,3.96,4.0,3.96,3.95,4.36,4.32,4.29,,
2001-05-16,,4.04,,,3.99,3.92,3.9,3.97,3.89,3.91,4.35,4.5,4.34,,
2001-05-17,,4.04,,,4.0,3.93,3.89,3.97,3.9,3.83,4.28,4.29,4.21,,
2001-05-18,,3.95,,,4.0,3.96,3.9,3.96,3.94,3.85,4.28,4.25,4.26,,
2001-05-21,,4.02,,,4.0,3.95,3.94,3.97,3.91,3.86,4.29,4.21,4.25,,
2001-05-22,,3.99,,,4.01,3.97,3.93,3.98,3.92,3.89,4.27,4.27,4.22,,
2001-05-23,,3.97,,,4.0,3.96,3.91,3.98,3.93,3.88,4.26,4.23,4.22,,
2001-05-24,,3.98,,,3.99,3.94,3.9,3.99,3.95,3.89,4.28,4.22,4.22,,
2001-05-25,,3.94,,,3.99,3.86,3.91,3.98,3.91,3.81,4.3,4.29,4.25,,
2001-05-28,,,,,,,,,,,,,,,
2001-05-29,,4.09,,,4.01,3.91,3.87,3.96,3.88,3.75,4.31,4.3,4.2,,
2001-05-30,,4.05,,,3.99,3.92,3.87,3.97,3.9,3.89,4.23,4.23,4.22,,
2001-05-31,,4.24,,,4.0,3.96,3.87,3.98,3.91,3.84,4.28,4.22,4.14,,
2001-06-01,,4.14,,,3.97,3.87,3.83,3.97,3.87,3.85,4.27,4.4,4.47,,
2001-06-04,,4.03,,,3.97,3.86,3.82,3.97,3.85,3.81,4.25,4.17,4.15,,
2001-06-05,,3.93,,,3.97,3.85,3.81,3.96,3.84,3.79,4.2,4.17,4.08,,
2001-06-06,,3.91,,,3.95,3.83,3.77,3.92,3.83,3.76,4.25,4.2,4.18,,
2001-06-07,,3.92,,,3.93,3.82,3.77,3.91,3.79,3.75,4.15,4.12,4.22,,
2001-06-08,,4.02,,,3.91,3.82,3.75,3.91,3.79,3.73,4.22,4.19,4.08,,
2001-06-11,,4.03,,,3.93,3.82,3.77,3.88,3.78,3.71,4.17,4.16,4.07,,
2001-06-12,,3.98,,,3.92,3.82,3.74,3.9,3.78,3.71,4.18,4.11,4.05,,
2001-06-13,,4.04,,,3.88,3.81,3.73,3.87,3.78,3.72,4.15,4.12,4.04,,
2001-06-14,,4.03,,,3.89,3.81,3.72,3.88,3.77,3.72,4.18,4.06,4.04,,
2001-06-15,,3.94,,,3.87,3.79,3.7,3.87,3.76,3.68,4.19,4.08,4.03,,
2001-06-18,,3.91,,,3.79,3.7,3.62,3.77,3.7,3.62,4.07,4.06,3.98,,
2001-06-19,,3.91,,,3.79,3.67,3.61,3.75,3.67,3.61,4.02,4.05,3.96,,
2001-06-20,,3.98,,,3.79,3.64,3.6,3.73,3.67,3.57,4.02,4.0,3.96,,
2001-06-21,,4.02,,,3.76,3.64,3.59,3.71,3.63,3.63,3.95,3.98,3.96,,
2001-06-22,,3.98,,,3.73,3.63,3.58,3.68,3.64,3.56,4.01,4.0,3.87,,
2001-06-25,,3.97,,,3.72,3.61,3.56,3.67,3.59,3.55,3.98,3.96,3.85,,
2001-06-26,,3.75,,,3.67,3.62,3.55,3.64,3.57,3.52,4.01,3.8,3.73,,
2001-06-27,,3.68,,,3.67,3.59,3.57,3.64,3.65,3.63,4.05,3.96,3.92,,
2001-06-28,,3.86,,,3.76,3.73,3.62,3.73,3.66,3.61,4.0,4.04,3.85,,
2001-06-29,,3.95,,,3.8,3.73,3.72,3.78,3.68,3.63,4.13,4.05,4.0,,
2001-07-02,,4.11,,,3.77,3.75,3.69,3.77,3.74,3.69,3.99,4.05,4.0,,
2001-07-03,,3.69,,,3.76,3.73,3.7,3.75,3.7,3.67,3.98,4.08,4.0,,
2001-07-04,,,,,,,,,,,,,,,
2001-07-05,,3.72,,,3.76,3.73,3.7,3.74,3.69,3.66,4.02,4.1,3.89,,
2001-07-06,,3.6,,,3.74,3.71,3.68,3.7,3.69,3.64,3.97,3.99,3.96,,
2001-07-09,,3.67,,,3.73,3.7,3.67,3.72,3.66,3.62,4.01,4.03,3.93,,
2001-07-10,,3.71,,,3.73,3.68,3.65,3.71,3.68,3.62,4.05,4.0,4.0,,
2001-07-11,,3.78,,,3.73,3.69,3.65,3.7,3.65,3.63,3.97,3.93,3.94,,
2001-07-12,,3.78,,,3.72,3.69,3.63,3.71,3.63,3.61,3.94,3.99,3.97,,
2001-07-13,,3.75,,,3.73,3.67,3.62,3.7,3.65,3.6,4.01,3.98,3.94,,
2001-07-16,,3.82,,,3.74,3.67,3.64,3.72,3.63,3.62,3.99,3.95,3.95,,
2001-07-17,,3.71,,,3.73,3.66,3.63,3.71,3.63,3.59,3.98,3.95,3.98,,
2001-07-18,,3.73,,,3.72,3.65,3.62,3.7,3.65,3.58,3.96,3.92,3.86,,
2001-07-19,,3.77,,,3.71,3.63,3.57,3.69,3.64,3.54,3.89,3.86,3.88,,
2001-07-20,,3.8,,,3.72,3.64,3.58,3.69,3.6,3.56,3.93,3.8,3.84,,
2001-07-23,,3.82,,,3.74,3.61,3.56,3.7,3.57,3.54,3.91,3.96,3.85,,
2001-07-24,,3.82,,,3.73,3.62,3.56,3.69,3.59,3.54,3.92,3.8,3.8,,
2001-07-25,,3.89,,,3.72,3.63,3.56,3.7,3.58,3.56,3.92,3.9,3.89,,
2001-07-26,,3.87,,,3.72,3.64,3.56,3.69,3.61,3.54,3.91,3.92,3.89,,
2001-07-27,,3.75,,,3.72,3.61,3.56,3.68,3.58,3.53,3.9,3.85,3.92,,
2001-07-30,,3.79,,,3.72,3.62,3.54,3.68,3.58,3.54,3.93,3.93,3.83,,
2001-07-31,,3.82,,,3.72,3.55,3.55,3.67,3.57,3.54,3.87,3.79,3.8,,
2001-08-01,,3.79,,,3.7,3.57,3.55,3.68,3.55,3.51,3.85,3.85,3.87,,
2001-08-02,,3.68,,,3.71,3.56,3.54,3.65,3.58,3.52,3.9,3.91,3.82,,
2001-08-03,,3.69,,,3.69,3.56,3.53,3.66,3.58,3.53,3.85,3.9,3.81,,
2001-08-06,,3.73,,,3.65,3.56,3.51,3.62,3.53,3.51,3.84,3.84,3.81,,
2001-08-07,,3.69,,,3.63,3.54,3.52,3.62,3.53,3.51,3.84,3.82,3.78,,
2001-08-08,,3.75,,,3.63,3.54,3.5,3.6,3.54,3.49,3.83,3.83,3.82,,
2001-08-09,,3.77,,,3.61,3.5,3.48,3.6,3.5,3.46,3.83,3.85,3.81,,
2001-08-10,,3.7,,,3.6,3.47,3.46,3.57,3.5,3.45,3.8,3.81,3.72,,
2001-08-13,,3.79,,,3.58,3.51,3.44,3.55,3.47,3.44,3.78,3.81,3.69,,
2001-08-14,,3.76,,,3.59,3.48,3.44,3.53,3.45,3.43,3.85,3.77,3.67,,
2001-08-15,,3.83,,,3.58,3.48,3.42,3.55,3.46,3.44,3.76,3.78,3.75,,
2001-08-16,,3.75,,,3.56,3.44,3.43,3.53,3.48,3.41,3.73,3.74,3.67,,
2001-08-17,,3.66,,,3.53,3.48,3.43,3.53,3.45,3.42,3.7,3.78,3.71,,
2001-08-20,,3.64,,,3.51,3.46,3.41,3.5,3.43,3.37,3.72,3.7,3.62,,
2001-08-21,,3.53,,,3.49,3.43,3.38,3.5,3.42,3.38,3.69,3.68,3.66,,
2001-08-22,,3.51,,,3.49,3.41,3.38,3.46,3.39,3.36,3.65,3.6,3.6,,
2001-08-23,,3.55,,,3.49,3.41,3.37,3.47,3.45,3.37,3.62,3.64,3.64,,
2001-08-24,,3.51,,,3.49,3.44,3.39,3.49,3.39,3.35,3.67,3.66,3.61,,
2001-08-27,,3.54,,,3.48,3.42,3.4,3.47,3.42,3.35,3.66,3.66,3.6,,
2001-08-28,,3.5,,,3.51,3.45,3.41,3.49,3.41,3.38,3.72,3.63,3.65,,
2001-08-29,,3.5,,,3.5,3.4,3.37,3.47,3.41,3.34,3.68,3.6,3.59,,
2001-08-30,,3.58,,,3.51,3.47,3.37,3.48,3.41,3.36,3.68,3.67,3.6,,
2001-08-31,,3.66,,,3.51,3.45,3.35,3.5,3.39,3.33,3.65,3.59,3.53,,
2001-09-03,,,,,,,,,,,,,,,
2001-09-04,,3.67,,,3.51,3.4,3.37,3.48,3.44,3.37,3.67,3.61,3.57,,
2001-09-05,,3.49,,,3.52,3.43,3.39,3.49,3.44,3.37,3.68,3.65,3.6,,
2001-09-06,,3.52,,,3.5,3.43,3.37,3.48,3.4,3.37,3.67,3.65,3.6,,
2001-09-07,,3.44,,,3.5,3.39,3.32,3.46,3.33,3.29,3.65,3.58,3.57,,
2001-09-10,,3.5,,,3.44,3.27,3.24,3.42,3.3,3.24,3.66,3.56,3.53,,
2001-09-11,,3.5,,,,,,,,,,,,,
2001-09-12,,3.56,,,,,,,,,,,,,
2001-09-13,,3.31,,,,,,,,,,,,,
2001-09-14,,3.13,,,3.45,3.19,3.1,3.44,3.2,3.1,3.77,3.63,3.5,,
2001-09-17,,2.13,,,3.03,3.06,2.96,3.0,3.06,2.94,3.33,,,,
2001-09-18,,1.25,,,2.95,2.89,2.83,2.97,2.86,2.76,3.2,3.12,3.13,,
2001-09-19,,1.19,,,2.54,2.36,2.62,2.49,2.65,2.6,3.01,2.92,2.93,,
2001-09-20,,2.22,,,2.43,2.41,2.45,2.5,2.4,2.39,2.83,2.79,2.85,,
2001-09-21,,3.11,,,2.47,2.42,2.41,2.45,2.4,2.39,2.91,2.81,2.8,,
2001-09-24,,3.31,,,2.6,2.53,2.45,2.54,2.44,2.37,2.91,2.83,2.8,,
2001-09-25,,3.11,,,2.64,2.5,2.49,2.6,2.45,2.45,3.03,3.0,2.73,,
2001-09-26,,2.96,,,2.64,2.54,2.48,2.66,2.52,2.49,3.02,2.97,2.82,,
2001-09-27,,3.08,,,2.66,2.51,2.49,2.67,2.57,2.4,3.07,2.99,2.91,,
2001-09-28,,2.75,,,2.56,2.52,2.46,2.64,2.45,2.38,3.1,2.84,2.78,,
2001-10-01,,3.02,,,2.56,2.48,2.47,2.63,2.48,2.4,2.9,2.85,2.84,,
2001-10-02,,2.35,,,2.54,2.47,2.45,2.5,2.45,2.45,2.92,2.91,2.9,,
2001-10-03,,2.27,,,2.5,2.42,2.4,2.47,2.43,2.39,2.84,2.83,2.92,,
2001-10-04,,2.45,,,2.5,2.38,2.35,2.47,2.39,2.36,2.84,2.8,2.96,,
2001-10-05,,2.42,,,2.51,2.39,2.34,2.45,2.36,2.38,2.86,2.87,2.96,,
2001-10-08,,,,,,,,,,,,,,,
2001-10-09,,2.5,,,2.49,2.36,2.33,2.43,2.32,2.3,2.85,2.82,3.0,,
2001-10-10,,2.42,,,2.47,2.33,2.3,2.46,2.31,2.35,2.85,2.85,2.99,,
2001-10-11,,2.42,,,2.48,2.35,2.33,2.46,2.32,2.3,2.87,2.92,2.97,,
2001-10-12,,2.39,,,2.47,2.34,2.33,2.47,2.32,2.31,2.86,2.91,3.0,,
2001-10-15,,2.51,,,2.45,2.34,2.34,2.43,2.33,2.29,2.9,2.9,3.01,,
2001-10-16,,2.47,,,2.46,2.34,2.33,2.42,2.35,2.35,2.9,2.91,3.0,,
2001-10-17,,2.51,,,2.43,2.33,2.27,2.42,2.3,2.27,2.87,2.89,2.99,,
2001-10-18,,2.5,,,2.42,2.3,2.29,2.4,2.31,2.29,2.9,2.95,3.03,,
2001-10-19,,2.47,,,2.39,2.28,2.25,2.37,2.27,2.23,2.87,2.93,3.05,,
2001-10-22,,2.52,,,2.37,2.26,2.24,2.35,2.23,2.22,2.88,2.92,3.04,,
2001-10-23,,2.48,,,2.38,2.25,2.26,2.33,2.22,2.22,2.94,2.93,3.05,,
2001-10-24,,2.53,,,2.34,2.25,2.24,2.31,2.23,2.27,2.9,2.91,3.12,,
2001-10-25,,2.54,,,2.28,2.24,2.23,2.27,2.21,2.2,2.92,2.9,3.1,,
2001-10-26,,2.51,,,2.31,2.19,2.16,2.32,2.19,2.18,2.83,2.82,3.08,,
2001-10-29,,2.55,,,2.31,2.15,2.13,2.27,2.15,2.14,2.79,2.8,3.1,,
2001-10-30,,2.55,,,2.27,2.16,2.15,2.28,2.18,2.14,2.8,2.99,3.11,,
2001-10-31,,2.66,,,2.23,2.13,2.08,2.23,2.17,2.09,2.9,2.88,3.13,,
2001-11-01,,2.61,,,2.22,2.1,2.11,2.2,2.15,2.1,2.88,2.92,3.12,,
2001-11-02,,2.43,,,2.16,2.12,2.1,2.18,2.1,2.06,2.83,2.89,3.1,,
2001-11-05,,2.45,,,2.18,2.06,2.05,2.11,2.1,2.04,2.81,2.99,3.03,,
2001-11-06,,2.13,,,2.09,2.04,2.03,2.05,2.07,2.02,2.54,3.0,3.01,,
2001-11-07,,2.04,,,2.02,1.95,1.92,1.99,1.91,1.87,2.5,2.96,2.85,,
2001-11-08,,2.03,,,2.02,1.94,1.91,1.98,1.92,1.89,2.53,2.91,2.84,,
2001-11-09,,1.98,,,2.0,1.93,1.94,1.96,1.92,1.81,2.45,2.9,2.77,,
2001-11-12,,,,,,,,,,,,,,,
2001-11-13,,2.1,,,1.99,1.94,1.9,1.96,1.94,1.9,2.49,2.85,2.9,,
2001-11-14,,2.16,,,1.98,1.96,1.92,2.01,1.93,1.9,2.49,2.93,2.95,,
2001-11-15,,2.22,,,2.02,2.0,1.98,2.0,1.97,1.94,2.47,2.81,2.88,,
2001-11-16,,1.98,,,2.03,2.04,2.02,2.01,1.99,1.98,2.48,2.9,2.92,,
2001-11-19,,2.01,,,2.06,2.06,2.04,1.99,2.01,2.03,2.38,2.81,2.95,,
2001-11-20,,1.97,,,2.04,2.03,2.03,2.0,2.03,2.02,2.45,2.85,2.9,,
2001-11-21,,1.93,,,2.04,2.04,2.02,2.03,2.02,2.02,2.47,2.83,2.81,,
2001-11-22,,,,,,,,,,,,,,,
2001-11-23,,1.88,,,2.03,2.02,2.0,2.07,2.05,,2.37,2.91,2.86,,
2001-11-26,,2.04,,,2.0,2.05,2.04,2.0,2.05,2.06,2.53,2.91,2.82,,
2001-11-27,,2.01,,,2.02,2.06,2.07,2.0,2.02,2.05,2.42,2.9,2.9,,
2001-11-28,,2.04,,,1.98,2.04,2.01,2.03,1.99,1.97,2.45,2.84,2.75,,
2001-11-29,,2.09,,,1.98,2.03,1.99,1.98,1.97,1.92,2.38,2.83,2.73,,
2001-11-30,,2.06,,,1.95,1.98,1.91,1.96,1.92,1.89,2.55,2.75,2.76,,
2001-12-03,,2.05,,,1.95,1.92,1.9,1.96,1.88,1.88,2.53,2.79,2.76,,
2001-12-04,,1.93,,,1.89,1.9,1.87,1.96,1.87,1.84,2.84,2.88,2.85,,
2001-12-05,,1.89,,,1.88,1.86,1.84,1.93,1.85,1.87,2.81,2.8,2.83,,
2001-12-06,,1.87,,,1.91,1.86,1.92,1.89,1.81,1.8,2.68,2.81,2.79,,
2001-12-07,,1.92,,,1.8,1.81,1.82,1.81,1.81,,2.77,2.78,2.76,,
2001-12-10,,1.9,,,1.78,1.77,1.78,1.76,1.75,1.75,2.79,2.55,2.6,,
2001-12-11,,1.8,,,1.77,1.77,1.76,1.76,1.72,1.72,2.67,2.61,2.64,,
2001-12-12,,1.81,,,1.76,1.73,1.73,1.76,1.71,1.72,2.52,2.53,2.57,,
2001-12-13,,1.86,,,1.76,1.75,1.74,1.75,1.78,1.72,2.51,2.56,2.46,,
2001-12-14,,1.88,,,1.8,1.77,1.77,1.79,1.73,1.74,2.53,2.51,2.47,,
2001-12-17,,1.93,,,1.82,1.79,1.8,1.79,1.77,1.76,2.52,2.61,2.5,,
2001-12-18,,1.71,,,1.83,1.79,1.81,1.8,1.77,1.78,2.54,2.51,2.64,,
2001-12-19,,1.71,,,1.85,1.8,1.8,1.82,1.78,1.8,2.61,2.63,2.51,,
2001-12-20,,1.79,,,1.85,1.82,1.8,1.84,1.79,1.76,2.57,2.71,2.59,,
2001-12-21,,1.78,,,1.84,1.81,1.79,1.84,1.8,1.78,2.75,2.6,2.55,,
2001-12-24,,1.68,,,1.85,1.84,1.79,1.94,1.77,1.76,2.56,2.38,,,
2001-12-25,,,,,,,,,,,,,,,
2001-12-26,,1.89,,,1.85,1.84,1.81,1.96,1.79,1.86,2.65,2.61,2.05,,
2001-12-27,,1.85,,,1.86,1.82,1.81,1.83,1.78,1.78,2.52,2.5,2.35,,
2001-12-28,,1.54,,,1.84,1.79,1.81,1.82,1.8,,2.83,2.86,2.37,,
2001-12-31,,1.52,,,1.77,1.78,1.78,1.76,1.74,1.79,2.46,2.5,,,
2002-01-01,,,,,,,,,,,,,,,
2002-01-02,,1.92,,,1.75,1.76,1.76,1.74,1.72,1.85,2.28,2.15,2.1,,
2002-01-03,,1.72,,,1.78,1.76,1.77,1.75,1.72,1.74,2.25,2.22,2.27,,
2002-01-04,,1.61,,,1.76,1.76,1.76,1.71,1.74,1.72,2.25,2.27,2.28,,
2002-01-07,,1.61,,,1.76,1.76,1.76,1.71,1.7,1.67,2.15,2.11,2.23,,
2002-01-08,,1.61,,,1.74,1.75,1.74,1.72,1.72,1.75,2.17,2.18,2.21,,
2002-01-09,,1.74,,,1.72,1.73,1.73,1.73,1.72,1.75,2.15,2.14,2.2,,
2002-01-10,,1.81,,,1.72,1.73,1.72,1.7,1.7,1.7,2.08,2.12,2.18,,
2002-01-11,,1.71,,,1.7,1.7,1.71,1.7,1.69,1.71,2.06,2.12,2.16,,
2002-01-14,,1.78,,,1.64,1.62,1.62,1.64,1.62,1.58,2.08,2.05,2.13,,
2002-01-15,,1.75,,,1.64,1.62,1.62,1.63,1.6,1.6,2.02,2.02,1.97,,
2002-01-16,,1.69,,,1.64,1.63,1.61,1.61,1.6,1.6,1.98,2.05,2.04,,
2002-01-17,,1.68,,,1.63,1.62,1.62,1.6,1.61,1.58,2.03,2.02,2.05,,
2002-01-18,,1.71,,,1.64,1.65,1.65,1.63,1.64,1.64,2.02,2.0,2.03,,
2002-01-21,,,,,,,,,,,,,,,
2002-01-22,,1.84,,,1.66,1.69,1.69,1.65,1.65,1.7,2.02,1.99,2.01,,
2002-01-23,,1.81,,,1.72,1.71,1.72,1.71,1.73,1.71,2.0,2.07,2.08,,
2002-01-24,,1.8,,,1.72,1.72,1.74,1.71,1.71,1.7,2.1,2.12,2.11,,
2002-01-25,,1.78,,,1.74,1.76,1.77,1.73,1.72,1.71,2.09,2.07,2.14,,
2002-01-28,,1.79,,,1.77,1.75,1.77,1.75,1.75,1.8,2.1,2.06,2.14,,
2002-01-29,,1.78,,,1.77,1.75,1.79,1.76,1.76,1.77,2.13,2.11,2.15,,
2002-01-30,,1.78,,,1.76,1.75,1.79,1.76,1.74,1.74,2.12,2.1,2.17,,
2002-01-31,,1.85,,,1.76,1.76,1.79,1.76,1.75,1.75,2.14,2.09,2.15,,
2002-02-01,,1.77,,,1.77,1.78,1.79,1.78,1.75,1.74,2.11,2.11,2.12,,
2002-02-04,,1.74,,,1.78,1.78,1.8,1.77,1.76,1.79,2.1,2.14,2.17,,
2002-02-05,,1.64,,,1.76,1.78,1.79,1.76,1.75,1.79,2.15,2.14,2.17,,
2002-02-06,,1.66,,,1.77,1.78,1.79,1.77,1.76,1.82,2.1,2.19,2.19,,
2002-02-07,,1.74,,,1.76,1.78,1.79,1.75,1.78,1.8,2.09,2.16,2.18,,
2002-02-08,,1.69,,,1.76,1.78,1.79,1.76,1.76,1.78,2.18,2.24,2.2,,
2002-02-11,,1.76,,,1.77,1.77,1.8,1.77,1.73,1.75,2.21,2.28,2.16,,
2002-02-12,,1.72,,,1.75,1.78,1.79,1.72,1.76,1.77,2.16,2.11,2.17,,
2002-02-13,,1.75,,,1.76,1.77,1.8,1.74,1.77,1.81,2.29,2.13,2.15,,
2002-02-14,,1.81,,,1.77,1.79,1.82,1.76,1.78,1.79,2.16,2.26,2.14,,
2002-02-15,,1.73,,,1.76,1.78,1.81,1.78,1.78,1.82,2.19,2.25,2.23,,
2002-02-18,,1.73,,,,,,,,,,,,,
2002-02-19,,1.77,,,1.77,1.78,1.81,1.74,1.77,1.82,2.15,2.23,2.24,,
2002-02-20,,1.76,,,1.77,1.79,1.81,1.74,1.75,1.81,2.19,2.24,2.17,,
2002-02-21,,1.77,,,1.77,1.79,1.81,1.74,1.78,1.79,2.24,2.26,2.2,,
2002-02-22,,1.71,,,1.78,1.79,1.81,1.75,1.78,1.8,2.18,2.21,2.26,,
2002-02-25,,1.8,,,1.76,1.8,1.8,1.75,1.75,1.77,2.19,2.22,2.29,,
2002-02-26,,1.77,,,1.77,1.8,1.8,1.76,1.78,1.78,2.16,2.2,2.21,,
2002-02-27,,1.76,,,1.77,1.78,1.81,1.76,1.77,1.8,2.21,2.19,2.28,,
2002-02-28,,1.83,,,1.75,1.8,1.79,1.76,1.76,1.77,2.25,2.2,2.3,,
2002-03-01,,1.78,,,1.78,1.79,1.81,1.74,1.79,1.78,2.2,2.24,2.31,,
2002-03-04,,1.68,,,1.8,1.8,1.83,1.77,1.79,1.81,2.2,2.22,2.3,,
2002-03-05,,1.63,,,1.8,1.81,1.84,1.78,1.79,1.81,2.26,2.33,2.22,,
2002-03-06,,1.71,,,1.79,1.8,1.83,1.8,1.79,1.8,2.2,2.27,2.27,,
2002-03-07,,1.77,,,1.78,1.79,1.81,1.77,1.82,1.81,2.18,2.27,2.29,,
2002-03-08,,1.69,,,1.79,1.82,1.87,1.78,1.8,1.76,2.28,2.31,2.3,,
2002-03-11,,1.75,,,1.81,1.84,1.88,1.79,1.82,1.9,2.26,2.35,2.36,,
2002-03-12,,1.68,,,1.81,1.83,1.89,1.78,1.82,1.88,2.22,2.27,2.33,,
2002-03-13,,1.73,,,1.81,1.83,1.89,1.75,1.83,1.85,2.19,2.21,2.35,,
2002-03-14,,1.79,,,1.81,1.82,1.87,1.79,1.83,1.86,2.22,2.29,2.35,,
2002-03-15,,1.8,,,1.8,1.83,1.88,1.8,1.83,1.87,2.21,2.26,2.27,,
2002-03-18,,1.71,,,1.8,1.83,1.89,1.78,1.84,1.91,2.26,2.29,2.33,,
2002-03-19,,1.67,,,1.8,1.83,1.89,1.78,1.82,1.88,2.13,2.23,2.29,,
2002-03-20,,1.78,,,1.8,1.84,1.87,1.78,1.83,1.92,2.17,2.3,2.26,,
2002-03-21,,1.74,,,1.79,1.83,1.91,1.79,1.82,1.84,2.26,2.4,2.4,,
2002-03-22,,1.68,,,1.81,1.83,1.91,1.78,1.82,1.85,2.22,2.24,2.31,,
2002-03-25,,1.75,,,1.81,1.84,1.92,1.79,1.83,1.91,2.24,2.25,2.25,,
2002-03-26,,1.71,,,1.81,1.85,1.93,1.79,1.85,1.91,2.24,2.34,2.34,,
2002-03-27,,1.69,,,1.8,1.83,1.92,1.78,1.84,1.91,2.22,2.32,2.36,,
2002-03-28,,1.77,,,1.79,1.83,1.91,1.78,1.83,1.9,2.19,2.27,2.3,,
2002-03-29,,1.74,,,1.76,1.75,1.8,,,,,,,,
2002-04-01,,1.88,,,1.79,1.81,1.9,1.79,1.8,1.89,2.25,2.3,2.34,,
2002-04-02,,1.74,,,1.8,1.83,1.92,1.79,1.82,1.89,2.22,2.3,2.35,,
2002-04-03,,1.81,,,1.79,1.82,1.9,1.79,1.81,1.87,2.18,2.23,2.27,,
2002-04-04,,1.74,,,1.79,1.82,1.88,1.78,1.8,1.85,2.19,2.21,2.28,,
2002-04-05,,1.7,,,1.77,1.81,1.87,1.77,1.78,1.9,2.13,2.19,2.16,,
2002-04-08,,1.72,,,1.78,1.81,1.84,1.76,1.79,1.84,2.16,2.19,2.21,,
2002-04-09,,1.68,,,1.77,1.79,1.84,1.8,1.77,,2.09,2.32,2.23,,
2002-04-10,,1.73,,,1.77,1.79,1.85,1.77,1.76,1.81,2.07,2.19,2.22,,
2002-04-11,,1.83,,,1.77,1.78,1.84,1.76,1.81,1.87,2.16,2.25,2.34,,
2002-04-12,,1.79,,,1.76,1.79,1.84,1.75,1.75,1.77,2.13,2.16,2.29,,
2002-04-15,,1.84,,,1.76,1.8,1.83,1.76,1.78,1.82,2.16,2.05,2.18,,
2002-04-16,,1.68,,,1.77,1.8,1.84,1.74,1.75,1.82,2.21,2.12,2.19,,
2002-04-17,,1.73,,,1.76,1.79,1.83,1.74,1.8,1.83,2.08,2.11,2.19,,
2002-04-18,,1.71,,,1.75,1.78,1.83,1.74,1.75,1.78,2.06,2.13,2.22,,
2002-04-19,,1.67,,,1.74,1.77,1.81,1.72,1.75,1.81,2.05,2.05,2.22,,
2002-04-22,,1.73,,,1.76,1.76,1.79,1.79,1.79,,2.11,2.12,2.15,,
2002-04-23,,1.71,,,1.75,1.77,1.8,1.72,1.73,1.76,2.04,2.06,2.23,,
2002-04-24,,1.76,,,1.75,1.76,1.8,1.72,1.78,1.75,2.07,2.06,2.13,,
2002-04-25,,1.82,,,1.74,1.75,1.77,1.73,1.72,1.74,2.05,2.2,2.23,,
2002-04-26,,1.79,,,1.74,1.74,1.79,1.74,1.74,1.77,2.05,2.15,2.19,,
2002-04-29,,1.81,,,1.76,1.76,1.79,1.73,1.71,1.75,2.07,2.15,2.09,,
2002-04-30,,1.82,,,1.75,1.76,1.78,1.73,1.74,1.77,2.08,2.2,2.11,,
2002-05-01,,1.88,,,1.76,1.78,1.8,1.72,1.75,1.76,2.02,2.13,2.14,,
2002-05-02,,1.79,,,1.75,1.78,1.82,1.74,1.76,1.78,2.06,2.17,2.18,,
2002-05-03,,1.73,,,1.76,1.75,1.8,1.74,1.76,1.77,2.04,2.13,2.2,,
2002-05-06,,1.75,,,1.75,1.76,1.77,1.73,1.76,1.77,2.05,2.07,2.11,,
2002-05-07,,1.72,,,1.75,1.77,1.79,1.75,1.74,1.82,2.06,2.14,2.1,,
2002-05-08,,1.71,,,1.75,1.75,1.79,1.75,1.75,1.78,2.03,2.09,2.1,,
2002-05-09,,1.74,,,1.76,1.76,1.8,1.75,1.77,1.79,2.01,2.05,2.08,,
2002-05-10,,1.74,,,1.75,1.76,1.79,1.75,1.75,1.81,2.05,2.07,2.08,,
2002-05-13,,1.75,,,1.77,1.77,1.8,1.74,1.76,1.78,2.02,2.07,2.07,,
2002-05-14,,1.69,,,1.75,1.76,1.79,1.75,1.78,1.81,2.03,2.05,2.07,,
2002-05-15,,1.84,,,1.77,1.76,1.81,1.77,1.76,1.8,2.06,2.06,2.11,,
2002-05-16,,1.76,,,1.77,1.78,1.81,1.75,1.77,1.79,2.12,2.1,2.09,,
2002-05-17,,1.7,,,1.76,1.77,1.8,1.75,1.77,1.82,2.01,2.06,2.17,,
2002-05-20,,1.72,,,1.77,1.78,1.82,1.75,1.77,1.81,2.08,2.11,2.11,,
2002-05-21,,1.68,,,1.76,1.78,1.8,1.74,1.77,1.8,2.07,2.08,2.07,,
2002-05-22,,1.73,,,1.75,1.77,1.8,1.74,1.76,1.75,2.1,2.12,2.06,,
2002-05-23,,1.76,,,1.76,1.77,1.78,1.75,1.75,1.76,2.07,2.05,2.08,,
2002-05-24,,1.75,,,1.77,1.77,1.8,1.74,1.76,1.75,2.08,2.09,2.04,,
2002-05-27,,,,,,,,,,,,,,,
2002-05-28,,1.88,,,1.77,1.78,1.8,1.75,1.75,1.75,1.97,2.11,2.05,,
2002-05-29,,1.79,,,1.77,1.78,1.8,1.75,1.74,1.75,2.02,2.16,2.06,,
2002-05-30,,1.8,,,1.75,1.79,1.79,1.76,1.74,1.76,2.0,2.14,2.09,,
2002-05-31,,1.79,,,1.76,1.78,1.78,1.74,1.74,1.73,1.99,2.11,2.1,,
2002-06-03,,1.83,,,1.76,1.79,1.8,1.74,1.75,1.79,2.05,2.07,2.09,,
2002-06-04,,1.73,,,1.76,1.77,1.8,1.76,1.76,1.79,1.96,2.1,2.08,,
2002-06-05,,1.7,,,1.74,1.78,1.8,1.75,1.76,1.75,1.99,2.08,2.07,,
2002-06-06,,1.75,,,1.75,1.78,1.8,1.73,1.75,1.82,2.02,2.16,2.07,,
2002-06-07,,1.73,,,1.75,1.77,1.79,1.73,1.75,1.75,2.03,2.11,2.11,,
2002-06-10,,1.76,,,1.77,1.77,1.78,1.75,1.74,1.77,1.98,2.07,2.11,,
2002-06-11,,1.72,,,1.75,1.77,1.79,1.73,1.75,1.78,2.07,2.11,2.16,,
2002-06-12,,1.75,,,1.75,1.77,1.78,1.74,1.74,1.78,2.0,2.13,2.1,,
2002-06-13,,1.76,,,1.75,1.78,1.77,1.74,1.74,1.75,2.09,2.1,2.12,,
2002-06-14,,1.75,,,1.75,1.77,1.78,1.73,1.72,1.74,2.04,2.03,2.1,,
2002-06-17,,1.82,,,1.75,1.76,1.77,1.73,1.74,1.75,2.0,2.06,2.09,,
2002-06-18,,1.71,,,1.75,1.74,1.77,1.74,1.75,1.75,1.99,2.06,2.12,,
2002-06-19,,1.69,,,1.75,1.76,1.78,1.75,1.73,1.73,2.01,2.13,2.07,,
2002-06-20,,1.75,,,1.75,1.77,1.79,1.74,1.73,1.73,2.03,2.11,2.17,,
2002-06-21,,1.74,,,1.75,1.77,1.78,1.74,1.74,1.73,2.05,2.07,2.1,,
2002-06-24,,1.77,,,1.75,1.77,1.78,1.74,1.74,1.81,2.01,2.05,2.07,,
2002-06-25,,1.75,,,1.76,1.76,1.79,1.75,1.74,1.74,2.04,2.04,2.07,,
2002-06-26,,1.78,,,1.75,1.75,1.77,1.74,1.73,1.73,2.06,2.05,2.05,,
2002-06-27,,1.81,,,1.75,1.77,1.78,1.76,1.74,1.73,2.03,2.02,2.07,,
2002-06-28,,1.73,,,1.74,1.76,1.76,1.76,1.74,1.74,2.0,2.05,2.14,,
2002-07-01,,1.83,,,1.74,1.76,1.77,1.75,1.74,1.75,1.99,2.02,2.04,,
2002-07-02,,1.72,,,1.75,1.76,1.76,1.74,1.75,1.74,2.05,2.1,2.06,,
2002-07-03,,1.71,,,1.74,1.75,1.74,1.74,1.74,1.74,1.99,2.08,2.06,,
2002-07-04,,,,,,,,,,,,,,,
2002-07-05,,1.72,,,1.75,1.76,1.77,1.75,1.74,1.73,2.0,2.08,2.02,,
2002-07-08,,1.75,,,1.75,1.75,1.77,1.74,1.76,1.77,2.02,2.06,2.04,,
2002-07-09,,1.72,,,1.74,1.75,1.78,1.73,1.74,1.76,2.01,2.04,2.07,,
2002-07-10,,1.74,,,1.74,1.76,1.77,1.74,1.74,1.76,2.01,2.02,2.04,,
2002-07-11,,1.76,,,1.74,1.75,1.76,1.74,1.73,1.76,1.98,2.03,2.07,,
2002-07-12,,1.71,,,1.74,1.75,1.77,1.73,1.74,1.75,2.01,2.01,2.02,,
2002-07-15,,1.83,,,1.74,1.76,1.77,1.72,1.74,1.76,1.98,1.99,2.03,,
2002-07-16,,1.72,,,1.74,1.75,1.76,1.72,1.73,1.74,2.0,2.06,2.06,,
2002-07-17,,1.71,,,1.74,1.75,1.75,1.73,1.74,1.76,1.98,2.02,2.05,,
2002-07-18,,1.74,,,1.75,1.75,1.77,1.73,1.74,1.77,1.99,2.0,2.08,,
2002-07-19,,1.72,,,1.74,1.75,1.76,1.72,1.74,1.75,2.01,2.0,2.04,,
2002-07-22,,1.77,,,1.75,1.76,1.76,1.73,1.75,1.74,2.01,2.01,2.03,,
2002-07-23,,1.73,,,1.75,1.75,1.76,1.74,1.74,1.75,2.0,2.02,2.03,,
2002-07-24,,1.67,,,1.74,1.75,1.75,1.74,1.75,1.73,2.03,2.0,2.01,,
2002-07-25,,1.75,,,1.74,1.75,1.74,1.77,1.72,1.73,1.98,2.02,2.04,,
2002-07-26,,1.69,,,1.73,1.74,1.73,1.73,1.73,1.72,1.97,2.04,2.05,,
2002-07-29,,1.75,,,1.75,1.74,1.74,1.74,1.73,1.73,1.97,1.99,2.05,,
2002-07-30,,1.71,,,1.75,1.75,1.76,1.72,1.72,1.74,2.02,1.98,2.05,,
2002-07-31,,1.76,,,1.75,1.76,1.75,1.81,1.74,1.8,2.01,2.07,2.12,,
2002-08-01,,1.79,,,1.74,1.74,1.76,1.75,1.74,1.76,2.03,1.98,2.02,,
2002-08-02,,1.72,,,1.73,1.74,1.74,1.72,1.73,1.72,1.99,2.05,2.06,,
2002-08-05,,1.77,,,1.71,1.71,1.71,1.72,1.7,1.67,2.01,2.0,1.98,,
2002-08-06,,1.74,,,1.7,1.7,1.68,1.71,1.7,1.68,2.0,1.95,1.96,,
2002-08-07,,1.71,,,1.71,1.7,1.69,1.72,1.69,1.69,2.04,1.98,2.0,,
2002-08-08,,1.71,,,1.69,1.69,1.68,1.69,1.67,1.65,1.96,1.98,2.03,,
2002-08-09,,1.68,,,1.7,1.69,1.68,1.68,1.71,1.67,1.93,2.0,2.09,,
2002-08-12,,1.76,,,1.7,1.69,1.68,1.7,1.66,1.67,1.93,1.93,1.98,,
2002-08-13,,1.74,,,1.7,1.69,1.67,1.7,1.68,1.69,1.95,1.95,1.95,,
2002-08-14,,1.78,,,1.7,1.69,1.65,1.7,1.7,1.71,2.0,2.0,2.01,,
2002-08-15,,1.87,,,1.72,1.7,1.69,1.75,1.66,1.69,1.96,1.95,1.94,,
2002-08-16,,1.7,,,1.71,1.7,1.7,1.71,1.69,1.69,1.96,1.97,2.14,,
2002-08-19,,1.72,,,1.71,1.71,1.69,1.72,1.69,1.69,1.98,2.04,1.99,,
2002-08-20,,1.7,,,1.73,1.71,1.71,1.7,1.69,1.69,1.95,2.03,2.06,,
2002-08-21,,1.72,,,1.72,1.71,1.71,1.7,1.7,1.7,1.98,1.94,1.97,,
2002-08-22,,1.73,,,1.73,1.71,1.71,1.73,1.7,1.7,1.95,2.03,2.17,,
2002-08-23,,1.72,,,1.73,1.73,1.73,1.73,1.7,,2.0,2.03,,,
2002-08-26,,1.81,,,1.74,1.74,1.74,1.72,1.71,1.7,1.95,2.08,2.03,,
2002-08-27,,1.79,,,1.75,1.74,1.74,1.73,1.71,1.72,2.01,2.09,2.12,,
2002-08-28,,1.8,,,1.74,1.75,1.75,1.72,1.73,1.71,1.97,2.0,1.98,,
2002-08-29,,1.82,,,1.76,1.74,1.74,1.72,1.74,1.73,2.12,2.05,2.03,,
2002-08-30,,1.81,,,1.75,1.75,1.76,1.71,1.73,1.72,1.99,2.05,2.05,,
2002-09-02,,,,,,,,,,,,,,,
2002-09-03,,1.87,,,1.74,1.74,1.74,1.72,1.73,1.73,2.05,2.04,2.04,,
2002-09-04,,1.74,,,1.74,1.74,1.73,1.71,1.73,1.72,2.0,2.06,2.02,,
2002-09-05,,1.75,,,1.73,1.73,1.72,1.73,1.72,1.71,1.97,2.03,2.06,,
2002-09-06,,1.71,,,1.74,1.73,1.72,1.72,1.7,1.68,1.98,2.03,2.0,,
2002-09-09,,1.76,,,1.73,1.75,1.75,1.73,1.71,1.7,1.95,2.0,1.99,,
2002-09-10,,1.74,,,1.74,1.73,1.74,1.72,1.71,1.73,1.97,2.0,1.99,,
2002-09-11,,1.72,,,1.74,1.75,1.75,1.73,1.73,1.73,1.98,2.07,,,
2002-09-12,,1.74,,,1.74,1.75,1.74,1.73,1.73,1.73,1.96,2.03,2.09,,
2002-09-13,,1.72,,,1.74,1.74,1.74,1.73,1.72,1.72,1.94,1.95,2.0,,
2002-09-16,,1.83,,,1.73,1.75,1.75,1.72,1.74,1.74,2.01,2.03,2.04,,
2002-09-17,,1.72,,,1.75,1.75,1.76,1.73,1.75,1.75,2.0,2.01,2.01,,
2002-09-18,,1.68,,,1.75,1.75,1.76,1.7,1.73,1.73,1.99,2.02,2.04,,
2002-09-19,,1.69,,,1.74,1.74,1.75,1.73,1.72,1.72,1.97,2.01,1.99,,
2002-09-20,,1.7,,,1.74,1.74,1.75,1.74,1.73,1.72,1.96,2.0,2.02,,
2002-09-23,,1.74,,,1.74,1.74,1.73,1.72,1.71,1.7,1.95,2.04,2.0,,
2002-09-24,,1.75,,,1.74,1.74,1.73,1.7,1.7,1.72,1.98,2.03,2.04,,
2002-09-25,,1.79,,,1.75,1.74,1.73,1.73,1.71,1.72,2.03,2.03,2.04,,
2002-09-26,,1.8,,,1.74,1.75,1.74,1.74,1.71,1.71,2.0,2.04,2.04,,
2002-09-27,,1.78,,,1.76,1.75,1.73,1.78,1.71,1.73,2.0,2.02,2.02,,
2002-09-30,,1.85,,,1.75,1.75,1.71,1.73,1.73,1.71,1.99,2.04,2.1,,
2002-10-01,,1.85,,,1.74,1.73,1.71,1.75,1.69,1.7,2.0,2.1,2.05,,
2002-10-02,,1.75,,,1.73,1.71,1.69,1.74,1.69,1.7,2.02,2.06,2.01,,
2002-10-03,,1.76,,,1.72,1.71,1.69,1.72,1.73,1.66,1.98,2.07,2.19,,
2002-10-04,,1.72,,,1.74,1.69,1.71,1.71,1.68,1.7,2.04,2.13,2.0,,
2002-10-07,,1.74,,,1.73,1.71,1.7,1.7,1.67,1.67,2.02,2.0,2.18,,
2002-10-08,,1.72,,,1.72,1.7,1.7,1.71,1.69,1.68,1.93,1.98,1.99,,
2002-10-09,,1.73,,,1.72,1.71,1.7,1.74,1.7,1.68,1.92,1.92,1.92,,
2002-10-10,,1.75,,,1.72,1.7,1.7,1.74,1.68,1.68,1.94,1.88,1.92,,
2002-10-11,,1.73,,,1.73,1.71,1.71,1.72,1.68,1.66,1.96,1.97,2.0,,
2002-10-14,,,,,,,,,,,,,,,
2002-10-15,,1.88,,,1.72,1.72,1.72,1.72,1.73,1.7,1.98,1.97,2.0,,
2002-10-16,,1.73,,,1.75,1.73,1.74,1.72,1.72,1.72,1.98,1.96,1.98,,
2002-10-17,,1.74,,,1.74,1.73,1.74,1.72,1.72,1.72,1.99,2.02,2.09,,
2002-10-18,,1.71,,,1.75,1.74,1.75,1.73,1.72,1.73,1.97,2.05,2.2,,
2002-10-21,,1.73,,,1.74,1.78,1.77,1.71,1.71,1.74,1.98,2.01,2.22,,
2002-10-22,,1.71,,,1.75,1.75,1.75,1.75,1.73,1.78,2.02,2.0,2.03,,
2002-10-23,,1.76,,,1.74,1.74,1.75,1.71,1.7,1.7,2.0,1.98,2.22,,
2002-10-24,,1.8,,,1.74,1.74,1.75,1.72,1.75,1.75,1.99,2.02,2.15,,
2002-10-25,,1.82,,,1.75,1.76,1.76,1.76,1.72,1.7,1.99,2.03,2.13,,
2002-10-28,,1.79,,,1.76,1.73,1.73,1.73,1.68,1.68,1.98,2.07,,,
2002-10-29,,1.75,,,1.74,1.7,1.67,1.74,1.7,1.68,1.95,2.06,2.24,,
2002-10-30,,1.72,,,1.68,1.64,1.62,1.65,1.65,1.61,2.01,2.04,2.11,,
2002-10-31,,1.82,,,1.65,1.63,1.63,1.66,1.6,,1.97,1.97,2.17,,
2002-11-01,,1.74,,,1.61,1.6,1.6,1.6,1.57,1.56,2.03,2.18,2.25,,
2002-11-04,,1.71,,,1.56,1.55,1.53,1.59,1.53,1.53,2.0,2.18,2.17,,
2002-11-05,,1.64,,,1.53,1.52,1.52,1.54,1.49,1.49,1.94,2.17,2.24,,
2002-11-06,,1.48,,,1.53,1.51,1.5,1.51,1.48,1.5,1.82,2.15,2.25,,
2002-11-07,,1.27,,,1.3,1.33,1.32,1.27,1.26,1.28,1.59,1.79,1.71,,
2002-11-08,,1.18,,,1.29,1.31,1.31,1.26,1.26,1.28,1.56,1.87,1.87,,
2002-11-11,,,,,,,,,,,,,,,
2002-11-12,,1.29,,,1.32,1.3,1.3,1.26,1.29,1.31,1.51,1.8,1.9,,
2002-11-13,,1.17,,,1.28,1.31,1.31,1.28,1.28,1.28,1.59,1.79,1.94,,
2002-11-14,,1.29,,,1.28,1.31,1.32,1.28,1.3,1.3,1.55,1.69,1.91,,
2002-11-15,,1.35,,,1.3,1.33,1.33,1.29,1.29,1.3,1.56,1.68,1.9,,
2002-11-18,,1.21,,,1.29,1.33,1.34,1.3,1.29,1.29,1.58,1.68,1.85,,
2002-11-19,,1.2,,,1.28,1.33,1.33,1.28,1.31,1.33,1.6,1.73,1.8,,
2002-11-20,,1.23,,,1.27,1.32,1.32,1.27,1.29,1.34,1.56,1.77,1.87,,
2002-11-21,,1.27,,,1.29,1.32,1.32,1.29,1.31,1.34,1.57,1.77,1.94,,
2002-11-22,,1.25,,,1.28,1.32,1.33,1.27,1.32,1.34,1.53,1.91,1.92,,
2002-11-25,,1.32,,,1.26,1.31,1.34,1.28,1.33,1.34,1.67,1.87,1.94,,
2002-11-26,,1.26,,,1.27,1.33,1.34,1.3,1.3,1.32,1.66,1.83,1.97,,
2002-11-27,,1.27,,,1.27,1.33,1.33,1.31,1.33,1.33,1.56,1.84,1.96,,
2002-11-28,,,,,,,,,,,,,,,
2002-11-29,,1.23,,,1.2,1.33,1.34,1.3,1.35,,1.46,1.87,1.98,,
2002-12-02,,1.27,,,1.32,1.34,1.34,1.31,1.35,1.34,1.65,1.82,1.92,,
2002-12-03,,1.24,,,1.3,1.34,1.33,1.28,1.34,1.3,1.75,1.8,1.97,,
2002-12-04,,1.23,,,1.32,1.32,1.33,1.27,1.31,1.3,1.89,1.85,1.82,,
2002-12-05,,1.24,,,1.32,1.32,1.33,1.29,1.32,1.32,1.95,1.84,1.91,,
2002-12-06,,1.21,,,1.32,1.32,1.33,1.32,1.31,1.31,1.72,1.86,1.76,,
2002-12-09,,1.22,,,1.34,1.31,1.32,1.31,1.3,1.33,1.77,1.95,1.94,,
2002-12-10,,1.22,,,1.32,1.31,1.33,1.33,1.29,1.31,1.8,1.88,1.88,,
2002-12-11,,1.29,,,1.32,1.32,1.33,1.32,1.31,1.3,1.63,1.89,1.97,,
2002-12-12,,1.29,,,1.31,1.32,1.32,1.32,1.31,1.31,1.62,1.77,1.9,,
2002-12-13,,1.25,,,1.31,1.31,1.32,1.32,1.3,1.3,1.7,1.9,1.93,,
2002-12-16,,1.36,,,1.31,1.32,1.32,1.31,1.3,1.3,1.81,1.95,1.95,,
2002-12-17,,1.26,,,1.31,1.31,1.33,1.35,1.34,1.34,1.73,1.88,1.96,,
2002-12-18,,1.25,,,1.3,1.32,1.33,1.32,1.3,1.33,1.94,1.93,1.93,,
2002-12-19,,1.28,,,1.3,1.32,1.32,1.32,1.35,1.3,1.97,1.96,1.96,,
2002-12-20,,1.26,,,1.3,1.32,1.31,1.31,1.29,1.31,1.83,1.94,1.93,,
2002-12-23,,1.28,,,1.3,1.32,1.31,1.31,1.34,1.31,1.92,1.87,1.95,,
2002-12-24,,1.15,,,1.31,1.31,1.32,1.33,1.31,1.31,1.86,1.93,1.96,,
2002-12-25,,,,,,,,,,,,,,,
2002-12-26,,1.28,,,1.31,1.31,1.32,1.34,1.33,,1.79,1.88,1.9,,
2002-12-27,,1.2,,,1.3,1.32,1.31,1.33,1.31,1.3,1.82,1.87,1.96,,
2002-12-30,,1.23,,,1.31,1.3,1.3,1.31,1.3,1.29,1.81,1.85,1.85,,
2002-12-31,,1.16,,,1.28,1.29,1.28,1.28,1.31,1.36,1.67,1.72,1.84,,
2003-01-01,,,,,,,,,,,,,,,
2003-01-02,,1.3,,,1.27,1.28,1.27,1.26,1.25,1.28,1.61,1.52,1.73,,
2003-01-03,,1.12,,,1.26,1.28,1.28,1.26,1.27,1.26,1.7,1.65,1.68,,
2003-01-06,,1.22,,,1.27,1.28,1.29,1.24,1.26,1.24,1.63,1.5,1.71,,
2003-01-07,,1.2,,,1.27,1.28,1.29,1.25,1.26,1.28,1.48,1.49,1.66,,
2003-01-08,,1.29,,,1.26,1.29,1.29,1.25,1.25,1.27,1.61,1.6,1.6,,
2003-01-09,,1.29,,,1.27,1.27,1.28,1.26,1.25,1.28,1.52,1.47,1.61,,
2003-01-10,,1.25,,,1.26,1.27,1.29,1.25,1.25,1.24,1.45,1.43,1.5,,
2003-01-13,,1.26,,,1.26,1.28,1.29,1.27,1.26,1.29,1.46,1.52,1.52,,
2003-01-14,,1.24,,,1.26,1.27,1.27,1.23,1.33,1.29,1.48,1.47,1.49,,
2003-01-15,,1.3,,,1.25,1.28,1.28,1.25,1.31,1.31,1.44,1.46,1.48,,
2003-01-16,,1.24,,,1.25,1.27,1.27,1.26,1.26,,1.46,1.41,1.46,,
2003-01-17,,1.2,,,1.25,1.27,1.28,1.25,1.27,1.26,1.45,1.47,1.55,,
2003-01-20,,,,,,,,,,,,,,,
2003-01-21,,1.31,,,1.26,1.29,1.27,1.27,1.25,1.25,1.47,1.5,1.5,,
2003-01-22,,1.26,,,1.26,1.26,1.26,1.24,1.25,1.24,1.45,1.45,1.43,,
2003-01-23,,1.27,,,1.25,1.26,1.26,1.25,1.24,,1.47,1.41,1.44,,
2003-01-24,,1.21,,,1.24,1.24,1.25,1.25,1.27,1.28,1.42,1.4,1.44,,
2003-01-27,,1.3,,,1.25,1.25,1.25,1.23,1.23,,1.41,1.42,1.45,,
2003-01-28,,1.23,,,1.23,1.25,1.25,1.25,1.27,1.24,1.45,1.4,1.46,,
2003-01-29,,1.26,,,1.25,1.24,1.25,1.24,1.23,1.23,1.41,1.43,1.47,,
2003-01-30,,1.29,,,1.25,1.23,1.25,1.23,1.25,1.24,1.45,1.42,1.51,,
2003-01-31,,1.33,,,1.25,1.26,1.26,1.24,1.23,1.23,1.42,1.49,1.49,,
2003-02-03,,1.3,,,1.25,1.26,1.25,1.24,1.29,1.25,1.43,1.54,1.49,,
2003-02-04,,1.21,,,1.25,1.25,1.25,1.23,1.25,,1.48,1.52,1.48,,
2003-02-05,,1.21,,,1.26,1.26,1.26,1.23,,,1.43,1.51,1.49,,
2003-02-06,,1.23,,,1.25,1.25,1.25,1.23,1.24,1.25,1.43,1.52,1.51,,
2003-02-07,,1.21,,,1.25,1.24,1.26,1.24,1.24,1.23,1.47,1.46,1.47,,
2003-02-10,,1.25,,,1.25,1.25,1.25,1.23,1.23,,1.41,1.5,1.5,,
2003-02-11,,1.22,,,1.24,1.26,1.26,1.26,1.24,1.25,1.44,1.46,1.49,,
2003-02-12,,1.23,,,1.24,1.26,1.26,1.25,1.24,1.27,1.49,1.46,1.51,,
2003-02-13,,1.28,,,1.24,1.26,1.25,1.23,1.23,1.28,1.38,1.4,1.5,,
2003-02-14,,1.3,,,1.25,1.25,1.24,1.24,1.23,1.25,1.44,1.46,1.42,,
2003-02-17,,,,,,,,,,,,,,,
2003-02-18,,1.35,,,1.24,1.22,1.25,1.24,1.24,1.23,1.42,1.42,1.44,,
2003-02-19,,1.24,,,1.25,1.25,1.26,1.26,1.25,1.27,1.47,1.4,1.53,,
2003-02-20,,1.25,,,1.24,1.25,1.25,1.24,1.28,1.33,1.46,1.45,1.47,,
2003-02-21,,1.21,,,1.25,1.24,1.25,1.24,1.24,1.24,1.41,1.47,1.54,,
2003-02-24,,1.25,,,1.25,1.25,1.25,1.23,1.24,,1.4,1.47,1.46,,
2003-02-25,,1.28,,,1.25,1.24,1.25,1.24,1.24,,1.44,1.47,1.49,,
2003-02-26,,1.28,,,1.25,1.25,1.26,1.24,1.28,1.23,1.44,1.45,1.46,,
2003-02-27,,1.31,,,1.25,1.26,1.26,1.25,1.23,,1.4,1.51,1.48,,
2003-02-28,,1.33,,,1.25,1.25,1.25,1.28,1.27,1.26,1.44,1.51,1.52,,
2003-03-03,,1.33,,,1.24,1.26,1.25,1.23,1.27,1.26,1.44,1.47,1.53,,
2003-03-04,,1.2,,,1.25,1.26,1.25,1.24,1.24,1.23,1.45,1.52,1.56,,
2003-03-05,,1.22,,,1.24,1.24,1.25,1.22,1.25,1.24,1.37,1.47,1.51,,
2003-03-06,,1.23,,,1.25,1.24,1.24,1.23,1.22,1.23,1.44,1.49,1.46,,
2003-03-07,,1.2,,,1.24,1.23,1.23,1.22,1.23,1.21,1.41,1.52,1.52,,
2003-03-10,,1.23,,,1.21,1.19,1.19,1.19,1.19,1.19,1.4,1.45,1.47,,
2003-03-11,,1.21,,,1.2,1.18,1.15,1.19,1.14,1.14,1.38,1.4,1.45,,
2003-03-12,,1.23,,,1.18,1.17,1.15,1.16,1.15,1.14,1.4,1.36,1.32,,
2003-03-13,,1.31,,,1.21,1.18,1.17,1.2,1.15,1.14,1.34,1.42,1.42,,
2003-03-14,,1.3,,,1.23,1.2,1.18,1.2,1.16,1.16,1.37,1.37,1.43,,
2003-03-17,,1.31,,,1.22,1.19,1.18,1.19,1.17,1.17,1.38,1.45,1.54,,
2003-03-18,,1.2,,,1.21,1.2,1.18,1.19,1.19,1.21,1.4,1.43,1.45,,
2003-03-19,,1.2,,,1.24,1.22,1.22,1.21,1.21,1.17,1.37,1.43,1.46,,
2003-03-20,,1.23,,,1.24,1.22,1.19,1.22,1.22,1.2,1.37,1.37,1.48,,
2003-03-21,,1.2,,,1.23,1.22,1.2,1.23,1.22,1.17,1.37,1.38,1.47,,
2003-03-24,,1.23,,,1.21,1.23,1.24,1.21,1.21,1.2,1.42,1.48,1.49,,
2003-03-25,,1.24,,,1.24,1.24,1.23,1.24,1.22,1.18,1.42,1.43,1.48,,
2003-03-26,,1.26,,,1.24,1.23,1.23,1.24,1.19,,1.37,1.42,1.54,,
2003-03-27,,1.29,,,1.25,1.21,1.24,1.24,1.24,1.21,1.41,1.4,1.5,,
2003-03-28,,1.26,,,1.25,1.23,1.23,1.24,,,1.47,1.47,1.46,,
2003-03-31,,1.38,,,1.25,1.22,1.21,1.22,1.22,,1.48,1.4,1.38,,
2003-04-01,,1.29,,,1.23,1.23,1.2,1.22,1.18,1.17,1.46,1.43,1.48,,
2003-04-02,,1.19,,,1.24,1.23,1.19,1.19,1.2,1.18,1.39,1.42,1.44,,
2003-04-03,,1.24,,,1.22,1.22,1.2,1.21,1.21,1.18,1.45,1.4,1.5,,
2003-04-04,,1.22,,,1.22,1.21,1.21,1.21,1.2,1.19,1.42,1.35,1.36,,
2003-04-07,,1.25,,,1.23,1.22,1.22,1.24,1.21,1.19,1.4,1.43,1.44,,
2003-04-08,,1.22,,,1.24,1.22,1.22,1.23,1.19,1.19,1.4,1.41,1.43,,
2003-04-09,,1.24,,,1.23,1.22,1.22,1.19,1.19,1.18,1.43,1.39,1.4,,
2003-04-10,,1.27,,,1.23,1.21,1.21,1.18,1.18,1.17,1.36,1.36,1.32,,
2003-04-11,,1.24,,,1.23,1.22,1.23,1.24,1.2,1.18,1.38,1.4,,,
2003-04-14,,1.32,,,1.23,1.23,1.23,1.17,1.22,1.21,1.46,1.43,1.45,,
2003-04-15,,1.34,,,1.24,1.24,1.25,1.22,1.22,1.22,1.39,1.36,1.44,,
2003-04-16,,1.26,,,1.24,1.24,1.24,1.23,1.23,,1.41,1.42,1.52,,
2003-04-17,,1.28,,,1.24,1.24,1.25,1.22,1.25,1.25,1.45,1.38,1.44,,
2003-04-18,,1.24,,,1.25,1.24,1.24,,,,,,,,
2003-04-21,,1.29,,,1.24,1.26,1.25,1.25,1.24,1.21,1.36,1.5,1.61,,
2003-04-22,,1.26,,,1.24,1.24,1.25,1.23,1.21,1.22,1.41,1.4,1.52,,
2003-04-23,,1.24,,,1.24,1.24,1.25,1.23,1.22,1.23,1.35,1.51,1.47,,
2003-04-24,,1.24,,,1.24,1.23,1.24,1.23,1.22,1.23,1.39,1.49,1.57,,
2003-04-25,,1.28,,,1.24,1.24,1.23,1.22,1.22,1.2,1.42,1.47,1.55,,
2003-04-28,,1.29,,,1.25,1.24,1.25,1.24,1.23,1.21,1.43,1.44,1.52,,
2003-04-29,,1.27,,,1.25,1.25,1.24,1.2,1.22,1.21,1.43,1.49,1.48,,
2003-04-30,,1.31,,,1.25,1.23,1.25,1.24,1.22,1.21,1.44,1.5,1.55,,
2003-05-01,,1.3,,,1.23,1.23,1.23,1.22,1.2,1.2,1.42,1.45,1.54,,
2003-05-02,,1.24,,,1.24,1.23,1.22,1.21,1.19,1.19,1.4,1.44,1.51,,
2003-05-05,,1.27,,,1.24,1.23,1.23,1.21,1.21,1.2,1.39,1.48,1.45,,
2003-05-06,,1.28,,,1.23,1.22,1.22,1.21,1.2,1.19,1.48,1.42,1.41,,
2003-05-07,,1.28,,,1.24,1.22,1.2,1.19,1.19,,1.41,1.45,1.44,,
2003-05-08,,1.27,,,1.24,1.21,1.19,1.2,1.2,1.18,1.41,1.54,1.5,,
2003-05-09,,1.24,,,1.23,1.22,1.2,1.2,1.19,1.19,1.37,1.45,1.51,,
2003-05-12,,1.25,,,1.23,1.22,1.2,1.22,1.2,1.19,1.54,1.51,1.49,,
2003-05-13,,1.23,,,1.24,1.23,1.22,1.2,1.2,1.21,1.41,1.45,1.4,,
2003-05-14,,1.3,,,1.24,1.23,1.21,1.21,1.2,1.19,1.45,1.42,1.46,,
2003-05-15,,1.36,,,1.24,1.23,1.21,1.24,1.19,1.19,1.42,1.41,1.5,,
2003-05-16,,1.26,,,1.24,1.22,1.21,1.22,1.21,1.18,1.37,1.44,1.51,,
2003-05-19,,1.26,,,1.24,1.22,1.21,1.2,1.18,1.17,1.44,1.42,1.49,,
2003-05-20,,1.23,,,1.24,1.21,1.2,1.2,1.19,1.17,1.39,1.41,1.49,,
2003-05-21,,1.23,,,1.21,1.2,1.18,1.2,1.18,1.17,1.47,1.44,1.49,,
2003-05-22,,1.25,,,1.24,1.2,1.18,1.21,1.19,1.17,1.35,1.37,1.43,,
2003-05-23,,1.21,,,1.23,1.21,1.2,1.25,1.2,1.2,1.37,1.4,1.42,,
2003-05-26,,,,,,,,,,,,,,,
2003-05-27,,1.32,,,1.24,1.21,1.19,1.22,1.2,1.19,1.44,1.39,1.4,,
2003-05-28,,1.29,,,1.24,1.23,1.21,1.24,1.2,1.18,1.42,1.4,1.4,,
2003-05-29,,1.29,,,1.25,1.21,1.19,1.21,1.19,1.2,1.39,1.41,1.42,,
2003-05-30,,1.28,,,1.23,1.22,1.19,1.24,1.2,1.25,1.38,1.52,1.44,,
2003-06-02,,1.27,,,1.23,1.21,1.19,1.23,1.19,1.19,1.44,1.42,1.47,,
2003-06-03,,1.21,,,1.25,1.2,1.21,1.23,1.2,1.18,1.35,1.35,1.4,,
2003-06-04,,1.22,,,1.23,1.17,1.16,1.21,1.2,1.2,1.32,1.46,1.39,,
2003-06-05,,1.26,,,1.21,1.16,1.14,1.21,1.16,1.1,1.38,1.4,1.42,,
2003-06-06,,1.24,,,1.19,1.13,1.1,1.19,1.13,1.12,1.4,1.44,,,
2003-06-09,,1.25,,,1.18,1.13,1.11,1.14,1.12,1.08,1.38,1.42,1.39,,
2003-06-10,,1.22,,,1.17,1.09,1.07,1.14,1.11,1.08,1.29,1.26,1.27,,
2003-06-11,,1.25,,,1.13,1.07,1.04,1.11,1.05,1.01,1.26,1.34,1.37,,
2003-06-12,,1.25,,,1.1,1.04,1.0,1.06,1.04,1.0,1.35,1.32,1.2,,
2003-06-13,,1.24,,,1.07,1.02,0.99,1.05,1.01,0.98,1.34,1.26,1.22,,
2003-06-16,,1.33,,,1.03,0.99,0.96,1.0,0.95,0.95,1.24,1.25,1.22,,
2003-06-17,,1.24,,,1.03,0.97,0.95,1.0,0.96,0.93,1.28,1.21,1.22,,
2003-06-18,,1.22,,,1.03,0.99,0.99,1.01,0.96,0.98,1.31,1.16,1.27,,
2003-06-19,,1.22,,,0.98,0.93,0.92,0.96,0.91,0.9,1.21,1.1,1.14,,
2003-06-20,,1.23,,,0.97,0.92,0.93,0.96,0.92,0.92,1.16,1.16,1.22,,
2003-06-23,,1.21,,,0.96,0.92,0.92,0.97,0.94,0.89,1.21,1.19,1.05,,
2003-06-24,,1.15,,,0.95,0.91,0.91,0.91,0.91,0.88,1.14,1.17,1.21,,
2003-06-25,,1.18,,,0.92,0.89,0.91,0.91,0.9,0.88,1.17,1.22,1.18,,
2003-06-26,,1.1,,,1.03,1.02,0.94,0.99,0.99,0.96,1.18,1.19,1.23,,
2003-06-27,,1.08,,,1.03,1.02,1.03,1.06,1.0,0.99,1.24,1.21,1.27,,
2003-06-30,,1.45,,,1.03,1.02,1.02,1.02,1.0,1.01,1.22,1.21,1.3,,
2003-07-01,,1.11,,,1.03,1.03,1.03,1.01,1.0,1.03,1.2,1.26,1.25,,
2003-07-02,,1.01,,,1.03,1.02,1.03,1.01,1.0,1.02,1.19,1.18,1.16,,
2003-07-03,,0.96,,,1.03,1.03,1.02,1.01,1.02,1.0,1.17,1.22,1.19,,
2003-07-04,,,,,,,,,,,,,,,
2003-07-07,,1.0,,,1.02,1.03,1.03,1.03,0.99,1.02,1.18,1.22,1.23,,
2003-07-08,,0.93,,,1.03,1.03,1.02,1.01,1.01,1.01,1.2,1.2,1.21,,
2003-07-09,,0.96,,,1.03,1.02,1.02,1.01,1.01,1.01,1.2,1.21,1.19,,
2003-07-10,,1.0,,,1.02,1.02,1.02,1.01,1.02,1.02,1.14,1.15,1.16,,
2003-07-11,,0.98,,,1.02,1.02,1.01,1.0,1.02,1.01,1.16,1.23,1.24,,
2003-07-14,,1.07,,,1.01,1.03,1.02,1.0,1.0,1.01,1.24,1.21,,,
2003-07-15,,1.13,,,1.02,1.01,1.02,1.0,1.01,1.0,1.14,1.18,1.15,,
2003-07-16,,1.01,,,1.01,1.02,1.02,1.01,1.01,1.0,1.19,1.17,1.2,,
2003-07-17,,1.02,,,1.02,1.03,1.03,1.02,1.02,1.0,1.15,1.16,1.24,,
2003-07-18,,0.99,,,1.01,1.02,1.03,1.01,1.02,1.01,1.14,1.25,1.26,,
2003-07-21,,1.02,,,1.03,1.03,1.02,1.01,1.01,1.02,1.18,1.24,1.24,,
2003-07-22,,1.0,,,1.01,1.03,1.02,1.0,1.0,1.01,1.15,1.25,1.26,,
2003-07-23,,1.05,,,1.02,1.02,1.02,1.01,1.03,1.01,1.15,1.22,1.24,,
2003-07-24,,1.04,,,1.02,1.02,1.02,1.02,1.03,1.01,1.18,1.18,1.23,,
2003-07-25,,1.03,,,1.02,1.03,1.02,1.05,1.03,1.01,1.16,1.2,1.23,,
2003-07-28,,1.05,,,1.03,1.03,1.04,1.02,1.03,1.01,1.2,1.22,1.2,,
2003-07-29,,1.04,,,1.03,1.04,1.03,1.01,1.04,1.05,1.17,1.21,1.21,,
2003-07-30,,1.03,,,1.04,1.04,1.04,1.02,1.03,,1.2,1.18,1.15,,
2003-07-31,,1.04,,,1.05,1.03,1.04,1.01,1.05,1.02,1.15,1.18,1.23,,
2003-08-01,,1.0,,,1.04,1.05,1.07,1.03,1.03,1.02,1.16,1.16,1.17,,
2003-08-04,,1.0,,,1.04,1.05,1.06,1.05,1.04,1.04,1.19,1.22,1.16,,
2003-08-05,,0.86,,,1.04,1.05,1.07,1.03,1.03,1.04,1.2,1.22,1.24,,
2003-08-06,,0.88,,,1.04,1.04,1.04,1.02,1.04,1.04,1.19,1.22,1.23,,
2003-08-07,,0.95,,,1.04,1.05,1.04,1.01,1.02,1.03,1.22,1.25,1.29,,
2003-08-08,,0.96,,,1.04,1.04,1.06,1.02,1.01,1.02,1.16,1.18,1.23,,
2003-08-11,,1.02,,,1.02,1.05,1.05,1.04,1.02,1.04,1.18,1.24,1.25,,
2003-08-12,,0.99,,,1.04,1.05,1.05,1.0,1.03,1.03,1.23,1.23,1.25,,
2003-08-13,,1.01,,,1.04,1.05,1.06,1.0,1.01,1.03,1.2,1.17,1.24,,
2003-08-14,,1.22,,,1.04,1.06,1.06,1.05,1.03,1.04,1.21,1.15,1.29,,
2003-08-15,,1.39,,,1.04,1.05,1.07,1.05,1.04,1.04,1.17,1.22,1.23,,
2003-08-18,,1.03,,,1.05,1.07,1.07,1.03,1.03,1.05,1.16,1.23,1.3,,
2003-08-19,,0.93,,,1.06,1.06,1.07,1.04,1.04,1.05,1.19,1.22,1.3,,
2003-08-20,,0.89,,,1.04,1.06,1.06,1.04,1.03,1.05,1.24,1.21,1.23,,
2003-08-21,,1.01,,,1.03,1.05,1.06,1.03,1.04,1.04,1.21,1.2,,,
2003-08-22,,0.99,,,1.05,1.05,1.07,1.04,1.03,1.05,1.18,1.24,1.27,,
2003-08-25,,1.04,,,1.04,1.05,1.07,1.03,1.04,,1.18,1.27,1.21,,
2003-08-26,,1.0,,,1.04,1.05,1.03,1.02,1.03,1.04,1.22,1.2,1.23,,
2003-08-27,,0.98,,,1.04,1.06,1.07,1.0,1.03,1.01,1.25,1.18,1.15,,
2003-08-28,,1.04,,,1.03,1.06,1.1,1.03,1.02,1.04,1.18,1.23,1.29,,
2003-08-29,,1.01,,,1.03,1.05,1.08,1.04,1.04,1.05,1.24,1.19,1.19,,
2003-09-01,,,,,,,,,,,,,,,
2003-09-02,,1.06,,,1.04,1.06,1.07,1.03,1.04,1.04,1.24,1.26,1.24,,
2003-09-03,,0.96,,,1.05,1.05,1.06,1.03,1.04,1.05,1.19,1.18,1.24,,
2003-09-04,,0.98,,,1.06,1.05,1.07,1.04,1.02,1.05,1.16,1.19,1.2,,
2003-09-05,,0.96,,,1.04,1.06,1.06,1.05,1.04,1.06,1.21,1.25,1.2,,
2003-09-08,,0.99,,,1.05,1.06,1.07,1.03,1.03,1.05,1.18,1.22,1.21,,
2003-09-09,,0.95,,,1.05,1.05,1.06,1.02,1.03,1.03,1.18,1.17,1.22,,
2003-09-10,,0.95,,,1.04,1.05,1.06,1.02,1.03,1.04,1.15,1.15,1.21,,
2003-09-11,,1.0,,,1.04,1.04,1.05,1.02,1.02,1.04,1.17,1.24,1.22,,
2003-09-12,,1.02,,,1.04,1.05,1.06,0.98,1.02,1.04,1.17,1.22,1.26,,
2003-09-15,,1.11,,,1.04,1.05,1.06,1.01,1.04,1.03,1.19,1.19,1.19,,
2003-09-16,,0.97,,,1.04,1.06,1.06,1.03,1.03,1.04,1.17,1.23,1.25,,
2003-09-17,,0.97,,,1.04,1.05,1.05,1.03,1.03,1.04,1.19,1.22,1.3,,
2003-09-18,,1.0,,,1.03,1.05,1.04,1.02,1.02,1.05,1.15,1.22,1.26,,
2003-09-19,,0.99,,,1.03,1.04,1.05,1.03,1.0,1.03,1.17,1.22,1.27,,
2003-09-22,,1.02,,,1.03,1.05,1.05,1.02,1.02,1.05,1.18,1.22,1.2,,
2003-09-23,,1.01,,,1.03,1.03,1.05,1.03,1.01,1.04,1.22,1.22,1.21,,
2003-09-24,,1.03,,,1.03,1.06,1.04,1.01,1.01,1.03,1.26,1.17,1.26,,
2003-09-25,,1.08,,,1.04,1.05,1.06,1.0,1.02,1.03,1.17,1.19,,,
2003-09-26,,1.03,,,1.03,1.04,1.06,1.01,1.02,1.05,1.15,1.15,1.16,,
2003-09-29,,1.04,,,1.03,1.03,1.04,1.01,1.04,1.04,1.17,1.25,1.26,,
2003-09-30,,1.17,,,1.03,1.03,1.05,1.01,1.04,1.05,1.13,1.17,1.14,,
2003-10-01,,1.11,,,1.03,1.03,1.04,1.01,1.01,1.03,1.2,1.25,1.22,,
2003-10-02,,1.02,,,1.02,1.04,1.04,1.02,1.03,1.04,1.12,1.2,1.22,,
2003-10-03,,0.99,,,1.03,1.05,1.05,1.01,1.02,1.05,1.19,1.15,1.2,,
2003-10-06,,0.99,,,1.03,1.04,1.06,1.02,1.02,1.03,1.18,1.24,1.25,,
2003-10-07,,0.98,,,1.02,1.04,1.06,1.02,1.03,1.06,1.18,1.18,1.26,,
2003-10-08,,0.99,,,1.03,1.04,1.05,1.03,1.03,1.04,1.17,1.16,1.28,,
2003-10-09,,1.02,,,1.03,1.04,1.05,1.02,1.03,1.04,1.19,1.14,1.15,,
2003-10-10,,,,,1.01,1.04,1.04,1.01,1.01,1.06,1.16,1.17,1.25,,
2003-10-13,,,,,,,,,,,,,,,
2003-10-14,,1.08,,,1.04,1.05,1.06,1.0,1.02,1.06,1.21,1.27,1.2,,
2003-10-15,,1.09,,,1.03,1.04,1.06,1.0,1.03,1.09,1.21,1.2,1.26,,
2003-10-16,,1.04,,,1.03,1.05,1.08,1.02,1.02,1.06,1.17,1.17,1.22,,
2003-10-17,,0.98,,,1.03,1.06,1.06,1.02,1.02,1.04,1.2,1.22,1.27,,
2003-10-20,,1.02,,,1.04,1.06,1.08,1.03,1.02,1.04,1.16,1.2,1.24,,
2003-10-21,,0.99,,,1.03,1.05,1.08,1.02,1.03,1.04,1.18,1.19,1.25,,
2003-10-22,,0.99,,,1.03,1.05,1.07,1.02,1.02,,1.13,1.3,1.3,,
2003-10-23,,1.02,,,1.03,1.04,1.06,1.01,1.02,,1.18,1.26,1.26,,
2003-10-24,,1.01,,,1.03,1.05,1.06,1.01,1.05,1.05,1.19,1.22,1.27,,
2003-10-27,,1.03,,,1.03,1.05,1.06,1.02,1.03,1.09,1.19,1.22,1.22,,
2003-10-28,,0.98,,,1.03,1.03,1.07,1.02,1.02,1.08,1.13,1.19,1.27,,
2003-10-29,,0.97,,,1.03,1.04,1.06,1.03,1.03,1.05,1.16,1.2,1.28,,
2003-10-30,,,,,1.03,1.04,1.07,1.02,1.02,1.05,1.19,1.25,1.25,,
2003-10-31,,,,,1.02,1.05,1.07,1.04,1.02,1.06,1.2,1.2,1.33,,
2003-11-03,,1.02,,,1.04,1.05,1.08,1.01,1.03,1.06,1.23,1.3,1.31,,
2003-11-04,,0.98,,,1.04,1.06,1.09,1.02,1.04,1.03,1.17,1.17,1.35,,
2003-11-05,,0.98,,,1.03,1.05,1.08,1.0,1.03,1.06,1.19,1.19,1.31,,
2003-11-06,,1.0,,,1.02,1.07,1.09,1.03,1.04,1.06,1.19,1.2,1.24,,
2003-11-07,,0.98,,,1.03,1.06,1.1,1.02,1.03,1.06,1.16,1.18,1.33,,
2003-11-10,,0.99,,,1.04,1.05,1.08,1.07,1.05,1.03,1.21,1.3,1.25,,
2003-11-11,,,,,,,,,,,,,,,
2003-11-12,,1.0,,,1.04,1.05,1.08,1.01,1.07,1.08,1.22,1.29,1.3,,
2003-11-13,,0.99,,,1.02,1.07,1.08,1.01,1.04,1.06,1.24,1.22,1.27,,
2003-11-14,,0.98,,,1.03,1.06,1.08,1.01,1.07,1.05,1.2,1.22,1.25,,
2003-11-17,,1.04,,,1.02,1.05,1.08,1.01,1.06,1.06,1.16,1.22,1.21,,
2003-11-18,,0.98,,,1.03,1.06,1.08,1.02,1.05,1.06,1.14,1.27,1.26,,
2003-11-19,,0.98,,,1.03,1.06,1.08,1.02,1.05,1.06,1.15,1.21,1.36,,
2003-11-20,,1.0,,,1.03,1.07,1.08,1.02,1.05,1.07,1.19,1.26,1.33,,
2003-11-21,,0.98,,,1.03,1.06,1.07,1.03,1.05,1.07,1.12,1.25,1.32,,
2003-11-24,,0.98,,,1.01,1.06,1.08,1.0,1.05,1.07,1.15,1.28,1.35,,
2003-11-25,,1.02,,,1.02,1.06,1.08,1.01,1.05,1.06,1.12,1.29,,,
2003-11-26,,1.01,,,1.02,1.05,1.06,1.04,1.04,1.07,1.18,1.3,1.34,,
2003-11-27,,,,,,,,,,,,,,,
2003-11-28,,1.01,,,1.02,1.05,1.06,1.02,1.07,1.09,1.12,1.25,1.34,,
2003-12-01,,1.03,,,1.03,1.06,1.08,1.02,1.03,1.06,1.21,1.33,,,
2003-12-02,,0.97,,,1.02,1.07,1.08,1.0,1.05,1.07,1.17,1.3,1.34,,
2003-12-03,,0.98,,,1.05,1.07,1.09,1.01,1.06,1.05,1.16,1.16,1.27,,
2003-12-04,,0.99,,,1.04,1.08,1.07,1.03,1.05,1.05,1.25,1.33,1.17,,
2003-12-05,,0.98,,,1.04,1.08,1.09,1.03,1.04,1.05,1.24,1.24,1.35,,
2003-12-08,,0.99,,,1.06,1.08,1.09,1.02,1.05,1.04,1.19,1.36,1.36,,
2003-12-09,,0.97,,,1.06,1.08,1.09,1.04,1.05,1.05,1.17,1.33,,,
2003-12-10,,0.99,,,1.07,1.07,1.08,1.03,1.05,1.06,1.21,1.16,1.28,,
2003-12-11,,0.99,,,1.06,1.07,1.08,1.01,1.05,,1.17,1.2,1.37,,
2003-12-12,,0.99,,,1.07,1.08,1.07,1.01,1.04,1.04,1.16,1.33,1.36,,
2003-12-15,,1.04,,,1.06,1.07,1.08,1.04,1.04,1.05,1.23,1.3,1.37,,
2003-12-16,,0.99,,,1.06,1.07,1.06,1.05,1.05,,1.27,1.33,1.36,,
2003-12-17,,0.99,,,1.06,1.06,1.07,1.03,1.05,1.08,1.27,1.28,1.35,,
2003-12-18,,1.01,,,1.06,1.06,1.06,1.02,1.06,,1.2,1.29,1.36,,
2003-12-19,,0.98,,,1.06,1.06,1.08,1.02,1.07,,1.17,1.21,1.38,,
2003-12-22,,1.02,,,1.06,1.07,1.08,1.02,1.09,1.06,1.18,1.25,1.27,,
2003-12-23,,1.0,,,1.06,1.07,1.07,1.09,1.02,,1.21,1.33,1.36,,
2003-12-24,,0.97,,,1.06,1.07,1.06,1.07,1.08,,1.35,1.2,1.36,,
2003-12-25,,,,,,,,,,,,,,,
2003-12-26,,0.97,,,1.04,1.05,1.06,1.05,1.05,,1.2,,,,
2003-12-29,,0.98,,,1.04,1.05,1.06,1.02,1.08,1.03,1.31,1.33,1.34,,
2003-12-30,,0.93,,,1.03,1.04,1.05,1.05,1.03,,1.26,1.34,,,
2003-12-31,,0.94,,,1.0,1.03,1.05,1.0,1.0,,1.19,1.12,,,
2004-01-01,,,,,,,,,,,,,,,
2004-01-02,,1.01,,,1.01,1.02,1.03,1.03,1.02,,1.14,1.21,,,
2004-01-05,,0.97,,,1.02,1.04,1.05,1.02,1.01,,1.21,1.26,,,
2004-01-06,,0.92,,,1.02,1.03,1.05,1.0,1.01,,1.27,1.14,1.3,,
2004-01-07,,0.94,,,1.01,1.03,1.05,1.0,1.01,,1.22,1.25,1.18,,
2004-01-08,,0.99,,,1.02,1.03,1.04,0.99,1.02,1.08,1.18,1.11,1.3,,
2004-01-09,,0.99,,,1.02,1.02,1.04,0.98,1.0,1.01,1.1,1.13,1.2,,
2004-01-12,,1.0,,,1.01,1.02,1.04,1.0,1.0,,1.09,1.12,1.17,,
2004-01-13,,0.99,,,1.0,1.02,1.03,0.98,1.01,1.04,1.11,1.16,1.27,,
2004-01-14,,1.01,,,1.01,1.02,1.03,0.98,1.02,1.03,1.23,1.12,1.16,,
2004-01-15,,1.04,,,1.01,1.02,1.03,0.98,0.99,0.98,1.11,1.12,1.25,,
2004-01-16,,0.98,,,1.01,1.01,1.03,0.98,1.0,1.0,1.11,1.18,1.12,,
2004-01-19,,,,,,,,,,,,,,,
2004-01-20,,1.02,,,1.01,1.02,1.04,0.97,1.0,1.0,1.18,1.13,1.18,,
2004-01-21,,1.0,,,1.0,1.02,1.03,0.99,0.99,1.0,1.17,1.11,1.17,,
2004-01-22,,1.02,,,1.01,1.02,1.03,1.0,1.0,,1.13,1.11,1.26,,
2004-01-23,,1.0,,,1.01,1.01,1.03,0.97,1.0,,1.14,1.14,1.19,,
2004-01-26,,1.08,,,1.0,1.03,1.04,0.98,1.0,1.0,1.13,1.12,1.25,,
2004-01-27,,1.02,,,1.02,1.02,1.04,1.0,0.98,1.0,1.12,1.1,1.17,,
2004-01-28,,0.99,,,1.01,1.03,1.04,1.06,1.0,1.01,1.08,1.1,1.27,,
2004-01-29,,1.0,,,1.01,1.03,1.03,0.99,1.0,1.0,1.13,1.16,1.13,,
2004-01-30,,1.03,,,1.0,1.03,1.04,0.99,1.07,,1.1,1.26,1.2,,
2004-02-02,,1.01,,,1.01,1.03,1.03,0.98,1.03,1.01,1.1,1.11,1.13,,
2004-02-03,,0.97,,,1.0,1.03,1.04,0.99,1.0,1.02,1.1,1.06,1.2,,
2004-02-04,,1.0,,,1.01,1.03,1.04,0.99,1.0,1.01,1.16,1.21,,,
2004-02-05,,1.01,,,1.01,1.03,1.04,1.0,1.01,1.01,1.09,1.26,1.25,,
2004-02-06,,0.99,,,1.0,1.02,1.04,1.0,1.0,1.01,1.08,1.1,1.16,,
2004-02-09,,1.01,,,1.01,1.02,1.04,0.99,1.0,,1.11,1.11,1.12,,
2004-02-10,,1.0,,,1.02,1.03,1.04,1.0,1.01,1.01,1.12,1.12,1.15,,
2004-02-11,,1.0,,,1.01,1.02,1.04,1.0,1.0,1.0,1.14,1.11,1.15,,
2004-02-12,,1.02,,,1.0,1.02,1.02,1.01,1.0,1.01,1.14,1.12,1.15,,
2004-02-13,,1.01,,,1.01,1.02,1.03,0.98,1.01,1.01,1.12,1.17,1.15,,
2004-02-16,,,,,,,,,,,,,,,
2004-02-17,,1.02,,,1.01,1.03,1.02,0.98,1.01,,1.12,1.13,1.14,,
2004-02-18,,1.0,,,1.01,1.02,1.03,0.97,1.0,,1.08,1.12,1.23,,
2004-02-19,,1.0,,,1.01,1.02,1.02,1.0,0.99,,1.1,1.16,1.19,,
2004-02-20,,0.99,,,1.0,1.02,1.03,0.98,1.01,,1.1,1.14,1.18,,
2004-02-23,,1.0,,,1.02,1.02,1.04,1.02,1.0,,1.12,1.11,1.24,,
2004-02-24,,0.99,,,1.01,1.02,1.04,1.0,,,1.11,1.09,1.18,,
2004-02-25,,1.02,,,1.01,1.03,1.03,0.99,1.0,,1.13,1.12,1.14,,
2004-02-26,,1.03,,,1.0,1.02,1.03,0.98,1.01,,1.09,1.09,1.16,,
2004-02-27,,1.04,,,1.0,1.03,1.03,1.0,1.02,,1.11,1.18,1.17,,
2004-03-01,,1.04,,,1.01,1.03,1.03,0.99,1.0,1.0,1.13,1.1,1.07,,
2004-03-02,,1.0,,,1.01,1.03,1.04,0.99,1.01,,1.09,1.13,1.21,,
2004-03-03,,1.0,,,1.01,1.02,1.02,0.99,1.01,1.0,1.1,1.18,1.22,,
2004-03-04,,0.99,,,1.01,1.02,1.03,0.98,1.0,1.0,1.11,1.09,1.14,,
2004-03-05,,1.0,,,1.0,1.01,1.02,0.98,1.0,1.0,1.11,1.13,1.15,,
2004-03-08,,1.0,,,1.02,1.03,1.03,0.99,1.0,1.0,1.09,1.11,1.18,,
2004-03-09,,0.99,,,1.01,1.02,1.03,0.98,1.0,0.99,1.1,1.08,,,
2004-03-10,,1.0,,,1.02,1.02,1.03,0.99,1.0,,1.13,1.12,1.14,,
2004-03-11,,1.01,,,1.01,1.02,1.02,0.98,0.99,1.0,1.11,1.1,1.16,,
2004-03-12,,0.99,,,1.01,1.02,1.04,0.99,0.99,,1.07,1.1,1.21,,
2004-03-15,,1.05,,,1.01,1.02,1.02,0.97,1.0,1.0,1.08,1.08,1.11,,
2004-03-16,,0.99,,,1.01,1.04,1.02,0.99,0.98,,1.08,1.09,1.11,,
2004-03-17,,1.0,,,1.02,1.01,1.03,0.99,1.0,,1.1,1.09,1.16,,
2004-03-18,,1.0,,,1.01,1.01,1.02,0.99,0.99,1.01,1.09,1.09,1.1,,
2004-03-19,,0.99,,,1.01,1.03,1.03,0.99,1.0,1.01,1.09,1.09,1.14,,
2004-03-22,,1.01,,,1.02,1.02,1.03,0.98,1.0,1.02,1.08,1.2,1.09,,
2004-03-23,,0.99,,,1.01,1.02,1.02,0.98,1.0,,1.13,1.19,1.11,,
2004-03-24,,0.99,,,1.02,1.02,1.03,0.97,1.0,1.01,1.12,1.19,1.21,,
2004-03-25,,1.02,,,1.01,1.02,1.03,0.99,0.99,1.0,1.11,1.09,1.14,,
2004-03-26,,1.0,,,1.01,1.03,1.02,0.99,0.99,1.02,1.13,1.09,1.14,,
2004-03-29,,1.0,,,1.03,1.04,1.03,1.05,0.99,1.0,1.08,1.18,1.12,,
2004-03-30,,0.98,,,1.02,1.03,1.04,1.0,1.0,1.0,1.08,1.13,1.16,,
2004-03-31,,1.05,,,1.02,1.02,1.04,0.99,1.01,1.02,1.16,1.13,1.2,,
2004-04-01,,1.03,,,1.01,1.04,1.04,1.0,0.99,,1.08,1.1,,,
2004-04-02,,1.0,,,1.02,1.03,1.06,1.01,1.0,,1.08,1.12,1.15,,
2004-04-05,,1.01,,,1.01,1.04,1.04,0.99,1.01,,1.13,1.14,1.3,,
2004-04-06,,1.0,,,1.02,1.02,1.04,1.0,1.0,,1.1,1.07,1.16,,
2004-04-07,,1.0,,,1.03,1.03,1.04,1.0,1.01,,1.11,1.11,1.22,,
2004-04-08,,1.02,,,1.01,1.01,1.04,1.0,1.0,1.01,1.16,1.11,1.18,,
2004-04-09,,1.01,,,1.0,1.02,,,,,,,,,
2004-04-12,,1.0,,,1.02,1.03,1.04,0.99,1.01,1.03,1.09,1.22,1.25,,
2004-04-13,,1.0,,,1.03,1.03,1.04,1.02,1.0,,1.11,1.12,1.2,,
2004-04-14,,1.01,,,1.02,1.04,1.07,1.04,1.0,,1.11,1.1,1.19,,
2004-04-15,,1.03,,,1.03,1.03,1.06,1.0,1.01,1.02,1.1,1.15,1.19,,
2004-04-16,,0.99,,,1.02,1.03,1.06,1.0,1.02,1.02,1.11,1.19,1.16,,
2004-04-19,,1.0,,,1.02,1.03,1.05,1.0,1.0,1.04,1.1,1.17,,,
2004-04-20,,0.99,,,1.02,1.04,1.06,1.0,1.0,,1.09,1.09,1.19,,
2004-04-21,,0.99,,,1.02,1.03,1.06,1.06,1.01,1.07,1.09,1.13,1.2,,
2004-04-22,,1.0,,,1.01,1.04,1.08,1.03,1.01,1.04,1.1,1.13,1.15,,
2004-04-23,,0.99,,,1.01,1.04,1.06,0.97,1.0,1.05,1.1,1.13,1.23,,
2004-04-26,,1.01,,,1.02,1.04,1.07,0.99,1.06,1.09,1.1,1.12,1.21,,
2004-04-27,,0.99,,,1.03,1.04,1.08,0.99,1.01,1.06,1.15,1.15,1.15,,
2004-04-28,,1.01,,,1.02,1.03,1.07,0.98,1.01,1.08,1.1,1.13,1.21,,
2004-04-29,,1.03,,,1.01,1.03,1.08,0.97,1.03,1.07,1.12,1.12,1.25,,
2004-04-30,,1.03,,,1.01,1.06,1.11,0.99,1.02,1.08,1.12,1.13,1.26,,
2004-05-03,,1.03,,,1.02,1.05,1.08,0.99,1.0,1.07,1.12,1.13,1.22,,
2004-05-04,,1.0,,,1.02,1.05,1.08,1.0,1.03,,1.13,1.13,1.22,,
2004-05-05,,0.99,,,1.02,1.04,1.09,1.02,1.01,,1.12,1.14,1.23,,
2004-05-06,,1.0,,,1.02,1.05,1.09,1.0,1.02,1.05,1.12,1.13,1.22,,
2004-05-07,,0.99,,,1.02,1.05,1.12,1.01,1.04,1.07,1.12,1.2,1.3,,
2004-05-10,,1.0,,,1.03,1.05,1.14,0.99,1.06,,1.14,1.17,1.24,,
2004-05-11,,0.96,,,1.02,1.07,1.14,1.02,1.03,,1.19,1.16,1.25,,
2004-05-12,,0.98,,,1.01,1.06,1.16,0.99,1.04,,1.11,1.16,1.27,,
2004-05-13,,1.0,,,1.01,1.07,1.15,0.99,,,1.12,1.17,1.24,,
2004-05-14,,1.02,,,1.02,1.07,1.15,0.99,1.05,,1.11,1.18,1.27,,
2004-05-17,,1.05,,,1.03,1.06,1.15,0.99,1.04,1.09,1.2,1.15,1.34,,
2004-05-18,,1.0,,,1.02,1.07,1.15,1.01,,,1.14,1.19,1.28,,
2004-05-19,,1.0,,,1.03,1.09,1.17,1.0,1.05,,1.15,1.18,1.37,,
2004-05-20,,1.0,,,1.03,1.09,1.19,1.01,1.05,,1.18,1.22,1.33,,
2004-05-21,,0.99,,,1.02,1.09,1.18,1.01,1.05,,1.14,1.26,1.3,,
2004-05-24,,1.0,,,1.02,1.11,1.19,1.01,1.09,,1.1,1.22,1.32,,
2004-05-25,,1.0,,,1.03,1.14,1.22,1.0,1.07,,1.18,1.21,1.32,,
2004-05-26,,0.99,,,1.02,1.09,1.21,1.0,,,1.12,1.22,1.36,,
2004-05-27,,1.0,,,1.04,1.17,1.22,1.0,,,1.15,1.24,1.35,,
2004-05-28,,1.02,,,1.02,1.15,1.23,1.01,,,1.14,1.22,1.31,,
2004-05-31,,,,,,,,,,,,,,,
2004-06-01,,1.02,,,1.03,1.14,1.24,1.0,1.07,1.2,1.13,1.2,1.34,,
2004-06-02,,0.98,,,1.03,1.15,1.23,1.02,1.12,1.22,1.13,1.27,1.39,,
2004-06-03,,0.99,,,1.04,1.14,1.26,0.98,1.11,1.23,1.17,1.31,1.36,,
2004-06-04,,0.99,,,1.04,1.18,1.32,1.04,1.11,,1.18,1.28,1.43,,
2004-06-07,,0.99,,,1.08,1.19,1.28,1.06,1.14,1.27,1.26,1.28,1.38,,
2004-06-08,,0.97,,,1.07,1.17,1.29,1.05,1.13,1.25,1.22,1.32,1.47,,
2004-06-09,,0.99,,,1.08,1.2,1.34,1.05,1.19,1.29,1.2,1.38,1.45,,
2004-06-10,,1.0,,,1.08,1.21,1.36,1.1,1.16,,1.26,1.35,1.45,,
2004-06-11,,1.0,,,1.07,1.22,1.36,,,,1.24,1.4,1.49,,
2004-06-14,,1.02,,,1.16,1.29,1.43,1.12,1.29,1.42,1.27,1.49,1.44,,
2004-06-15,,1.03,,,1.18,1.29,1.45,1.17,1.27,1.45,1.28,1.42,1.61,,
2004-06-16,,1.0,,,1.16,1.28,1.44,1.14,1.25,1.42,1.35,1.42,1.54,,
2004-06-17,,1.01,,,1.15,1.3,1.46,1.18,1.24,1.4,1.34,1.42,1.61,,
2004-06-18,,1.0,,,1.17,1.3,1.46,1.15,1.25,,1.3,1.44,1.54,,
2004-06-21,,1.0,,,1.21,1.32,1.47,1.17,1.23,,1.33,1.45,1.45,,
2004-06-22,,1.0,,,1.18,1.31,1.44,1.17,1.28,,1.32,1.48,1.71,,
2004-06-23,,1.02,,,1.23,1.33,1.45,1.18,1.26,,1.31,1.52,1.63,,
2004-06-24,,1.03,,,1.22,1.33,1.48,1.19,1.26,,1.32,1.46,1.58,,
2004-06-25,,1.05,,,1.25,1.33,1.43,1.19,1.29,,1.37,1.51,1.62,,
2004-06-28,,1.09,,,1.28,1.35,1.45,1.24,1.29,1.43,1.38,1.57,1.6,,
2004-06-29,,1.13,,,1.31,1.36,1.48,1.25,1.34,,1.4,1.6,1.66,,
2004-06-30,,1.38,,,1.31,1.39,1.47,1.27,1.31,1.47,1.39,1.54,1.64,,
2004-07-01,,1.4,,,1.28,1.38,1.49,1.27,1.35,1.48,1.44,1.48,1.67,,
2004-07-02,,1.25,,,1.28,1.34,1.46,1.25,1.34,1.48,1.44,1.54,1.71,,
2004-07-05,,,,,,,,,,,,,,,
2004-07-06,,1.3,,,1.27,1.37,1.49,1.25,1.34,,1.4,1.46,1.69,,
2004-07-07,,1.26,,,1.26,1.35,1.45,1.24,1.34,,1.45,1.47,1.69,,
2004-07-08,,1.26,,,1.27,1.38,1.46,1.24,1.34,1.46,1.38,1.52,1.63,,
2004-07-09,,1.24,,,1.26,1.37,1.47,1.25,1.35,,1.37,1.48,1.63,,
2004-07-12,,1.26,,,1.3,1.37,1.48,1.25,1.36,,1.45,1.47,1.6,,
2004-07-13,,1.24,,,1.31,1.37,1.51,1.25,1.33,1.46,1.44,1.51,1.64,,
2004-07-14,,1.24,,,1.3,1.4,1.47,1.24,1.34,1.48,1.43,1.5,1.68,,
2004-07-15,,1.3,,,1.3,1.4,1.46,1.29,1.36,1.5,1.43,1.49,1.67,,
2004-07-16,,1.24,,,1.3,1.43,1.5,1.27,1.38,1.5,1.45,1.53,1.65,,
2004-07-19,,1.25,,,1.32,1.41,1.52,1.3,1.37,1.49,1.47,1.56,1.71,,
2004-07-20,,1.25,,,1.3,1.41,1.53,1.32,1.36,1.5,1.52,1.6,1.69,,
2004-07-21,,1.25,,,1.33,1.44,1.52,1.31,1.39,1.51,1.51,1.59,1.71,,
2004-07-22,,1.26,,,1.34,1.42,1.5,1.32,1.41,1.5,1.45,1.58,1.61,,
2004-07-23,,1.25,,,1.33,1.45,1.54,1.32,1.4,1.51,1.47,1.6,1.73,,
2004-07-26,,1.27,,,1.36,1.45,1.53,1.33,1.42,1.54,1.46,1.61,1.7,,
2004-07-27,,1.27,,,1.36,1.48,1.57,1.34,1.42,1.53,1.52,1.57,1.68,,
2004-07-28,,1.29,,,1.38,1.46,1.6,1.34,1.45,1.55,1.49,1.64,1.74,,
2004-07-29,,1.3,,,1.41,1.48,1.61,1.34,1.45,1.56,1.52,1.72,1.77,,
2004-07-30,,1.29,,,1.4,1.53,1.61,1.33,1.47,,1.53,1.61,1.73,,
2004-08-02,,1.28,,,1.41,1.53,1.62,1.4,,,1.54,1.61,1.67,,
2004-08-03,,1.24,,,1.43,1.5,1.63,1.41,1.46,1.55,1.59,1.67,1.75,,
2004-08-04,,1.22,,,1.45,1.52,1.65,1.43,1.49,1.58,1.58,1.62,1.74,,
2004-08-05,,1.3,,,1.47,1.53,1.63,1.45,1.54,1.56,1.58,1.62,1.74,,
2004-08-06,,1.32,,,1.46,1.54,1.62,1.46,1.5,,1.57,1.69,1.77,,
2004-08-09,,1.35,,,1.5,1.53,1.58,1.44,1.5,,1.62,1.7,1.73,,
2004-08-10,,1.43,,,1.5,1.53,1.59,1.48,1.5,,1.61,1.73,1.76,,
2004-08-11,,1.5,,,1.51,1.55,1.62,1.48,1.52,1.58,1.66,1.73,1.77,,
2004-08-12,,1.51,,,1.5,1.55,1.62,1.48,1.52,1.56,1.64,1.65,1.78,,
2004-08-13,,1.48,,,1.5,1.56,1.64,1.48,1.53,1.6,1.63,1.65,1.76,,
2004-08-16,,1.43,,,1.5,1.58,1.62,1.5,1.54,1.6,1.65,1.7,1.78,,
2004-08-17,,1.2,,,1.5,1.56,1.6,1.49,1.52,1.64,1.66,1.69,1.78,,
2004-08-18,,1.39,,,1.49,1.57,1.63,1.49,1.54,1.6,1.59,1.71,1.75,,
2004-08-19,,1.5,,,1.5,1.56,1.65,1.48,1.54,1.6,1.66,1.68,1.75,,
2004-08-20,,1.5,,,1.49,1.58,1.65,1.48,1.55,1.62,1.63,1.71,1.78,,
2004-08-23,,1.51,,,1.5,1.59,1.64,1.49,1.55,,1.62,1.68,1.71,,
2004-08-24,,1.51,,,1.5,1.6,1.67,1.5,1.56,1.65,1.63,1.74,1.84,,
2004-08-25,,1.55,,,1.52,1.62,1.68,1.52,1.55,1.65,1.6,1.74,1.77,,
2004-08-26,,1.55,,,1.53,1.62,1.69,1.5,1.56,,1.63,1.74,1.88,,
2004-08-27,,1.52,,,1.54,1.63,1.7,1.51,1.57,1.93,1.64,1.83,1.89,,
2004-08-30,,1.54,,,1.54,1.65,1.75,1.51,1.59,,1.67,1.77,1.81,,
2004-08-31,,1.55,,,1.54,1.63,1.71,1.53,1.59,1.65,1.71,1.72,1.8,,
2004-09-01,,1.53,,,1.56,1.64,1.73,1.53,1.6,1.67,1.7,1.74,1.83,,
2004-09-02,,1.51,,,1.56,1.66,1.71,1.54,1.61,1.69,1.71,1.75,1.85,,
2004-09-03,,1.48,,,1.56,1.67,1.73,1.54,1.61,1.69,1.73,1.76,1.84,,
2004-09-06,,,,,,,,,,,,,,,
2004-09-07,,1.54,,,1.62,1.69,1.76,1.59,1.64,,1.77,1.83,1.88,,
2004-09-08,,1.51,,,1.64,1.7,1.79,1.61,1.63,,1.74,1.81,1.83,,
2004-09-09,,1.49,,,1.66,1.71,1.77,1.62,1.65,1.75,1.75,1.77,1.88,,
2004-09-10,,1.48,,,1.65,1.7,1.78,1.61,1.69,1.76,1.77,1.81,1.91,,
2004-09-13,,1.51,,,1.67,1.73,1.81,1.64,1.71,,1.78,1.81,1.91,,
2004-09-14,,1.4,,,1.68,1.73,1.78,1.66,1.73,,1.79,1.85,1.92,,
2004-09-15,,1.57,,,1.69,1.73,1.81,1.65,1.73,,1.83,1.81,1.9,,
2004-09-16,,1.61,,,1.73,1.76,1.81,1.68,1.74,,1.82,1.83,1.92,,
2004-09-17,,1.58,,,1.72,1.76,1.81,1.72,1.73,,1.85,1.89,1.94,,
2004-09-20,,1.64,,,1.74,1.77,1.83,1.72,1.76,1.78,1.83,1.87,1.97,,
2004-09-21,,1.7,,,1.75,1.79,1.82,1.72,1.74,,1.87,1.87,1.9,,
2004-09-22,,1.78,,,1.76,1.79,1.85,1.71,1.77,,1.86,1.91,1.97,,
2004-09-23,,1.8,,,1.76,1.78,1.85,1.72,1.77,,1.87,1.91,1.98,,
2004-09-24,,1.76,,,1.75,1.79,1.87,1.75,1.75,,1.83,1.91,1.97,,
2004-09-27,,1.76,,,1.75,1.8,1.84,1.75,1.78,1.82,1.9,1.9,1.95,,
2004-09-28,,1.72,,,1.74,1.81,1.87,1.74,1.77,1.82,1.86,1.93,1.95,,
2004-09-29,,1.76,,,1.77,1.81,1.9,1.74,1.76,,1.86,1.9,,,
2004-09-30,,1.94,,,1.77,1.79,1.86,1.74,1.78,,1.88,1.87,1.92,,
2004-10-01,,1.86,,,1.76,1.81,1.89,1.75,1.81,,1.85,1.91,2.01,,
2004-10-04,,1.77,,,1.75,1.81,1.92,1.74,1.8,,1.86,1.93,2.02,,
2004-10-05,,1.73,,,1.75,1.82,1.8,1.74,1.8,,1.86,1.94,,,
2004-10-06,,1.74,,,1.77,1.81,1.93,1.73,1.81,1.9,1.88,1.95,2.04,,
2004-10-07,,1.76,,,1.75,1.88,1.94,1.74,1.82,1.91,1.88,1.94,2.06,,
2004-10-08,,1.71,,,1.74,1.86,1.98,1.75,1.82,,1.87,1.95,2.03,,
2004-10-11,,,,,,,,,,,,,,,
2004-10-12,,1.78,,,1.79,1.88,1.93,1.74,1.84,,1.87,1.98,2.07,,
2004-10-13,,1.73,,,1.77,1.86,1.93,1.76,1.83,1.96,1.91,1.98,2.08,,
2004-10-14,,1.77,,,1.78,1.88,1.99,1.77,1.85,1.95,1.89,1.97,2.1,,
2004-10-15,,1.79,,,1.78,1.87,1.91,1.78,1.84,1.96,1.89,1.94,2.08,,
2004-10-18,,1.73,,,1.8,1.91,1.97,1.83,1.85,,1.93,1.99,2.12,,
2004-10-19,,1.72,,,1.8,1.91,1.98,1.79,1.85,,1.94,2.01,2.06,,
2004-10-20,,1.74,,,1.81,1.89,1.96,1.78,1.88,1.96,1.93,2.03,2.08,,
2004-10-21,,1.76,,,1.81,1.94,2.01,1.78,1.88,1.98,1.94,2.02,2.11,,
2004-10-22,,1.72,,,1.82,1.94,1.98,1.84,1.89,,1.92,2.07,2.1,,
2004-10-25,,1.76,,,1.85,1.94,2.03,1.83,1.89,,2.02,2.02,2.14,,
2004-10-26,,1.72,,,1.85,1.95,2.05,1.85,1.9,,1.93,2.01,2.14,,
2004-10-27,,1.77,,,1.87,1.95,2.02,1.84,1.9,,1.99,2.04,2.16,,
2004-10-28,,1.79,,,1.89,1.98,2.07,1.87,,,2.0,2.1,2.18,,
2004-10-29,,1.79,,,1.89,2.02,2.08,1.87,2.02,,1.99,2.15,2.15,,
2004-11-01,,1.83,,,1.91,1.98,2.09,1.89,,,2.07,2.1,2.16,,
2004-11-02,,1.74,,,1.93,2.01,2.07,1.85,1.98,,2.07,2.11,2.24,,
2004-11-03,,1.73,,,1.93,2.0,2.11,1.93,2.02,,2.1,2.14,2.29,,
2004-11-04,,1.77,,,1.96,2.02,2.08,1.97,2.02,2.08,2.12,2.18,2.25,,
2004-11-05,,1.76,,,1.95,2.08,2.14,1.95,2.03,2.14,2.05,2.18,2.29,,
2004-11-08,,1.8,,,1.98,2.07,2.15,1.98,2.05,,2.09,2.21,2.29,,
2004-11-09,,1.79,,,2.01,2.13,2.16,2.0,2.06,,2.13,2.25,2.33,,
2004-11-10,,1.92,,,2.04,2.09,2.17,2.02,2.06,,2.11,2.27,2.31,,
2004-11-11,,,,,,,,,,,,,,,
2004-11-12,,2.02,,,2.02,2.12,2.22,2.01,2.12,2.17,2.15,2.29,2.37,,
2004-11-15,,2.06,,,2.03,2.15,2.21,2.0,2.11,2.16,2.14,2.28,2.29,,
2004-11-16,,1.98,,,2.03,2.17,2.24,2.0,2.09,2.19,2.2,2.28,2.35,,
2004-11-17,,1.99,,,2.04,2.19,2.26,2.02,2.11,2.19,2.18,2.27,2.37,,
2004-11-18,,1.99,,,2.03,2.19,2.26,2.03,2.09,,2.17,2.28,2.35,,
2004-11-19,,1.99,,,2.05,2.2,2.25,2.03,2.11,2.23,2.19,2.31,2.37,,
2004-11-22,,2.01,,,2.06,2.16,2.26,2.06,2.13,2.23,2.23,2.32,2.38,,
2004-11-23,,2.0,,,2.07,2.21,,2.06,2.18,2.22,2.25,2.31,2.39,,
2004-11-24,,2.02,,,2.08,2.22,2.27,2.07,,,2.26,2.35,2.41,,
2004-11-25,,,,,,,,,,,,,,,
2004-11-26,,2.01,,,2.1,2.18,2.18,2.07,,,2.19,2.3,2.48,,
2004-11-29,,2.03,,,2.15,2.25,2.3,2.1,2.17,,2.35,2.34,,,
2004-11-30,,2.02,,,2.13,2.24,2.31,2.09,2.17,,2.27,2.37,2.42,,
2004-12-01,,2.04,,,2.14,2.25,2.32,2.16,2.23,,2.37,2.36,2.44,,
2004-12-02,,2.0,,,2.14,2.26,2.33,2.09,2.22,,2.33,2.41,2.47,,
2004-12-03,,1.98,,,2.17,2.27,2.32,2.13,2.23,,2.34,2.45,2.48,,
2004-12-06,,2.04,,,2.19,2.28,2.34,2.1,2.22,2.26,2.37,2.38,2.47,,
2004-12-07,,1.99,,,2.2,2.28,2.35,2.19,2.24,,2.38,2.39,2.46,,
2004-12-08,,2.01,,,2.24,2.31,2.36,2.16,2.25,,2.41,2.45,2.51,,
2004-12-09,,2.05,,,2.26,2.31,2.37,2.27,2.26,2.35,2.43,2.44,,,
2004-12-10,,2.09,,,2.28,2.3,2.37,2.29,2.28,,2.4,2.48,2.52,,
2004-12-13,,2.18,,,2.29,2.34,2.39,2.25,,,2.46,2.49,2.54,,
2004-12-14,,2.24,,,2.3,2.34,2.41,2.25,2.3,2.37,2.44,2.44,2.5,,
2004-12-15,,2.31,,,2.31,2.34,2.41,2.26,2.3,2.38,2.44,2.49,2.54,,
2004-12-16,,2.26,,,2.32,2.34,2.44,2.25,2.29,2.35,2.42,2.5,2.53,,
2004-12-17,,2.23,,,2.3,2.36,2.43,2.26,2.3,,2.47,2.48,2.55,,
2004-12-20,,2.26,,,2.32,2.38,2.45,2.24,,,2.48,2.51,2.59,,
2004-12-21,,2.24,,,2.33,2.33,2.4,2.27,,,2.51,2.55,,,
2004-12-22,,2.25,,,2.32,2.37,2.43,2.26,2.27,,2.54,2.56,2.6,,
2004-12-23,,2.34,,,2.29,2.32,2.4,2.26,2.28,,2.54,2.52,2.61,,
2004-12-24,,2.27,,,2.25,,,,,,,,,,
2004-12-27,,2.24,,,2.27,2.37,2.44,2.29,,,2.58,,,,
2004-12-28,,2.24,,,2.32,2.38,2.41,,,,2.49,2.55,2.62,,
2004-12-29,,2.23,,,2.3,2.35,2.41,,,,2.52,2.56,2.66,,
2004-12-30,,2.24,,,2.26,2.36,2.4,2.24,2.28,,2.47,2.58,2.65,,
2004-12-31,,1.97,,,2.29,2.24,2.28,2.19,,,2.49,2.57,2.65,,
2005-01-03,,2.31,,,2.27,2.4,2.46,2.24,2.32,,2.48,2.54,2.63,,
2005-01-04,,2.25,,,2.28,2.4,2.48,2.24,2.29,,2.49,2.5,2.57,,
2005-01-05,,2.25,,,2.29,2.4,2.5,2.24,2.3,,2.5,2.51,2.63,,
2005-01-06,,2.25,,,2.27,2.4,2.48,2.25,2.32,,2.43,2.59,2.64,,
2005-01-07,,2.24,,,2.3,2.4,2.47,2.25,2.34,,2.41,2.61,2.67,,
2005-01-10,,2.26,,,2.32,2.44,2.53,2.26,2.32,2.45,2.52,2.58,2.68,,
2005-01-11,,2.24,,,2.31,2.43,2.53,2.29,2.35,,2.43,2.56,2.7,,
2005-01-12,,2.25,,,2.32,2.42,2.5,2.29,,,2.51,2.63,2.7,,
2005-01-13,,2.29,,,2.31,2.45,2.55,2.3,2.39,2.5,2.5,2.59,2.7,,
2005-01-14,,2.29,,,2.33,2.44,2.56,2.33,2.4,2.51,2.48,2.59,2.72,,
2005-01-17,,,,,,,,,,,,,,,
2005-01-18,,2.31,,,2.38,2.47,2.59,2.33,2.41,2.52,2.57,2.61,2.72,,
2005-01-19,,2.19,,,2.39,2.48,2.59,2.35,2.41,2.52,2.59,2.59,2.75,,
2005-01-20,,2.25,,,2.39,2.49,2.61,2.36,2.43,2.55,2.56,2.63,2.7,,
2005-01-21,,2.26,,,2.41,2.46,2.61,2.37,2.44,2.56,2.57,2.65,2.68,,
2005-01-24,,2.26,,,2.42,2.5,2.61,2.4,2.46,,2.57,2.64,2.75,,
2005-01-25,,2.29,,,2.42,2.52,2.61,2.39,2.46,2.56,2.62,2.69,2.74,,
2005-01-26,,2.33,,,2.44,2.53,2.62,2.43,2.47,,2.58,2.64,2.75,,
2005-01-27,,2.39,,,2.46,2.5,2.65,2.42,2.49,,2.65,2.69,2.73,,
2005-01-28,,2.48,,,2.48,2.53,2.67,2.46,2.5,,2.61,2.67,2.73,,
2005-01-31,,2.5,,,2.52,2.54,2.67,2.48,2.5,2.6,2.65,2.7,2.77,,
2005-02-01,,2.4,,,2.51,2.56,2.69,2.47,2.52,,2.67,2.71,2.8,,
2005-02-02,,2.29,,,2.53,2.57,2.66,2.48,2.53,,2.65,2.67,2.76,,
2005-02-03,,2.49,,,2.51,2.58,2.67,2.48,2.54,,2.63,2.73,2.82,,
2005-02-04,,2.51,,,2.51,2.58,2.68,2.47,2.54,,2.62,2.64,2.75,,
2005-02-07,,2.5,,,2.52,2.58,2.69,2.48,2.53,,2.62,2.75,2.79,,
2005-02-08,,2.48,,,2.53,2.57,2.67,2.47,2.55,,2.62,2.62,2.72,,
2005-02-09,,2.5,,,2.53,2.58,2.69,2.48,2.55,,2.62,2.69,2.84,,
2005-02-10,,2.51,,,2.51,2.6,2.68,2.49,2.56,,2.62,2.73,2.81,,
2005-02-11,,2.5,,,2.5,2.61,2.7,2.48,,,2.6,2.74,2.76,,
2005-02-14,,2.51,,,2.5,2.61,2.7,2.49,2.55,,2.62,2.74,2.81,,
2005-02-15,,2.53,,,2.5,2.62,2.71,2.49,2.56,,2.6,2.71,2.85,,
2005-02-16,,2.48,,,2.5,2.63,2.73,2.47,,,2.62,2.72,2.82,,
2005-02-17,,2.5,,,2.49,2.61,2.69,2.48,,,2.64,2.77,2.84,,
2005-02-18,,2.51,,,2.49,2.64,2.75,2.48,,,2.59,2.71,2.9,,
2005-02-21,,,,,,,,,,,,,,,
2005-02-22,,2.57,,,2.53,2.66,2.75,2.48,,,2.72,2.79,2.84,,
2005-02-23,,2.53,,,2.52,2.66,2.73,2.49,2.61,,2.67,2.78,2.81,,
2005-02-24,,2.55,,,2.53,2.65,2.75,2.51,2.63,,2.73,2.77,2.87,,
2005-02-25,,2.54,,,2.55,2.65,2.74,2.51,,,2.74,2.81,3.0,,
2005-02-28,,2.52,,,2.55,2.71,2.79,2.64,2.66,,2.82,2.78,2.93,,
2005-03-01,,2.39,,,2.6,2.72,2.82,2.56,2.65,,2.81,2.79,2.96,,
2005-03-02,,2.48,,,2.6,2.71,2.83,2.55,2.66,,2.81,2.81,2.95,,
2005-03-03,,2.51,,,2.62,2.73,2.81,2.58,2.69,,2.77,2.85,2.94,,
2005-03-04,,2.5,,,2.62,2.74,2.83,2.58,2.68,2.75,2.76,2.82,2.97,,
2005-03-07,,2.51,,,2.66,2.74,2.87,2.63,2.72,,2.85,2.86,2.96,,
2005-03-08,,2.49,,,2.66,2.75,2.86,2.6,2.69,,2.76,2.84,2.98,,
2005-03-09,,2.5,,,2.67,2.75,2.84,2.62,2.69,,2.83,2.85,3.0,,
2005-03-10,,2.52,,,2.67,2.8,2.9,2.6,2.72,2.8,2.81,2.93,,,
2005-03-11,,2.51,,,2.69,2.77,2.86,2.62,2.73,2.81,2.85,2.93,3.0,,
2005-03-14,,2.59,,,2.71,2.8,2.93,2.64,2.72,,2.84,2.97,3.06,,
2005-03-15,,2.61,,,2.72,2.81,2.89,2.69,2.75,,2.93,2.95,3.02,,
2005-03-16,,2.57,,,2.74,2.82,2.94,2.68,2.76,,2.86,2.92,3.07,,
2005-03-17,,2.68,,,2.75,2.85,2.95,2.69,2.76,,2.95,2.93,3.1,,
2005-03-18,,2.7,,,2.74,2.83,2.96,2.71,2.76,,2.93,2.92,3.05,,
2005-03-21,,2.71,,,2.78,2.86,2.96,2.76,2.76,2.9,2.92,2.94,3.05,,
2005-03-22,,2.72,,,2.77,2.86,2.96,2.73,2.79,,2.93,3.0,3.08,,
2005-03-23,,2.73,,,2.78,2.89,2.99,2.73,,,2.95,3.01,3.14,,
2005-03-24,,2.75,,,2.76,2.88,2.95,2.72,2.83,,2.96,3.0,3.13,,
2005-03-25,,2.8,,,2.73,2.82,,,,,,,,,
2005-03-28,,2.79,,,2.77,2.88,2.92,2.75,2.85,,2.91,3.07,3.16,,
2005-03-29,,2.72,,,2.79,2.9,2.98,2.75,,,2.92,3.03,3.13,,
2005-03-30,,2.74,,,2.78,2.86,2.99,2.73,,,2.96,2.97,3.09,,
2005-03-31,,2.96,,,2.79,2.9,2.99,2.74,2.85,,2.9,3.02,3.16,,
2005-04-01,,2.83,,,2.78,2.9,2.98,2.74,2.86,2.97,2.9,3.02,3.07,,
2005-04-04,,2.78,,,2.79,2.91,2.97,2.74,2.87,,2.96,3.0,3.17,,
2005-04-05,,2.72,,,2.78,2.92,3.0,2.75,2.87,,2.94,3.03,3.11,,
2005-04-06,,2.73,,,2.8,2.93,3.01,2.72,2.89,,2.99,3.02,3.17,,
2005-04-07,,2.76,,,2.8,2.92,3.01,2.75,2.9,,2.92,3.04,3.12,,
2005-04-08,,2.75,,,2.8,2.94,3.02,2.76,2.9,,2.97,3.03,3.14,,
2005-04-11,,2.78,,,2.83,2.96,3.03,2.78,2.91,,3.03,3.11,3.14,,
2005-04-12,,2.77,,,2.83,2.95,3.01,2.8,2.89,,3.01,3.07,3.13,,
2005-04-13,,2.76,,,2.85,2.94,3.02,2.81,2.92,,3.01,3.07,3.19,,
2005-04-14,,2.79,,,2.84,2.96,2.97,2.82,2.92,,2.95,3.08,3.12,,
2005-04-15,,2.82,,,2.85,2.98,3.01,2.82,2.94,,3.02,3.13,3.14,,
2005-04-18,,2.75,,,2.9,2.96,3.04,2.89,2.95,,3.06,3.1,3.2,,
2005-04-19,,2.74,,,2.88,2.97,3.05,2.82,2.93,,3.09,3.07,3.15,,
2005-04-20,,2.74,,,2.91,2.98,3.02,2.99,2.93,,3.1,3.07,3.14,,
2005-04-21,,2.75,,,2.9,2.95,2.96,2.84,,,3.04,3.1,3.15,,
2005-04-22,,2.74,,,2.93,2.96,3.01,2.89,2.94,,3.08,3.14,3.11,,
2005-04-25,,2.82,,,2.94,2.94,3.06,2.9,2.94,,3.14,3.2,3.18,,
2005-04-26,,2.78,,,2.97,3.0,3.12,2.92,2.95,,3.11,3.11,3.23,,
2005-04-27,,2.63,,,2.98,3.0,3.06,2.92,2.95,,3.12,3.16,3.22,,
2005-04-28,,2.89,,,2.98,3.01,3.09,2.94,2.97,,3.18,3.11,3.2,,
2005-04-29,,2.97,,,2.97,3.04,3.07,2.96,2.97,,3.16,3.14,3.25,,
2005-05-02,,2.98,,,3.0,3.02,3.1,2.98,,,3.16,3.19,3.21,,
2005-05-03,,2.95,,,3.01,3.04,3.12,2.97,,,3.19,3.24,3.25,,
2005-05-04,,2.99,,,3.0,3.03,3.11,2.97,2.99,3.05,3.19,3.18,3.26,,
2005-05-05,,2.99,,,3.01,3.03,3.1,2.97,,,3.12,3.18,3.18,,
2005-05-06,,2.98,,,3.0,3.04,3.13,2.97,,,3.15,3.17,3.22,,
2005-05-09,,2.99,,,2.99,3.08,3.14,2.96,,,3.09,3.21,,,
2005-05-10,,2.99,,,3.0,3.05,3.15,2.97,,,3.14,3.21,3.31,,
2005-05-11,,2.99,,,2.99,3.05,3.14,2.97,,,3.13,3.18,3.25,,
2005-05-12,,3.01,,,3.0,3.07,3.15,2.97,,,3.1,3.23,3.34,,
2005-05-13,,3.01,,,3.0,3.08,3.12,2.96,,,3.19,3.22,3.34,,
2005-05-16,,3.06,,,2.99,3.07,3.16,3.0,,,3.16,3.19,3.25,,
2005-05-17,,2.99,,,3.01,3.08,3.17,2.97,3.02,3.1,3.17,3.18,3.28,,
2005-05-18,,3.0,,,3.01,3.08,3.16,2.96,,,3.21,3.22,3.27,,
2005-05-19,,3.02,,,3.0,3.1,3.14,2.97,,,3.19,3.24,3.3,,
2005-05-20,,3.01,,,2.98,3.09,3.15,2.98,3.05,,3.09,3.27,3.28,,
2005-05-23,,3.01,,,3.01,3.12,3.19,2.99,3.03,,3.19,3.19,3.27,,
2005-05-24,,2.99,,,2.99,3.11,3.17,2.97,3.05,,3.21,3.26,3.35,,
2005-05-25,,3.01,,,3.0,3.11,3.19,2.98,3.07,3.13,3.19,3.25,3.29,,
2005-05-26,,3.01,,,2.99,3.11,3.19,2.98,,,3.19,3.22,3.32,,
2005-05-27,,3.01,,,3.02,3.12,3.2,2.98,3.05,,3.1,3.29,3.34,,
2005-05-30,,,,,,,,,,,,,,,
2005-05-31,,3.09,,,3.02,3.12,3.19,3.0,,,3.23,3.28,3.36,,
2005-06-01,,3.02,,,3.05,3.13,3.22,2.98,3.08,3.2,3.23,3.22,3.33,,
2005-06-02,,3.0,,,3.04,3.13,3.24,3.01,3.07,3.19,3.26,3.3,3.41,,
2005-06-03,,2.99,,,3.05,3.14,3.23,3.0,,,3.24,3.36,3.3,,
2005-06-06,,3.0,,,3.06,3.16,3.24,3.03,,,3.25,3.28,3.38,,
2005-06-07,,2.96,,,3.04,3.16,3.25,3.02,3.1,,3.28,3.29,3.38,,
2005-06-08,,2.96,,,3.08,3.16,3.25,3.02,3.09,3.24,3.21,3.27,3.39,,
2005-06-09,,3.01,,,3.09,3.19,3.24,3.03,3.03,3.23,3.2,3.34,3.44,,
2005-06-10,,3.01,,,3.08,3.18,3.25,3.05,3.14,3.24,3.27,3.31,3.41,,
2005-06-13,,3.04,,,3.13,3.2,3.32,3.08,3.16,3.27,3.24,3.31,3.44,,
2005-06-14,,3.01,,,3.13,3.21,3.29,3.08,3.17,3.26,3.27,3.4,3.5,,
2005-06-15,,3.05,,,3.13,3.22,3.3,3.11,3.19,3.28,3.33,3.33,3.43,,
2005-06-16,,3.0,,,3.15,3.25,3.31,3.14,3.19,,3.28,3.44,3.49,,
2005-06-17,,2.99,,,3.18,3.24,3.34,3.12,3.2,,3.35,3.44,3.52,,
2005-06-20,,3.01,,,3.2,3.26,3.31,3.16,3.22,3.3,3.32,3.37,3.47,,
2005-06-21,,2.96,,,3.21,3.27,3.35,3.16,3.24,3.31,3.41,3.44,3.6,,
2005-06-22,,2.93,,,3.22,3.28,3.35,3.17,3.22,3.31,3.41,3.46,3.52,,
2005-06-23,,3.05,,,3.19,3.25,3.31,3.17,3.24,,3.37,3.45,3.52,,
2005-06-24,,3.07,,,3.23,3.26,3.42,3.19,3.22,,3.36,3.53,3.57,,
2005-06-27,,3.17,,,3.27,3.27,3.37,3.2,3.25,,3.43,3.47,3.57,,
2005-06-28,,3.17,,,3.26,3.3,3.36,3.23,3.27,3.33,3.41,3.44,3.6,,
2005-06-29,,3.2,,,3.22,3.31,3.34,3.22,3.27,3.35,3.34,3.52,3.55,,
2005-06-30,,3.35,,,3.25,3.32,3.4,3.24,,,3.45,3.55,3.63,,
2005-07-01,,3.36,,,3.24,3.31,3.41,3.22,3.28,,3.44,3.56,3.63,,
2005-07-04,,,,,,,,,,,,,,,
2005-07-05,,3.27,,,3.25,3.35,3.46,3.22,3.3,3.35,3.44,3.48,3.62,,
2005-07-06,,2.99,,,3.26,3.35,3.43,3.21,3.31,,3.42,3.52,3.58,,
2005-07-07,,3.18,,,3.25,3.34,3.44,3.23,3.37,,3.41,3.5,3.5,,
2005-07-08,,3.22,,,3.25,3.37,3.44,3.23,3.33,,3.41,3.54,3.68,,
2005-07-11,,3.23,,,3.27,3.34,3.41,3.23,3.33,,3.36,3.57,3.58,,
2005-07-12,,3.23,,,3.27,3.37,3.45,3.24,3.34,3.42,3.44,3.58,3.66,,
2005-07-13,,3.27,,,3.29,3.38,3.47,3.24,3.34,3.45,3.46,3.56,3.69,,
2005-07-14,,3.32,,,3.28,3.37,3.5,3.26,3.36,3.45,3.45,3.59,3.68,,
2005-07-15,,3.32,,,3.26,3.4,3.49,3.27,3.35,3.44,3.42,3.59,3.59,,
2005-07-18,,3.19,,,3.31,3.4,3.48,3.26,,,3.53,3.62,3.61,,
2005-07-19,,3.13,,,3.33,3.41,3.5,3.25,3.34,3.49,3.53,3.61,3.64,,
2005-07-20,,3.25,,,3.34,3.43,3.54,3.3,3.39,3.48,3.53,3.59,3.72,,
2005-07-21,,3.27,,,3.33,3.44,3.53,3.29,3.37,,3.47,3.63,3.69,,
2005-07-22,,3.25,,,3.35,3.43,3.52,3.28,3.4,3.5,3.52,3.65,3.75,,
2005-07-25,,3.28,,,3.38,3.46,3.55,3.31,3.38,,3.59,3.56,3.66,,
2005-07-26,,3.25,,,3.38,3.49,3.55,3.31,3.41,3.49,3.58,3.64,3.76,,
2005-07-27,,3.27,,,3.39,3.47,3.55,3.34,3.4,3.53,3.58,3.58,3.67,,
2005-07-28,,3.27,,,3.39,3.49,3.5,3.34,3.4,3.54,3.53,3.58,3.67,,
2005-07-29,,3.31,,,3.41,3.5,3.59,3.37,3.39,,3.52,3.61,3.7,,
2005-08-01,,3.3,,,3.42,3.51,3.61,3.37,3.45,3.54,3.63,3.67,3.78,,
2005-08-02,,3.2,,,3.43,3.52,3.61,3.4,3.44,,3.59,3.66,3.76,,
2005-08-03,,3.35,,,3.45,3.53,3.62,3.39,3.45,3.58,3.66,3.64,3.66,,
2005-08-04,,3.44,,,3.45,3.53,3.61,3.42,3.47,,3.61,3.69,3.72,,
2005-08-05,,3.49,,,3.46,3.54,3.65,3.42,3.52,3.64,3.6,3.74,3.76,,
2005-08-08,,3.5,,,3.49,3.55,3.65,3.44,,,3.59,3.68,3.77,,
2005-08-09,,3.47,,,3.51,3.58,3.66,3.44,,,3.6,3.71,3.78,,
2005-08-10,,3.48,,,3.5,3.57,3.67,3.45,,,3.66,3.68,3.78,,
2005-08-11,,3.51,,,3.5,3.58,3.66,3.46,3.54,,3.63,3.7,3.78,,
2005-08-12,,3.55,,,3.49,3.59,3.68,3.47,3.56,3.62,3.59,3.75,3.79,,
2005-08-15,,3.61,,,3.49,3.59,3.69,3.46,3.54,3.65,3.65,3.76,3.78,,
2005-08-16,,3.46,,,3.49,3.62,3.69,3.47,3.53,3.65,3.62,3.74,3.77,,
2005-08-17,,3.57,,,3.49,3.61,3.69,3.47,,,3.67,3.7,3.7,,
2005-08-18,,3.5,,,3.49,3.62,3.71,3.47,3.55,,3.63,3.76,3.76,,
2005-08-19,,3.54,,,3.49,3.6,3.71,3.47,,,3.61,3.73,3.7,,
2005-08-22,,3.51,,,3.52,3.61,3.69,3.48,3.56,,3.74,3.75,3.78,,
2005-08-23,,3.49,,,3.52,3.62,3.73,3.48,3.56,3.67,3.74,3.77,3.7,,
2005-08-24,,3.5,,,3.55,3.64,3.75,3.61,3.57,3.67,3.75,3.73,,,
2005-08-25,,3.55,,,3.54,3.66,3.75,3.51,,,3.69,3.83,,,
2005-08-26,,3.54,,,3.55,3.67,3.73,3.5,,,3.68,3.84,3.83,,
2005-08-29,,3.54,,,3.58,3.66,3.74,3.51,3.58,,3.76,3.79,,,
2005-08-30,,3.52,,,3.57,3.67,3.78,3.54,3.59,,3.77,3.79,,,
2005-08-31,,3.63,,,3.57,3.67,3.75,3.56,3.6,3.71,3.79,3.86,3.83,,
2005-09-01,,3.57,,,3.57,3.68,3.76,3.55,3.59,3.71,3.73,3.85,3.94,,
2005-09-02,,3.49,,,3.57,3.61,3.66,3.52,3.54,3.63,3.77,3.77,3.72,,
2005-09-05,,,,,,,,,,,,,,,
2005-09-06,,3.57,,,3.6,3.64,3.69,3.52,3.6,3.63,3.81,3.75,,,
2005-09-07,,3.48,,,3.6,3.65,3.69,3.53,3.54,3.56,3.79,3.76,3.77,,
2005-09-08,,3.49,,,3.61,3.66,3.72,3.56,3.61,3.67,3.77,3.91,,,
2005-09-09,,3.49,,,3.62,3.68,3.73,3.6,3.63,3.68,3.78,3.88,3.7,,
2005-09-12,,3.5,,,3.63,3.67,3.74,3.59,3.62,,3.82,3.79,3.85,,
2005-09-13,,3.45,,,3.65,3.7,3.76,3.54,3.63,3.69,3.85,3.79,3.85,,
2005-09-14,,3.54,,,3.69,3.72,3.77,3.62,3.62,3.71,3.83,3.78,3.9,,
2005-09-15,,3.67,,,3.68,3.74,3.77,3.63,3.65,3.73,3.83,3.81,,,
2005-09-16,,3.62,,,3.69,3.73,3.79,3.69,3.68,,3.85,3.79,,,
2005-09-19,,3.62,,,3.74,3.76,3.79,3.69,3.72,3.79,3.9,3.9,3.97,,
2005-09-20,,3.67,,,3.73,3.75,3.8,3.68,3.69,,3.9,3.87,3.75,,
2005-09-21,,3.72,,,3.75,3.79,3.85,3.72,3.72,3.76,3.91,3.9,,,
2005-09-22,,3.77,,,3.74,3.79,3.85,3.71,3.74,,3.91,3.93,,,
2005-09-23,,3.76,,,3.73,3.8,3.84,3.7,3.74,,3.91,3.96,,,
2005-09-26,,3.83,,,3.74,3.82,3.86,3.72,3.77,3.84,3.9,3.95,,,
2005-09-27,,3.73,,,3.75,3.82,3.9,3.72,3.77,3.85,3.92,3.88,3.97,,
2005-09-28,,3.76,,,3.77,3.83,3.83,3.72,3.78,3.85,3.93,3.89,3.87,,
2005-09-29,,3.82,,,3.79,3.86,3.93,3.73,,,3.91,3.91,3.78,,
2005-09-30,,3.93,,,3.76,3.85,3.92,3.73,3.78,,3.99,4.01,3.79,,
2005-10-03,,3.87,,,3.78,3.87,3.96,3.74,3.79,,3.92,3.96,,,
2005-10-04,,3.75,,,3.78,3.88,3.96,3.73,3.76,,3.94,4.09,3.81,,
2005-10-05,,3.75,,,3.77,3.86,3.97,3.74,3.79,,3.92,3.95,3.84,,
2005-10-06,,3.76,,,3.79,3.89,3.97,3.75,3.84,,3.99,4.04,,,
2005-10-07,,3.73,,,3.8,3.89,3.98,3.75,3.84,,3.9,3.99,4.01,,
2005-10-10,,,,,,,,,,,,,,,
2005-10-11,,3.72,,,3.82,3.91,4.02,3.83,3.86,,3.99,4.02,4.1,,
2005-10-12,,3.36,,,3.83,3.92,4.01,3.74,3.85,,3.91,4.01,4.08,,
2005-10-13,,3.75,,,3.84,3.95,4.03,3.77,3.86,3.96,3.97,4.05,4.14,,
2005-10-14,,3.77,,,3.85,3.95,4.04,3.82,3.86,3.98,3.98,4.09,4.13,,
2005-10-17,,3.82,,,3.88,3.94,4.05,3.82,3.89,,4.06,4.09,,,
2005-10-18,,3.71,,,3.89,3.97,4.04,3.83,3.9,3.95,4.06,4.11,4.15,,
2005-10-19,,3.71,,,3.9,3.98,4.05,3.82,3.92,4.02,4.02,4.07,4.14,,
2005-10-20,,3.77,,,3.9,4.01,4.09,3.88,3.9,4.02,4.11,4.11,4.13,,
2005-10-21,,3.76,,,3.91,4.01,4.11,3.85,3.95,4.01,4.11,4.17,4.16,,
2005-10-24,,3.76,,,3.94,3.98,4.1,3.9,3.92,4.04,4.13,4.16,4.25,,
2005-10-25,,3.74,,,3.95,4.02,4.11,3.92,4.0,4.06,4.07,4.15,4.24,,
2005-10-26,,3.75,,,3.98,4.04,4.13,3.98,4.03,4.06,4.09,4.14,4.19,,
2005-10-27,,3.85,,,3.96,4.05,4.13,3.99,,,4.08,4.17,,,
2005-10-28,,3.9,,,4.0,4.07,4.15,3.98,4.0,,4.11,4.24,4.21,,
2005-10-31,,4.02,,,4.01,4.07,4.13,4.02,4.13,,4.15,4.27,4.32,,
2005-11-01,,3.99,,,4.01,4.09,4.15,4.0,4.01,,4.12,4.23,4.3,,
2005-11-02,,3.99,,,4.0,4.1,4.16,3.97,4.01,,4.2,4.18,4.2,,
2005-11-03,,4.01,,,4.01,4.1,4.17,3.97,4.05,,4.14,4.2,4.28,,
2005-11-04,,4.0,,,4.0,4.12,4.17,3.97,4.03,,4.09,4.27,4.27,,
2005-11-07,,3.99,,,3.99,4.12,4.18,3.96,,,4.17,4.28,4.28,,
2005-11-08,,3.95,,,4.0,4.12,4.2,,,,4.15,4.22,,,
2005-11-09,,4.02,,,3.99,4.13,4.2,4.0,,,4.12,4.25,4.26,,
2005-11-10,,3.98,,,3.99,4.13,4.21,3.97,4.04,,4.14,4.26,4.29,,
2005-11-11,,,,,,,,,,,,,,,
2005-11-14,,4.03,,,4.02,4.14,4.21,3.95,4.07,,4.15,4.27,4.32,,
2005-11-15,,3.97,,,4.02,4.15,4.21,3.98,4.06,,4.23,4.27,4.27,,
2005-11-16,,3.96,,,4.03,4.16,4.23,3.98,4.07,,4.19,4.3,4.33,,
2005-11-17,,3.98,,,4.03,4.17,4.25,4.0,,,4.2,4.31,4.32,,
2005-11-18,,4.0,,,4.04,4.17,4.25,4.0,4.15,,4.2,4.35,4.34,,
2005-11-21,,4.03,,,4.06,4.19,4.27,4.03,,,4.26,4.32,4.37,,
2005-11-22,,3.99,,,4.07,4.21,4.26,4.05,4.1,4.23,4.27,4.33,4.29,,
2005-11-23,,4.01,,,4.09,4.21,4.27,4.05,4.14,4.23,4.27,4.31,4.29,,
2005-11-24,,,,,,,,,,,,,,,
2005-11-25,,4.03,,,4.07,4.24,4.26,4.1,,,4.25,4.3,4.33,,
2005-11-28,,4.01,,,4.1,4.23,4.28,4.11,,,4.26,4.35,,,
2005-11-29,,3.99,,,4.13,4.25,4.3,4.07,,,4.29,4.34,4.4,,
2005-11-30,,4.03,,,4.15,4.25,4.29,4.11,,,4.34,4.3,,,
2005-12-01,,4.03,,,4.12,4.26,4.29,4.13,,,4.28,4.42,4.35,,
2005-12-02,,4.0,,,4.17,4.28,4.32,4.18,,,4.31,4.39,4.44,,
2005-12-05,,4.02,,,4.24,4.27,4.31,,,,4.41,4.37,,,
2005-12-06,,3.97,,,4.22,4.28,4.35,4.14,,,4.36,4.35,4.38,,
2005-12-07,,3.98,,,4.23,4.29,4.32,4.21,,,4.43,4.38,4.42,,
2005-12-08,,4.09,,,4.24,4.31,4.36,4.21,,,4.43,4.39,4.36,,
2005-12-09,,4.16,,,4.25,4.33,4.36,4.15,,,4.42,4.42,4.48,,
2005-12-12,,4.24,,,4.26,4.31,4.37,4.23,4.2,,4.38,4.45,4.63,,
2005-12-13,,4.23,,,4.27,4.33,4.38,4.25,,,4.45,4.48,,,
2005-12-14,,4.26,,,4.27,4.34,4.39,4.28,,,4.45,4.44,4.41,,
2005-12-15,,4.29,,,4.25,4.31,4.39,4.29,,,4.4,4.51,4.59,,
2005-12-16,,4.25,,,4.26,4.35,4.41,4.24,,,4.44,4.53,4.5,,
2005-12-19,,4.25,,,4.29,4.34,4.38,4.25,4.26,,4.41,4.52,4.47,,
2005-12-20,,4.3,,,4.27,4.34,4.38,4.19,4.23,,4.42,4.53,4.41,,
2005-12-21,,4.08,,,4.25,4.35,4.39,4.29,,,4.41,4.54,4.44,,
2005-12-22,,4.25,,,4.29,4.37,4.39,4.3,4.22,,4.43,4.55,4.51,,
2005-12-23,,4.21,,,4.27,4.34,4.39,,,,4.47,4.52,4.48,,
2005-12-26,,,,,,,,,,,,,,,
2005-12-27,,4.26,,,4.26,4.35,4.43,,,,4.38,4.45,,,
2005-12-28,,4.19,,,4.27,4.36,4.4,,,,4.48,4.47,4.52,,
2005-12-29,,4.18,,,4.28,4.36,4.42,4.26,,,4.49,4.52,4.48,,
2005-12-30,,4.09,,,4.23,4.35,4.37,4.24,,,4.4,4.54,4.47,,
2006-01-02,,,,,,,,,,,,,,,
2006-01-03,,4.34,,,4.29,4.37,4.42,4.22,,,4.49,4.52,4.52,,
2006-01-04,,4.22,,,4.29,4.37,4.43,4.26,,,4.48,4.49,4.49,,
2006-01-05,,4.24,,,4.28,4.36,4.42,4.25,,,4.49,4.52,4.5,,
2006-01-06,,4.22,,,4.28,4.36,4.42,,,,4.42,4.57,4.47,,
2006-01-09,,4.25,,,4.3,4.4,4.44,4.33,,,4.5,4.51,4.49,,
2006-01-10,,4.24,,,4.29,4.39,4.45,4.3,4.32,,4.51,4.48,4.55,,
2006-01-11,,4.24,,,4.28,4.39,4.47,4.3,4.32,,4.52,4.48,4.55,,
2006-01-12,,4.28,,,4.34,4.42,4.47,4.31,4.32,,4.54,4.53,4.52,,
2006-01-13,,4.3,,,4.36,4.41,4.47,,,,4.45,4.58,4.51,,
2006-01-16,,,,,,,,,,,,,,,
2006-01-17,,4.32,,,4.37,4.43,4.48,4.36,4.35,,4.53,4.54,4.65,,
2006-01-18,,4.24,,,4.38,4.44,4.48,4.38,,,4.58,4.52,4.5,,
2006-01-19,,4.23,,,4.32,4.43,4.49,4.35,4.36,,4.52,4.56,4.52,,
2006-01-20,,4.24,,,4.39,4.45,4.5,4.36,4.36,,4.53,4.62,4.54,,
2006-01-23,,4.26,,,4.45,4.47,4.5,4.38,4.38,,4.59,4.62,4.62,,
2006-01-24,,4.28,,,4.43,4.48,4.52,4.49,,,4.57,4.62,4.57,,
2006-01-25,,4.36,,,4.45,4.47,4.53,4.41,4.39,,4.62,4.55,4.57,,
2006-01-26,,4.37,,,4.47,4.51,4.54,4.46,4.46,,4.58,4.62,4.58,,
2006-01-27,,4.42,,,4.47,4.51,4.54,4.45,4.43,,4.61,4.68,4.55,,
2006-01-30,,4.48,,,4.47,4.51,4.55,4.49,,,4.61,4.62,4.58,,
2006-01-31,,4.47,,,4.51,4.51,4.53,4.45,,,4.64,4.64,,,
2006-02-01,,4.47,,,4.48,4.52,4.56,4.46,,,4.57,4.64,4.63,,
2006-02-02,,4.48,,,4.5,4.53,4.57,4.44,,,4.61,4.62,4.66,,
2006-02-03,,4.51,,,4.49,4.54,4.59,4.44,,,4.64,4.67,,,
2006-02-06,,4.51,,,4.49,4.55,4.59,4.47,4.48,,4.6,4.62,4.64,,
2006-02-07,,4.47,,,4.5,4.53,4.6,4.46,,,4.64,4.63,4.67,,
2006-02-08,,4.48,,,4.5,4.54,4.61,4.47,,,4.66,4.64,,,
2006-02-09,,4.52,,,4.49,4.55,4.61,4.46,,,4.65,4.71,4.69,,
2006-02-10,,4.51,,,4.49,4.56,4.57,4.45,,,4.64,4.68,4.71,,
2006-02-13,,4.44,,,4.49,4.54,4.62,4.43,,,4.64,4.68,4.72,,
2006-02-14,,4.45,,,4.49,4.58,4.63,4.44,4.49,,4.64,4.68,4.73,,
2006-02-15,,4.5,,,4.5,4.57,4.62,4.47,4.49,4.55,4.65,4.68,4.71,,
2006-02-16,,4.48,,,4.49,4.58,4.66,4.48,,,4.65,4.69,4.8,,
2006-02-17,,4.48,,,4.51,4.59,4.65,4.47,,,4.62,4.72,4.75,,
2006-02-20,,,,,,,,,,,,,,,
2006-02-21,,4.54,,,4.51,4.59,4.66,4.5,,,4.63,4.71,4.79,,
2006-02-22,,4.49,,,4.52,4.6,4.67,,,,4.64,4.71,4.74,,
2006-02-23,,4.47,,,4.5,4.62,4.69,4.47,,,4.65,4.73,4.65,,
2006-02-24,,4.48,,,4.49,4.62,4.69,4.52,,,4.67,4.75,4.8,,
2006-02-27,,4.52,,,4.49,4.62,4.69,4.51,4.55,,4.7,4.76,4.76,,
2006-02-28,,4.52,,,4.52,4.62,4.7,4.49,,,4.71,4.75,4.84,,
2006-03-01,,4.52,,,4.53,4.64,4.68,4.35,4.55,,4.72,4.73,4.8,,
2006-03-02,,4.5,,,4.57,4.64,4.72,4.53,4.56,,4.67,4.73,4.7,,
2006-03-03,,4.51,,,4.55,4.65,4.72,4.48,4.57,,4.68,4.75,4.79,,
2006-03-06,,4.51,,,4.57,4.65,4.71,4.52,4.59,,4.7,4.76,4.82,,
2006-03-07,,4.51,,,4.59,4.66,4.75,4.5,,,4.72,4.73,4.78,,
2006-03-08,,4.51,,,4.59,4.66,4.76,4.56,,,4.7,4.78,4.76,,
2006-03-09,,4.51,,,4.59,4.7,4.72,4.52,4.59,,4.72,4.82,4.85,,
2006-03-10,,4.51,,,4.59,4.7,4.74,,,,4.77,4.8,,,
2006-03-13,,4.52,,,4.63,4.71,4.76,4.61,4.63,,4.74,4.82,,,
2006-03-14,,4.51,,,4.66,4.72,4.78,4.63,4.62,,4.75,4.8,4.86,,
2006-03-15,,4.47,,,4.63,4.72,4.8,4.59,4.64,,4.8,4.83,4.85,,
2006-03-16,,4.55,,,4.67,4.72,4.81,4.63,,,4.76,4.83,4.87,,
2006-03-17,,4.6,,,4.67,4.74,4.8,4.63,,,4.79,4.85,4.88,,
2006-03-20,,4.55,,,4.69,4.75,4.81,4.63,4.7,4.75,4.79,4.85,4.82,,
2006-03-21,,4.54,,,4.73,4.75,4.79,4.7,,,4.79,4.87,,,
2006-03-22,,4.58,,,4.72,4.76,4.82,4.71,,,4.83,4.84,4.89,,
2006-03-23,,4.64,,,4.73,4.78,4.84,4.66,4.72,,4.83,4.85,4.89,,
2006-03-24,,4.69,,,4.73,4.79,4.85,4.69,4.71,,4.83,4.88,4.9,,
2006-03-27,,4.77,,,4.76,4.76,4.84,4.7,4.72,4.77,4.85,4.9,4.91,,
2006-03-28,,4.7,,,4.74,4.8,4.86,4.74,4.79,,4.87,4.9,4.97,,
2006-03-29,,4.69,,,4.74,4.79,4.86,,,,4.86,4.92,,,
2006-03-30,,4.76,,,4.74,4.8,4.83,4.72,4.75,,4.9,4.92,4.93,,
2006-03-31,,5.0,,,4.75,4.82,4.87,4.73,,,4.87,4.97,,,
2006-04-03,,4.87,,,4.75,4.83,4.88,4.72,4.75,4.82,4.88,4.94,4.99,,
2006-04-04,,4.76,,,4.77,4.83,4.88,,,,4.86,4.96,5.06,,
2006-04-05,,4.76,,,4.73,4.84,4.86,,,,4.84,4.88,4.92,,
2006-04-06,,4.76,,,4.77,4.84,4.91,4.8,,,4.88,4.98,4.97,,
2006-04-07,,4.76,,,4.76,4.86,4.89,4.72,4.77,4.83,4.86,4.95,4.97,,
2006-04-10,,4.78,,,4.75,4.87,4.93,4.71,,,4.91,4.97,4.98,,
2006-04-11,,4.74,,,4.76,4.87,4.93,4.75,4.77,,4.9,4.99,4.99,,
2006-04-12,,4.78,,,4.79,4.89,4.93,,,,4.95,4.96,5.01,,
2006-04-13,,4.82,,,4.79,4.88,4.95,4.73,4.78,,4.92,5.05,5.01,,
2006-04-14,,4.8,,,,,,,,,,,,,
2006-04-17,,4.78,,,4.81,4.9,4.94,4.75,4.83,,4.98,5.01,5.01,,
2006-04-18,,4.72,,,4.8,4.89,4.96,4.76,4.82,,4.93,5.0,5.02,,
2006-04-19,,4.7,,,4.83,4.9,4.95,,,,4.94,4.95,4.95,,
2006-04-20,,4.73,,,4.86,4.92,4.97,4.85,4.85,4.9,4.99,5.07,5.07,,
2006-04-21,,4.74,,,4.82,4.93,4.97,4.8,,,5.01,5.02,5.04,,
2006-04-24,,4.77,,,4.86,4.94,4.98,4.81,,,4.99,5.01,5.07,,
2006-04-25,,4.74,,,4.89,4.94,4.97,4.8,4.85,4.9,5.04,5.07,5.08,,
2006-04-26,,4.73,,,4.89,4.95,5.01,4.9,4.9,4.9,5.06,5.11,5.1,,
2006-04-27,,4.79,,,4.88,4.97,5.02,4.91,,,5.04,5.04,5.18,,
2006-04-28,,4.86,,,4.91,4.99,5.0,4.92,,,5.04,5.09,5.07,,
2006-05-01,,4.84,,,4.94,4.96,4.98,4.92,,,5.03,5.12,5.15,,
2006-05-02,,4.79,,,4.96,5.0,5.02,4.94,,,5.06,5.09,5.18,,
2006-05-03,,4.81,,,4.97,4.99,5.03,4.85,4.89,,5.07,5.09,5.11,,
2006-05-04,,4.83,,,4.97,5.0,5.04,4.95,4.92,,5.1,5.13,5.05,,
2006-05-05,,4.83,,,4.98,5.0,5.04,4.9,4.94,,5.11,5.09,5.1,,
2006-05-08,,4.88,,,5.0,5.0,5.03,4.93,,,5.09,5.11,5.11,,
2006-05-09,,4.78,,,4.98,5.01,5.07,4.94,,,5.11,5.12,5.18,,
2006-05-10,,4.88,,,5.01,5.03,5.04,4.93,4.92,,5.11,5.21,5.25,,
2006-05-11,,4.99,,,5.0,5.02,5.03,4.97,4.96,,5.12,5.12,5.25,,
2006-05-12,,5.01,,,5.0,5.02,5.03,4.94,4.96,,5.1,5.13,5.23,,
2006-05-15,,5.01,,,5.0,5.01,5.04,4.93,,,5.1,5.14,5.23,,
2006-05-16,,4.98,,,5.0,5.02,5.04,,,,5.11,5.12,5.24,,
2006-05-17,,4.96,,,5.0,5.02,5.04,4.99,,,5.14,5.12,5.2,,
2006-05-18,,5.0,,,4.98,5.04,5.06,4.96,,,5.1,5.14,5.17,,
2006-05-19,,5.0,,,4.97,5.04,5.07,,,,5.11,5.14,5.17,,
2006-05-22,,5.0,,,5.0,5.04,5.08,4.97,4.98,5.01,5.12,5.15,5.2,,
2006-05-23,,4.94,,,4.99,5.04,5.06,4.98,,,5.11,5.14,5.15,,
2006-05-24,,4.9,,,4.99,5.05,5.1,4.96,,,5.12,5.17,5.2,,
2006-05-25,,5.01,,,4.99,5.04,5.09,4.97,,,5.13,5.17,5.19,,
2006-05-26,,4.99,,,4.99,5.05,5.1,5.0,,,5.14,5.18,5.24,,
2006-05-29,,,,,,,,,,,,,,,
2006-05-30,,5.02,,,5.01,5.05,5.1,5.02,,,5.17,5.19,5.22,,
2006-05-31,,5.05,,,4.99,5.07,5.11,4.99,4.98,,5.17,5.16,5.23,,
2006-06-01,,5.02,,,5.01,5.1,5.14,4.97,4.99,,5.17,5.24,5.24,,
2006-06-02,,4.97,,,5.03,5.04,5.13,4.97,4.97,,5.18,5.2,5.22,,
2006-06-05,,5.01,,,5.04,5.07,5.12,4.97,4.99,,5.17,5.21,5.25,,
2006-06-06,,4.99,,,5.07,5.11,5.11,,,,5.15,5.17,5.19,,
2006-06-07,,4.99,,,5.06,5.12,5.15,,,,5.2,5.21,5.24,,
2006-06-08,,5.02,,,5.08,5.14,5.16,5.04,,,5.2,5.22,5.28,,
2006-06-09,,5.0,,,5.08,5.15,5.19,5.06,5.05,,5.2,5.23,5.27,,
2006-06-12,,5.01,,,5.11,5.14,5.21,5.09,5.06,,5.2,5.23,5.29,,
2006-06-13,,5.0,,,5.12,5.18,5.2,5.01,,,5.23,5.27,5.31,,
2006-06-14,,5.0,,,5.12,5.19,5.2,5.1,5.1,,5.23,5.3,5.3,,
2006-06-15,,5.02,,,5.14,5.23,5.26,5.12,5.15,,5.28,5.36,5.38,,
2006-06-16,,4.94,,,5.16,5.26,5.29,5.16,,,5.28,5.37,5.36,,
2006-06-19,,4.95,,,5.19,5.24,5.29,5.13,5.19,,5.34,5.36,5.41,,
2006-06-20,,4.92,,,5.22,5.26,5.29,5.15,5.2,,5.33,5.37,5.41,,
2006-06-21,,4.91,,,5.25,5.28,5.34,,,,5.33,5.36,5.44,,
2006-06-22,,4.98,,,5.24,5.29,5.34,5.23,,,5.35,5.4,5.4,,
2006-06-23,,4.98,,,5.24,5.28,5.34,5.24,,,5.37,5.43,5.43,,
2006-06-26,,5.03,,,5.27,5.31,5.35,5.3,5.24,5.29,5.38,5.41,5.48,,
2006-06-27,,5.02,,,5.28,5.32,5.33,5.22,5.24,,5.4,5.46,5.5,,
2006-06-28,,5.06,,,5.26,5.31,5.37,5.22,5.23,,5.49,5.43,5.47,,
2006-06-29,,5.08,,,5.27,5.32,5.37,5.2,5.24,,5.47,5.48,5.5,,
2006-06-30,,5.05,,,5.25,5.31,5.37,,,,5.44,5.46,5.5,,
2006-07-03,,5.25,,,5.25,5.3,5.32,,,,5.44,,,,
2006-07-04,,,,,,,,,,,,,,,
2006-07-05,,5.25,,,5.26,5.32,5.36,5.28,5.25,,5.36,5.41,5.48,,
2006-07-06,,5.24,,,5.27,5.35,5.38,5.24,5.25,,5.38,5.44,5.5,,
2006-07-07,,5.22,,,5.26,5.33,5.39,5.22,,,5.38,5.48,5.49,,
2006-07-10,,5.24,,,5.26,5.33,5.38,5.21,5.25,,5.39,5.46,5.5,,
2006-07-11,,5.25,,,5.27,5.34,5.38,5.21,5.26,,5.4,5.46,5.48,,
2006-07-12,,5.27,,,5.26,5.34,5.38,5.25,,,5.4,5.41,5.48,,
2006-07-13,,5.26,,,5.27,5.34,5.38,,,,5.38,5.46,5.47,,
2006-07-14,,5.26,,,5.25,5.33,5.37,5.21,5.25,,5.42,5.44,5.49,,
2006-07-17,,5.28,,,5.29,5.35,5.37,5.22,,,5.42,5.45,5.5,,
2006-07-18,,5.22,,,5.3,5.35,5.38,5.23,,,5.42,5.45,5.51,,
2006-07-19,,5.23,,,5.31,5.38,5.41,5.26,,,5.44,5.45,5.49,,
2006-07-20,,5.24,,,5.29,5.35,5.4,5.22,5.28,,5.44,5.48,5.51,,
2006-07-21,,5.23,,,5.26,5.32,5.37,5.22,,,5.42,5.42,5.41,,
2006-07-24,,5.24,,,5.29,5.34,5.34,5.23,5.23,,5.43,5.44,5.45,,
2006-07-25,,5.24,,,5.31,5.34,5.37,5.29,,,5.45,5.48,5.47,,
2006-07-26,,5.24,,,5.29,5.34,5.37,5.24,5.31,,5.45,5.43,5.48,,
2006-07-27,,5.27,,,5.3,5.34,5.36,5.25,5.23,,5.45,5.5,5.46,,
2006-07-28,,5.26,,,5.31,5.35,5.36,5.24,5.27,,5.45,5.49,5.48,,
2006-07-31,,5.31,,,5.31,5.3,5.34,5.27,,,5.45,5.43,5.49,,
2006-08-01,,5.27,,,5.31,5.33,5.32,5.26,5.25,,5.43,5.46,5.45,,
2006-08-02,,5.25,,,5.32,5.34,5.35,5.25,,,5.45,5.43,5.44,,
2006-08-03,,5.27,,,5.29,5.34,5.37,5.27,,,5.41,5.44,5.43,,
2006-08-04,,5.25,,,5.27,5.31,5.34,5.24,,,5.43,5.45,5.47,,
2006-08-07,,5.24,,,5.29,5.29,5.32,5.23,,,5.41,5.42,5.42,,
2006-08-08,,5.26,,,5.28,5.3,5.32,5.22,5.23,,5.4,5.39,5.48,,
2006-08-09,,5.25,,,5.26,5.27,5.29,5.22,,,5.37,5.36,5.38,,
2006-08-10,,5.24,,,5.25,5.26,5.28,5.18,,,5.37,5.37,5.38,,
2006-08-11,,5.24,,,5.25,5.27,5.28,5.21,5.19,,5.38,5.36,5.4,,
2006-08-14,,5.26,,,5.25,5.27,5.28,5.22,5.2,,5.35,5.37,5.39,,
2006-08-15,,5.24,,,5.24,5.27,5.28,5.24,5.22,5.23,5.37,5.35,5.4,,
2006-08-16,,5.17,,,5.24,5.26,5.27,5.23,5.19,,5.33,5.35,5.37,,
2006-08-17,,5.2,,,5.24,5.26,5.26,5.19,5.21,,5.38,5.39,5.38,,
2006-08-18,,5.25,,,5.24,5.25,5.27,,,,5.36,5.37,5.4,,
2006-08-21,,5.24,,,5.24,5.25,5.27,5.21,5.2,,5.34,5.34,5.35,,
2006-08-22,,5.24,,,5.23,5.25,5.28,5.19,5.2,5.21,5.36,5.34,5.35,,
2006-08-23,,5.25,,,5.25,5.25,5.26,5.21,,,5.34,5.34,5.4,,
2006-08-24,,5.25,,,5.23,5.24,5.27,5.2,5.2,5.21,5.35,5.37,5.38,,
2006-08-25,,5.25,,,5.24,5.25,5.26,5.23,5.21,5.23,5.35,5.37,5.41,,
2006-08-28,,5.25,,,5.24,5.24,5.27,5.21,5.2,,5.36,5.39,5.38,,
2006-08-29,,5.23,,,5.23,5.26,5.27,5.21,5.21,5.21,5.35,5.38,5.38,,
2006-08-30,,5.25,,,5.24,5.25,5.26,5.19,5.2,5.21,5.38,5.37,5.38,,
2006-08-31,,5.31,,,5.24,5.26,5.26,5.21,5.2,5.2,5.36,5.34,5.39,,
2006-09-01,,5.25,,,5.24,5.25,5.26,5.2,5.2,,5.37,5.34,5.38,,
2006-09-04,,,,,,,,,,,,,,,
2006-09-05,,5.26,,,5.25,5.24,5.25,,,,5.34,5.3,5.38,,
2006-09-06,,5.21,,,5.24,5.25,5.26,5.23,5.21,5.2,5.31,5.38,5.37,,
2006-09-07,,5.23,,,5.25,5.25,5.26,5.19,5.2,,5.34,5.35,5.38,,
2006-09-08,,5.23,,,5.23,5.26,5.26,5.22,5.18,5.21,5.35,5.34,5.38,,
2006-09-11,,5.24,,,5.25,5.25,5.26,5.2,5.2,5.21,5.36,5.36,5.35,,
2006-09-12,,5.21,,,5.26,5.25,5.26,5.19,5.18,,5.34,5.34,5.34,,
2006-09-13,,5.26,,,5.25,5.26,5.26,5.23,5.2,,5.34,5.36,5.38,,
2006-09-14,,5.26,,,5.24,5.24,5.26,5.19,5.21,5.21,5.33,5.36,5.33,,
2006-09-15,,5.25,,,5.25,5.26,5.26,5.21,5.21,5.21,5.35,5.37,5.35,,
2006-09-18,,5.23,,,5.25,5.25,5.26,5.2,5.18,5.22,5.35,5.37,5.35,,
2006-09-19,,5.21,,,5.25,5.26,5.25,5.2,5.21,5.21,5.31,5.37,5.32,,
2006-09-20,,5.23,,,5.25,5.26,5.25,5.23,5.21,5.21,5.35,5.36,5.33,,
2006-09-21,,5.24,,,5.24,5.25,5.24,5.19,5.18,,5.36,5.36,5.38,,
2006-09-22,,5.27,,,5.24,5.25,5.25,5.19,5.18,,5.35,5.35,5.38,,
2006-09-25,,5.3,,,5.22,5.24,5.23,5.19,5.19,,5.35,5.33,5.33,,
2006-09-26,,5.25,,,5.22,5.23,5.21,5.21,5.2,,5.34,5.36,5.34,,
2006-09-27,,5.3,,,5.24,5.23,5.23,5.19,5.17,,5.34,5.35,5.36,,
2006-09-28,,5.28,,,5.23,5.24,5.22,5.2,5.19,,5.37,5.34,5.34,,
2006-09-29,,5.34,,,5.24,5.23,5.23,5.3,5.19,,5.35,5.38,5.36,,
2006-10-02,,5.33,,,5.23,5.24,5.23,5.23,5.19,,5.35,5.34,5.34,,
2006-10-03,,5.25,,,5.24,5.23,5.23,5.22,5.18,,5.35,5.34,5.32,,
2006-10-04,,5.23,,,5.24,5.23,5.23,5.21,5.2,5.18,5.33,5.36,5.33,,
2006-10-05,,5.23,,,5.23,5.23,5.23,5.2,5.18,,5.34,5.34,5.34,,
2006-10-06,,5.22,,,5.22,5.23,5.23,5.1,5.15,,5.33,5.36,5.33,,
2006-10-09,,,,,,,,,,,,,,,
2006-10-10,,5.28,,,5.23,5.24,5.23,5.21,5.15,5.2,5.35,5.34,5.34,,
2006-10-11,,5.25,,,5.23,5.25,5.24,5.2,5.2,,5.36,5.34,5.35,,
2006-10-12,,5.25,,,5.23,5.24,5.24,5.19,5.17,,5.33,5.33,5.33,,
2006-10-13,,5.21,,,5.23,5.23,5.22,5.2,5.18,,5.38,5.34,5.33,,
2006-10-16,,5.28,,,5.23,5.23,5.24,5.22,5.19,,5.35,5.39,5.31,,
2006-10-17,,5.21,,,5.24,5.23,5.24,5.19,,,5.34,5.33,5.36,,
2006-10-18,,5.23,,,5.24,5.24,5.24,,,,5.33,5.31,5.34,,
2006-10-19,,5.22,,,5.25,5.25,5.24,5.19,,,5.34,5.35,5.35,,
2006-10-20,,5.25,,,5.24,5.23,5.24,5.2,,,5.34,5.34,5.33,,
2006-10-23,,5.24,,,5.23,5.23,5.23,,,,5.34,5.34,5.33,,
2006-10-24,,5.24,,,5.25,5.23,5.24,5.21,,,5.36,5.36,5.34,,
2006-10-25,,5.26,,,5.23,5.24,5.25,5.2,,,5.33,5.31,5.33,,
2006-10-26,,5.23,,,5.23,5.22,5.25,5.23,5.23,,5.35,5.36,5.34,,
2006-10-27,,5.23,,,5.22,5.24,5.24,5.21,,,5.33,5.37,5.33,,
2006-10-30,,5.27,,,5.24,5.23,5.23,5.19,,,5.35,5.35,5.36,,
2006-10-31,,5.31,,,5.23,5.23,5.22,5.22,,,5.36,5.35,5.32,,
2006-11-01,,5.23,,,5.22,5.23,5.25,5.19,,,5.34,5.36,5.37,,
2006-11-02,,5.22,,,5.24,5.24,5.24,5.21,,,5.34,5.34,5.37,,
2006-11-03,,5.25,,,5.23,5.23,5.23,5.19,,,5.34,5.32,5.37,,
2006-11-06,,,,,5.21,5.24,5.24,5.2,,,5.3,5.37,5.37,,
2006-11-07,,5.22,,,5.23,5.24,5.22,5.21,5.18,5.16,5.34,5.36,5.33,,
2006-11-08,,5.22,,,5.25,5.24,5.26,5.19,,,5.36,5.33,5.34,,
2006-11-09,,5.23,,,5.24,5.24,5.24,5.21,,,5.34,5.37,5.38,,
2006-11-10,,5.23,,,5.23,5.23,5.25,5.22,5.17,5.15,5.31,5.34,5.37,,
2006-11-13,,5.27,,,5.24,5.24,5.24,5.2,,,5.32,5.38,5.34,,
2006-11-14,,,,,5.24,5.26,5.25,5.19,,,5.34,5.37,5.35,,
2006-11-15,,5.29,,,5.24,5.25,5.25,5.2,,,5.35,5.32,5.37,,
2006-11-16,,5.25,,,5.25,5.25,5.24,5.2,,,5.34,5.35,5.33,,
2006-11-17,,5.2,,,5.23,5.23,5.25,5.21,,,5.36,5.35,5.36,,
2006-11-20,,5.25,,,5.24,5.23,5.25,5.2,,,5.35,5.37,5.34,,
2006-11-21,,5.29,,,5.25,5.26,5.25,5.2,5.16,5.14,5.38,5.38,5.37,,
2006-11-22,,5.26,,,5.23,5.24,5.24,5.24,,,5.34,5.38,5.35,,
2006-11-23,,,,,,,,,,,,,,,
2006-11-24,,5.24,,,5.21,5.23,5.24,,,,5.46,5.47,,,
2006-11-27,,5.32,,,5.23,5.24,5.24,5.2,,,5.35,5.37,5.37,,
2006-11-28,,5.24,,,5.22,5.23,5.24,5.24,5.24,5.23,5.35,5.36,5.32,,
2006-11-29,,5.26,,,5.23,5.23,5.24,5.21,,,5.32,5.37,5.37,,
2006-11-30,,5.31,,,5.24,5.22,5.24,5.22,,,5.38,5.38,5.36,,
2006-12-01,,5.27,,,5.23,5.24,5.23,5.19,5.19,,5.35,5.39,5.38,,
2006-12-04,,5.22,,,5.22,5.23,5.22,5.2,,,5.39,5.33,5.35,,
2006-12-05,,5.21,,,5.25,5.23,5.23,5.2,5.19,,5.35,5.35,5.36,,
2006-12-06,,5.22,,,5.24,5.21,5.22,5.21,,,5.35,5.35,5.31,,
2006-12-07,,5.25,,,5.25,5.21,5.23,5.2,5.19,,5.38,5.38,5.36,,
2006-12-08,,5.25,,,5.23,5.23,5.23,5.19,5.19,,5.38,5.36,5.33,,
2006-12-11,,5.25,,,5.25,5.23,5.23,5.17,5.18,,5.38,5.34,5.32,,
2006-12-12,,5.23,,,5.28,5.25,5.24,5.2,5.18,,5.37,5.34,5.33,,
2006-12-13,,5.23,,,5.25,5.25,5.23,5.24,5.2,5.21,5.37,5.33,5.35,,
2006-12-14,,5.29,,,5.27,5.24,5.24,5.23,5.19,5.17,5.38,5.38,5.37,,
2006-12-15,,5.27,,,5.25,5.25,5.25,5.23,,,5.39,5.38,5.37,,
2006-12-18,,5.21,,,5.27,5.24,5.25,5.21,,,5.39,5.35,5.35,,
2006-12-19,,5.21,,,5.27,5.27,5.25,5.24,5.23,,5.39,5.37,5.37,,
2006-12-20,,5.26,,,5.26,5.25,5.26,5.22,5.22,,5.38,5.39,5.36,,
2006-12-21,,5.25,,,5.29,5.26,5.26,5.28,5.24,,5.39,5.38,5.36,,
2006-12-22,,5.24,,,5.27,5.26,5.24,5.32,5.22,,5.4,5.38,5.35,,
2006-12-25,,,,,,,,,,,,,,,
2006-12-26,,5.29,,,5.25,5.22,5.23,5.25,,,5.41,,,,
2006-12-27,,5.17,,,5.26,5.25,5.24,5.29,,,5.36,5.37,5.37,,
2006-12-28,,5.25,,,5.26,5.24,5.24,5.23,,,5.36,5.38,5.37,,
2006-12-29,,5.17,,,5.23,5.25,5.23,5.24,5.23,,5.36,5.39,5.34,,
2007-01-01,,,,,,,,,,,,,,,
2007-01-02,,5.3,,,5.26,5.24,5.24,5.2,,,5.35,5.38,5.38,,
2007-01-03,,5.28,,,5.24,5.23,5.23,5.25,5.19,,5.34,5.37,5.37,,
2007-01-04,,5.24,,,5.24,5.24,5.23,5.21,,,5.36,5.33,5.34,,
2007-01-05,,5.21,,,5.25,5.24,5.21,5.26,5.18,,5.35,5.38,5.37,,
2007-01-08,,5.23,,,5.25,5.24,5.23,5.26,,,5.35,5.36,5.39,,
2007-01-09,,5.25,,,5.25,5.24,5.24,5.26,5.25,,5.33,5.34,5.37,,
2007-01-10,,5.26,,,5.25,5.23,5.23,5.23,,,5.33,5.39,5.33,,
2007-01-11,,5.27,,,5.25,5.25,5.24,5.19,5.17,5.17,5.34,5.35,5.3,,
2007-01-12,,5.22,,,5.24,5.24,5.24,5.24,,,5.32,5.33,5.37,,
2007-01-15,,,,,,,,,,,,,,,
2007-01-16,,5.28,,,5.25,5.24,5.24,5.2,5.21,5.18,5.34,5.37,5.34,,
2007-01-17,,5.25,,,5.24,5.25,5.24,5.21,,,5.33,5.38,5.34,,
2007-01-18,,5.23,,,5.25,5.24,5.24,5.2,,,5.36,5.35,5.37,,
2007-01-19,,5.25,,,5.25,5.23,5.24,,,,5.34,5.37,5.31,,
2007-01-22,,5.24,,,5.24,5.24,5.24,5.19,5.21,5.16,5.35,5.37,5.34,,
2007-01-23,,5.26,,,5.24,5.22,5.24,5.23,,,5.36,5.33,5.33,,
2007-01-24,,5.27,,,5.24,5.25,5.24,5.19,5.18,5.18,5.36,5.33,5.3,,
2007-01-25,,5.31,,,5.25,5.24,5.24,5.23,5.19,5.18,5.33,5.33,5.31,,
2007-01-26,,5.26,,,5.25,5.24,5.25,5.22,5.18,,5.34,5.32,5.35,,
2007-01-29,,5.26,,,5.24,5.23,5.24,5.2,,,5.32,5.31,5.37,,
2007-01-30,,5.23,,,5.25,5.24,5.24,5.2,5.18,,5.31,5.32,5.32,,
2007-01-31,,5.33,,,5.24,5.24,5.23,5.18,5.17,,5.33,5.32,5.33,,
2007-02-01,,5.29,,,5.24,5.24,5.24,5.2,,,5.33,5.31,5.31,,
2007-02-02,,5.24,,,5.24,5.24,5.24,5.19,,,5.33,5.36,5.36,,
2007-02-05,,5.25,,,5.24,5.24,5.21,5.19,5.22,,5.35,5.37,5.35,,
2007-02-06,,5.24,,,5.24,5.23,5.24,5.24,5.18,,5.35,5.32,5.34,,
2007-02-07,,5.23,,,5.24,5.23,5.24,5.26,,,5.37,5.36,5.3,,
2007-02-08,,5.25,,,5.24,5.24,5.24,5.24,,,5.33,5.31,5.31,,
2007-02-09,,5.25,,,5.24,5.23,5.24,5.25,,,5.33,5.33,5.36,,
2007-02-12,,5.28,,,5.23,5.24,5.24,5.2,5.12,5.17,5.34,5.33,5.36,,
2007-02-13,,5.26,,,5.25,5.24,5.23,5.26,5.18,,5.35,5.33,5.3,,
2007-02-14,,5.27,,,5.27,5.23,5.22,5.23,,,5.31,5.32,5.35,,
2007-02-15,,5.29,,,5.23,5.22,5.23,5.25,5.18,,5.3,5.33,5.32,,
2007-02-16,,5.24,,,5.24,5.23,5.22,5.21,5.19,,5.33,5.33,5.32,,
2007-02-19,,,,,,,,,,,,,,,
2007-02-20,,5.27,,,5.25,5.22,5.25,5.2,5.19,,5.35,5.33,5.36,,
2007-02-21,,5.23,,,5.25,5.24,5.24,5.22,5.18,,5.35,5.33,5.32,,
2007-02-22,,5.26,,,5.24,5.24,5.22,5.21,,,5.34,5.33,5.32,,
2007-02-23,,5.24,,,5.24,5.23,5.24,5.22,5.2,,5.34,5.35,5.31,,
2007-02-26,,5.3,,,5.24,5.25,5.23,5.23,5.22,,5.35,5.32,5.34,,
2007-02-27,,5.27,,,5.28,5.23,5.21,5.2,5.2,5.19,5.31,5.36,5.35,,
2007-02-28,,5.41,,,5.23,5.22,5.21,5.21,5.2,,5.34,5.31,5.31,,
2007-03-01,,5.31,,,5.24,5.23,5.22,5.2,,,5.33,5.31,5.31,,
2007-03-02,,5.23,,,5.23,5.24,5.23,5.21,5.19,,5.32,5.29,5.33,,
2007-03-05,,5.27,,,5.25,5.21,5.19,5.24,5.18,5.16,5.38,5.28,5.3,,
2007-03-06,,5.22,,,5.23,5.22,5.21,5.21,,,5.33,5.31,5.34,,
2007-03-07,,5.24,,,5.24,5.23,5.22,5.24,5.19,,5.32,5.37,5.3,,
2007-03-08,,5.24,,,5.24,5.23,5.22,5.23,5.22,5.18,5.32,5.33,5.34,,
2007-03-09,,5.24,,,5.24,5.23,5.22,5.22,5.18,,5.33,5.33,5.34,,
2007-03-12,,5.25,,,5.24,5.24,5.23,5.25,5.24,5.18,5.33,5.3,5.29,,
2007-03-13,,5.25,,,5.25,5.24,5.24,5.23,5.19,,5.33,5.33,5.33,,
2007-03-14,,5.27,,,5.25,5.24,5.22,5.21,5.17,5.19,5.35,5.31,5.3,,
2007-03-15,,5.29,,,5.25,5.24,5.24,5.21,5.19,5.2,5.34,5.33,5.31,,
2007-03-16,,5.25,,,5.24,5.24,5.23,5.21,5.22,5.21,5.33,5.32,5.34,,
2007-03-19,,5.26,,,5.24,5.24,5.23,5.22,5.2,,5.36,5.32,5.35,,
2007-03-20,,5.26,,,5.24,5.24,5.23,5.23,5.23,5.22,5.36,5.35,5.32,,
2007-03-21,,5.26,,,5.24,5.23,5.22,5.23,5.22,5.22,5.36,5.31,5.35,,
2007-03-22,,5.27,,,5.24,5.23,5.22,5.23,5.22,5.19,5.31,5.35,5.33,,
2007-03-23,,5.24,,,5.25,5.24,5.22,5.22,5.19,5.2,5.34,5.36,5.34,,
2007-03-26,,5.28,,,5.24,5.23,5.22,5.23,5.21,5.2,5.33,5.33,5.29,,
2007-03-27,,5.25,,,5.23,5.23,5.22,5.23,5.21,5.22,5.34,5.34,5.33,,
2007-03-28,,5.27,,,5.25,5.23,5.23,5.23,5.21,5.2,5.36,5.32,5.32,,
2007-03-29,,5.29,,,5.25,5.22,5.23,5.24,5.21,5.2,5.34,5.34,5.35,,
2007-03-30,,5.3,,,5.23,5.24,5.24,5.23,,,5.36,5.35,5.32,,
2007-04-02,,5.25,,,5.24,5.24,5.22,5.23,5.18,,5.34,5.34,5.31,,
2007-04-03,,5.2,,,5.24,5.25,5.23,5.23,5.21,,5.33,5.34,5.34,,
2007-04-04,,5.21,,,5.24,5.24,5.23,5.2,5.18,5.19,5.35,5.35,5.39,,
2007-04-05,,5.3,,,5.24,5.22,5.22,5.25,5.2,5.18,5.35,5.34,,,
2007-04-06,,5.3,,,5.23,5.21,,,,,,,,,
2007-04-09,,5.28,,,5.24,5.23,5.22,5.24,5.2,5.19,5.34,5.32,5.34,,
2007-04-10,,5.26,,,5.26,5.24,5.23,5.21,5.24,,5.35,5.32,5.33,,
2007-04-11,,5.24,,,5.25,5.24,5.23,5.24,5.24,,5.34,5.32,5.34,,
2007-04-12,,5.27,,,5.27,5.24,5.23,5.22,5.19,5.23,5.34,5.32,5.34,,
2007-04-13,,5.25,,,5.25,5.24,5.23,5.24,5.25,,5.34,5.35,5.35,,
2007-04-16,,5.29,,,5.24,5.23,5.24,5.18,5.19,5.19,5.35,5.33,5.37,,
2007-04-17,,5.2,,,5.25,5.23,5.23,5.21,5.22,5.2,5.34,5.32,5.31,,
2007-04-18,,5.19,,,5.24,5.24,5.23,5.22,,,5.35,5.32,5.35,,
2007-04-19,,5.23,,,5.24,5.24,5.23,5.23,5.23,5.21,5.37,5.33,5.32,,
2007-04-20,,5.25,,,5.25,5.24,5.23,5.23,5.2,,5.33,5.34,5.34,,
2007-04-23,,5.23,,,5.24,5.24,5.23,5.22,5.21,,5.34,5.34,5.33,,
2007-04-24,,5.2,,,5.25,5.23,5.23,5.24,,,5.33,5.33,5.33,,
2007-04-25,,5.19,,,5.25,5.24,5.23,5.24,5.21,,5.33,5.32,5.31,,
2007-04-26,,5.24,,,5.23,5.23,5.23,5.23,5.2,5.22,5.33,5.31,5.3,,
2007-04-27,,5.24,,,5.24,5.24,5.22,5.22,,,5.34,5.32,5.32,,
2007-04-30,,5.29,,,5.24,5.24,5.23,,,,5.34,5.33,,,
2007-05-01,,5.26,,,5.24,5.23,5.23,5.2,5.23,,5.33,5.32,5.3,,
2007-05-02,,5.21,,,5.24,5.24,5.23,5.22,5.24,,5.33,5.31,5.31,,
2007-05-03,,5.24,,,5.23,5.24,5.24,5.25,5.22,,5.34,5.33,5.32,,
2007-05-04,,5.24,,,5.24,5.23,5.22,5.19,5.22,5.18,5.35,5.35,5.33,,
2007-05-07,,5.24,,,5.24,5.23,5.23,5.22,5.2,5.17,5.32,5.33,,,
2007-05-08,,5.21,,,5.25,5.23,5.21,5.19,5.21,5.18,5.35,5.3,5.37,,
2007-05-09,,5.21,,,5.25,5.22,5.23,5.2,5.19,5.17,5.3,5.34,5.3,,
2007-05-10,,5.25,,,5.24,5.22,5.23,5.2,5.19,5.18,5.35,5.33,5.31,,
2007-05-11,,5.27,,,5.23,5.23,5.23,5.22,5.19,5.17,5.34,5.34,5.32,,
2007-05-14,,5.26,,,5.24,5.23,5.23,5.24,5.19,5.18,5.35,5.3,5.35,,
2007-05-15,,5.29,,,5.24,5.24,5.23,5.24,5.18,5.17,5.35,5.31,5.3,,
2007-05-16,,5.25,,,5.23,5.23,5.23,5.21,,,5.35,5.33,5.3,,
2007-05-17,,5.25,,,5.25,5.22,5.23,5.25,5.18,5.25,5.32,5.31,5.33,,
2007-05-18,,5.24,,,5.24,5.22,5.23,5.2,5.18,5.2,5.35,5.32,,,
2007-05-21,,5.24,,,5.23,5.23,5.24,5.23,5.18,5.18,5.33,5.32,,,
2007-05-22,,5.23,,,5.24,5.23,5.23,5.25,5.23,5.18,5.34,5.34,5.32,,
2007-05-23,,5.25,,,5.24,5.22,5.22,5.22,5.2,5.2,5.34,5.34,5.32,,
2007-05-24,,5.24,,,5.23,5.24,5.24,5.23,5.24,5.2,5.33,5.32,5.31,,
2007-05-25,,5.29,,,5.23,5.22,5.23,5.24,,,5.34,5.34,5.33,,
2007-05-28,,,,,,,,,,,,,,,
2007-05-29,,5.29,,,5.24,5.24,5.24,5.23,5.22,5.16,5.35,5.35,5.34,,
2007-05-30,,5.25,,,5.24,5.23,5.23,5.24,5.25,5.21,5.34,5.35,5.33,,
2007-05-31,,5.28,,,5.23,5.23,5.23,5.24,5.19,5.2,5.35,5.32,5.35,,
2007-06-01,,5.23,,,5.24,5.23,5.23,5.23,5.22,5.19,5.34,5.35,5.32,,
2007-06-04,,5.24,,,5.24,5.24,5.23,5.19,5.2,5.19,5.35,5.33,5.32,,
2007-06-05,,5.19,,,5.24,5.24,5.24,5.24,5.22,5.21,5.33,5.33,,,
2007-06-06,,5.25,,,5.25,5.23,5.23,5.21,5.2,5.2,5.35,5.33,,,
2007-06-07,,5.25,,,5.24,5.24,5.25,5.23,5.22,5.21,5.35,5.31,5.45,,
2007-06-08,,5.26,,,5.24,5.24,5.24,5.22,5.25,,5.33,5.33,5.33,,
2007-06-11,,5.27,,,5.25,5.22,5.23,,,,5.36,5.35,,,
2007-06-12,,5.26,,,5.25,5.24,5.25,5.24,,,5.35,5.33,5.3,,
2007-06-13,,5.26,,,5.26,5.25,5.24,5.27,5.24,5.25,5.34,5.33,5.31,,
2007-06-14,,5.28,,,5.26,5.25,5.26,5.27,5.26,5.26,5.34,5.34,5.3,,
2007-06-15,,5.26,,,5.27,5.25,5.24,5.27,5.21,5.2,5.36,5.37,5.36,,
2007-06-18,,5.23,,,5.24,5.23,5.24,5.24,5.27,5.27,5.35,5.33,5.34,,
2007-06-19,,5.21,,,5.25,5.24,5.24,5.25,5.27,5.25,5.34,5.33,5.35,,
2007-06-20,,5.27,,,5.25,5.25,5.25,5.25,5.2,5.27,5.35,5.32,5.33,,
2007-06-21,,5.26,,,5.25,5.25,5.26,5.22,5.2,5.2,5.38,5.35,5.36,,
2007-06-22,,5.24,,,5.24,5.25,5.26,5.26,5.2,,5.36,5.35,5.37,,
2007-06-25,,5.29,,,5.26,5.24,5.26,5.22,5.2,5.27,5.37,5.36,5.35,,
2007-06-26,,5.25,,,5.3,5.26,5.26,5.26,5.26,5.24,5.35,5.37,5.34,,
2007-06-27,,5.26,,,5.25,5.26,5.26,5.24,5.26,5.28,5.39,5.34,,,
2007-06-28,,5.26,,,5.25,5.24,5.28,5.26,5.25,5.24,5.4,5.36,5.32,,
2007-06-29,,5.31,,,5.26,5.25,5.26,5.23,5.23,5.24,5.36,5.34,5.33,,
2007-07-02,,5.31,,,5.25,5.25,5.25,5.24,5.26,,5.4,5.35,,,
2007-07-03,,5.24,,,5.25,5.24,5.24,5.23,5.21,,5.35,5.32,5.31,,
2007-07-04,,,,,,,,,,,,,,,
2007-07-05,,5.25,,,5.24,5.25,5.24,5.22,,,5.34,5.33,,,
2007-07-06,,5.22,,,5.25,5.23,5.24,5.21,,,5.38,5.34,,,
2007-07-09,,5.22,,,5.25,5.23,5.25,5.26,5.23,5.19,5.34,5.34,5.34,,
2007-07-10,,5.24,,,5.26,5.23,5.23,5.26,5.2,,5.34,5.31,,,
2007-07-11,,5.24,,,5.23,5.24,5.24,5.21,5.24,5.19,5.35,5.32,,,
2007-07-12,,5.26,,,5.24,5.24,5.25,5.22,5.25,5.25,5.33,5.31,,,
2007-07-13,,5.25,,,5.23,5.27,5.25,5.23,,,5.36,5.32,5.29,,
2007-07-16,,5.32,,,5.25,5.22,5.25,5.23,5.23,5.22,5.35,5.33,5.34,,
2007-07-17,,5.28,,,5.25,5.25,5.25,5.25,5.23,5.19,5.35,5.35,,,
2007-07-18,,5.26,,,5.25,5.23,5.24,5.22,5.25,5.25,5.34,5.3,5.3,,
2007-07-19,,5.25,,,5.24,5.22,5.25,5.24,5.26,5.21,5.34,5.35,5.33,,
2007-07-20,,5.25,,,5.26,5.24,5.24,5.22,5.26,,5.35,5.32,5.32,,
2007-07-23,,5.26,,,5.25,5.24,5.24,5.22,5.22,5.21,5.36,5.33,5.33,,
2007-07-24,,5.25,,,5.26,5.24,5.25,5.22,5.25,5.23,5.33,5.32,5.34,,
2007-07-25,,5.32,,,5.25,5.23,5.24,5.25,5.23,,5.35,,,,
2007-07-26,,5.28,,,5.23,5.22,5.25,5.25,5.23,,5.35,5.33,,,
2007-07-27,,5.25,,,5.26,5.24,5.24,5.25,5.24,5.24,5.34,5.34,5.34,,
2007-07-30,,5.29,,,5.25,5.23,5.25,5.26,5.24,,5.38,5.37,5.33,,
2007-07-31,,5.28,,,5.26,5.26,5.26,5.23,5.22,,5.37,5.34,,,
2007-08-01,,5.3,,,5.26,5.25,5.23,5.23,,,5.38,5.36,5.34,,
2007-08-02,,5.24,,,5.26,5.26,5.24,5.26,5.23,,5.39,5.36,5.37,,
2007-08-03,,5.24,,,5.26,5.25,5.25,5.23,,,5.42,5.37,,,
2007-08-06,,5.26,,,5.26,5.24,5.29,5.25,,,5.45,5.4,,,
2007-08-07,,5.26,,,5.28,5.25,5.29,5.26,,,5.47,5.46,5.38,,
2007-08-08,,5.27,,,5.27,5.29,5.3,5.27,,,5.52,5.43,5.46,,
2007-08-09,,5.41,,,5.31,5.27,5.25,5.3,5.28,5.25,5.69,5.56,,,
2007-08-10,,4.68,,,5.3,5.29,5.3,5.3,5.41,5.39,5.89,5.73,5.78,,
2007-08-13,,4.81,,,5.26,5.26,5.27,5.26,5.23,,5.89,5.81,5.8,,
2007-08-14,,4.54,,,5.25,5.28,5.28,5.24,5.2,,5.83,5.75,5.7,,
2007-08-15,,4.71,,,5.26,5.27,5.41,5.23,5.22,5.21,5.9,5.79,5.67,,
2007-08-16,,4.97,,,5.27,5.27,5.35,5.23,5.22,5.24,5.9,5.89,5.68,,
2007-08-17,,4.91,,,5.27,5.29,5.26,5.22,5.23,5.24,6.05,6.0,5.88,,
2007-08-20,,5.03,,,5.26,5.26,5.23,5.23,5.25,5.24,6.09,6.13,5.89,,
2007-08-21,,4.89,,,5.24,5.3,5.28,5.23,5.24,5.24,6.06,6.18,5.96,,
2007-08-22,,4.77,,,5.29,5.32,5.37,5.22,5.24,,6.09,6.15,5.96,,
2007-08-23,,4.88,,,5.24,5.29,5.33,5.24,5.2,5.25,6.02,6.15,5.91,,
2007-08-24,,5.11,,,5.33,5.33,5.3,5.25,5.22,5.24,6.01,6.15,6.08,,
2007-08-27,,5.27,,,5.26,5.27,5.29,5.25,5.24,5.24,6.07,6.04,6.09,,
2007-08-28,,5.3,,,5.29,5.26,5.3,5.21,5.22,5.23,5.98,6.17,6.15,,
2007-08-29,,5.0,,,5.29,5.31,5.34,5.2,5.26,,6.07,6.22,5.94,,
2007-08-30,,5.0,,,5.24,5.33,5.32,5.24,5.23,,6.12,6.05,6.16,,
2007-08-31,,4.96,,,5.28,5.33,5.43,5.22,,,5.95,6.1,,,
2007-09-03,,,,,,,,,,,,,,,
2007-09-04,,5.22,,,5.28,5.26,5.47,5.19,5.22,,6.12,6.04,5.9,,
2007-09-05,,5.18,,,5.42,5.34,5.3,5.2,,,6.13,6.06,5.89,,
2007-09-06,,4.98,,,5.28,5.3,5.48,5.22,5.27,5.23,6.07,6.17,6.25,,
2007-09-07,,4.86,,,5.23,5.26,5.48,5.16,5.21,5.18,5.98,5.91,5.73,,
2007-09-10,,5.07,,,5.27,5.29,5.26,5.1,5.08,5.06,6.03,5.93,5.92,,
2007-09-11,,5.06,,,5.31,5.38,5.48,5.03,4.96,5.0,5.96,5.86,,,
2007-09-12,,5.18,,,5.17,5.38,5.43,4.99,4.9,4.97,5.95,5.97,5.82,,
2007-09-13,,5.09,,,5.24,5.13,5.38,4.99,5.0,5.0,5.9,5.89,5.79,,
2007-09-14,,5.25,,,5.16,5.26,5.44,5.0,4.97,4.97,5.75,5.73,5.79,,
2007-09-17,,5.33,,,5.23,5.25,5.25,4.97,4.99,4.95,5.73,5.57,5.74,,
2007-09-18,,4.92,,,5.02,5.04,5.05,4.97,4.98,4.95,5.66,5.71,5.61,,
2007-09-19,,4.74,,,4.72,4.78,4.94,4.76,4.73,4.81,5.32,5.3,5.52,,
2007-09-20,,4.77,,,4.76,4.78,4.92,4.74,4.75,4.72,5.29,5.33,5.28,,
2007-09-21,,4.76,,,4.76,4.79,4.84,4.75,4.79,,5.33,5.37,5.39,,
2007-09-24,,4.74,,,4.79,4.85,5.04,4.78,,,5.41,5.34,5.36,,
2007-09-25,,4.82,,,4.75,4.81,4.71,4.79,4.73,4.8,5.32,5.39,5.37,,
2007-09-26,,4.88,,,4.82,4.88,5.03,4.73,4.84,4.78,5.4,5.43,5.37,,
2007-09-27,,4.93,,,4.89,4.81,5.12,4.82,4.78,4.72,5.41,5.39,,,
2007-09-28,,4.58,,,4.75,4.79,4.92,4.72,4.76,4.72,5.33,5.32,,,
2007-10-01,,4.92,,,4.77,4.8,5.07,4.79,4.79,4.81,5.31,5.35,5.41,,
2007-10-02,,4.78,,,4.79,4.8,5.01,4.69,4.72,4.7,5.33,5.35,5.37,,
2007-10-03,,4.68,,,4.78,4.84,5.09,4.71,4.74,,5.31,5.3,5.27,,
2007-10-04,,4.74,,,4.8,4.78,5.0,4.7,4.71,4.72,5.32,5.32,5.37,,
2007-10-05,,4.77,,,4.89,5.01,4.98,4.7,4.71,4.72,5.27,5.31,5.34,,
2007-10-08,,,,,,,,,,,,,,,
2007-10-09,,4.91,,,4.82,4.98,5.06,4.76,4.78,,5.3,5.38,5.36,,
2007-10-10,,4.52,,,4.85,4.87,5.06,4.71,4.72,4.73,5.27,5.28,5.34,,
2007-10-11,,4.75,,,4.99,4.87,5.08,4.71,4.7,4.52,5.27,5.3,5.35,,
2007-10-12,,4.75,,,4.83,4.93,5.02,4.71,4.7,4.7,5.26,5.27,5.35,,
2007-10-15,,4.81,,,4.86,4.92,5.02,4.78,4.7,4.69,5.24,5.29,5.34,,
2007-10-16,,4.68,,,4.83,4.83,5.0,4.72,4.8,4.71,5.29,5.28,5.35,,
2007-10-17,,4.7,,,4.83,4.82,5.02,4.8,4.76,4.45,5.25,5.31,5.42,,
2007-10-18,,4.69,,,4.76,4.81,5.01,4.79,4.7,4.7,5.27,5.26,5.31,,
2007-10-19,,4.77,,,4.8,4.75,4.92,4.72,4.7,4.6,5.17,5.27,5.29,,
2007-10-22,,4.71,,,4.73,4.77,4.78,4.76,4.65,4.67,5.16,5.2,5.22,,
2007-10-23,,4.67,,,4.72,4.77,4.82,4.72,4.68,4.65,5.18,5.18,5.27,,
2007-10-24,,4.74,,,4.71,4.72,4.75,4.74,4.71,4.62,5.11,5.21,5.19,,
2007-10-25,,4.86,,,4.71,4.7,4.74,4.71,4.36,,5.13,5.21,5.14,,
2007-10-26,,4.8,,,4.61,4.64,4.66,4.64,4.56,4.51,5.07,5.21,5.08,,
2007-10-29,,4.84,,,4.6,4.61,4.68,4.58,4.54,4.51,4.98,4.99,5.13,,
2007-10-30,,4.78,,,4.56,4.57,4.65,4.52,4.41,4.46,5.03,5.13,4.95,,
2007-10-31,,4.6,,,4.53,4.57,4.6,4.49,4.45,4.46,4.98,5.04,5.05,,
2007-11-01,,4.59,,,4.52,4.55,4.61,4.5,4.45,4.42,4.8,4.91,4.96,,
2007-11-02,,4.28,,,4.51,4.55,4.69,4.47,4.41,4.4,4.86,4.98,5.02,,
2007-11-05,,4.29,,,4.51,4.77,4.63,4.52,4.52,,4.83,4.96,5.0,,
2007-11-06,,4.22,,,4.53,4.62,4.63,4.49,4.5,,4.9,5.07,4.97,,
2007-11-07,,4.39,,,4.5,4.66,4.75,4.49,4.52,4.46,4.89,5.01,5.08,,
2007-11-08,,4.58,,,4.55,4.64,4.64,4.48,4.51,,4.87,4.96,5.04,,
2007-11-09,,4.49,,,4.47,4.64,4.79,4.48,4.54,4.45,4.88,5.02,5.08,,
2007-11-12,,,,,,,,,,,,,,,
2007-11-13,,4.61,,,4.48,4.69,4.66,4.49,4.44,,4.88,5.05,5.03,,
2007-11-14,,4.6,,,4.52,4.68,4.87,4.47,4.43,4.38,4.84,5.01,5.02,,
2007-11-15,,4.54,,,4.54,4.68,4.98,4.5,4.47,4.46,4.93,5.13,5.09,,
2007-11-16,,4.51,,,4.49,4.63,4.85,4.48,4.47,4.47,4.95,5.13,5.04,,
2007-11-19,,4.51,,,4.5,4.77,4.66,4.51,4.32,4.4,4.98,5.14,,,
2007-11-20,,4.51,,,4.54,4.71,4.94,4.5,4.47,4.47,4.96,5.2,5.14,,
2007-11-21,,4.5,,,4.55,4.78,4.65,4.47,4.3,4.32,4.98,5.23,5.24,,
2007-11-22,,,,,,,,,,,,,,,
2007-11-23,,4.56,,,4.48,4.66,4.67,4.46,,,5.14,5.31,,,
2007-11-26,,4.62,,,4.47,4.67,4.79,4.47,4.41,4.34,5.12,5.24,5.21,,
2007-11-27,,4.39,,,4.49,4.73,4.92,4.48,4.47,4.46,5.05,5.29,5.24,,
2007-11-28,,4.53,,,4.53,4.73,4.88,4.42,4.44,4.45,5.08,5.24,5.29,,
2007-11-29,,4.55,,,4.6,4.8,4.85,4.44,4.42,4.36,5.25,5.41,5.31,,
2007-11-30,,4.66,,,4.47,4.91,4.58,4.46,4.46,4.46,5.19,5.47,5.42,,
2007-12-03,,4.52,,,4.5,4.94,4.7,4.46,4.46,4.44,5.42,5.52,5.48,,
2007-12-04,,4.5,,,4.97,4.78,4.71,4.46,4.43,4.43,5.49,5.43,5.45,,
2007-12-05,,4.31,,,4.49,4.83,4.96,4.34,4.37,4.37,5.47,5.51,,,
2007-12-06,,4.49,,,4.86,4.95,4.86,4.44,4.37,4.39,5.48,5.55,5.28,,
2007-12-07,,4.41,,,5.02,4.59,4.75,4.33,4.29,4.32,5.51,5.54,,,
2007-12-10,,4.46,,,4.36,4.72,4.94,4.36,4.2,4.29,5.48,5.6,,,
2007-12-11,,4.29,,,4.39,4.87,4.68,4.24,4.21,4.22,5.25,5.51,5.36,,
2007-12-12,,4.28,,,4.62,4.56,4.88,4.23,4.18,4.15,5.51,5.27,,,
2007-12-13,,4.3,,,4.37,4.82,4.94,4.21,4.19,4.17,5.63,5.39,5.37,,
2007-12-14,,4.24,,,4.36,4.44,4.81,4.2,4.19,4.16,5.52,5.43,5.35,,
2007-12-17,,4.31,,,4.31,4.62,4.78,4.22,4.15,4.11,5.57,5.33,5.3,,
2007-12-18,,4.16,,,4.33,4.45,4.82,4.15,4.22,4.18,5.62,5.56,5.46,,
2007-12-19,,3.98,,,4.35,4.65,4.75,4.19,,,5.59,5.56,5.35,,
2007-12-20,,4.37,,,4.36,4.65,4.9,4.2,,,5.64,5.48,5.04,,
2007-12-21,,4.28,,,4.46,4.66,4.67,4.26,4.21,4.18,5.65,5.57,5.03,,
2007-12-24,,4.0,,,4.54,4.59,4.78,4.2,4.18,4.16,5.69,,,,
2007-12-25,,,,,,,,,,,,,,,
2007-12-26,,4.26,,,4.64,4.76,4.72,4.2,4.17,,5.65,5.57,5.5,,
2007-12-27,,4.15,,,4.72,4.6,4.68,4.16,4.15,4.15,5.6,5.46,,,
2007-12-28,,4.01,,,4.25,4.45,4.64,4.19,4.1,4.01,5.2,,,,
2007-12-31,,3.06,,,4.22,4.2,4.15,3.98,,,4.9,,,,
2008-01-01,,,,,,,,,,,,,,,
2008-01-02,,4.11,,,4.23,4.44,4.37,4.2,,,4.78,4.84,,,
2008-01-03,,4.25,,,4.26,4.28,4.42,4.16,,,4.7,4.9,4.97,,
2008-01-04,,4.18,,,4.23,4.27,4.36,4.18,3.98,4.13,4.65,4.76,4.73,,
2008-01-07,,4.27,,,4.22,4.21,4.32,4.05,3.96,3.95,4.66,4.71,4.8,,
2008-01-08,,4.27,,,4.22,4.33,4.21,4.0,,,4.61,4.67,4.63,,
2008-01-09,,4.26,,,4.16,4.27,4.23,3.88,3.98,4.07,4.5,4.56,4.6,,
2008-01-10,,4.26,,,4.16,4.12,4.14,4.08,,,4.58,4.54,4.5,,
2008-01-11,,4.23,,,4.1,4.13,4.1,4.12,,,4.48,4.53,,,
2008-01-14,,4.24,,,3.99,3.99,3.94,3.88,3.76,3.74,4.47,4.51,4.24,,
2008-01-15,,4.24,,,3.92,3.85,3.74,3.91,3.68,,4.28,4.29,4.2,,
2008-01-16,,4.22,,,3.86,3.84,3.79,3.6,3.67,,4.45,4.25,4.14,,
2008-01-17,,4.23,,,3.87,3.75,3.7,3.74,3.62,3.43,4.28,4.21,4.16,,
2008-01-18,,4.17,,,3.85,3.71,3.71,3.6,,,4.32,4.23,4.19,,
2008-01-21,,,,,,,,,,,,,,,
2008-01-22,,3.68,,,3.51,3.51,3.37,3.25,3.38,,3.84,3.95,,,
2008-01-23,,3.43,,,3.1,3.1,3.08,3.04,3.0,2.5,3.65,3.67,3.49,,
2008-01-24,,3.47,,,3.11,3.1,3.06,3.03,2.97,2.48,3.59,3.53,3.47,,
2008-01-25,,3.6,,,3.11,3.11,3.07,3.12,,,3.55,3.67,3.54,,
2008-01-28,,3.5,,,3.08,3.09,3.05,3.03,2.96,2.83,3.5,3.53,3.46,,
2008-01-29,,3.47,,,3.08,3.08,3.02,3.08,2.98,2.93,3.49,3.64,3.5,,
2008-01-30,,3.26,,,3.0,3.04,3.02,3.0,2.94,2.9,3.62,3.57,3.45,,
2008-01-31,,3.22,,,2.95,2.96,2.98,2.94,2.91,2.75,3.35,3.33,3.31,,
2008-02-01,,3.12,,,2.99,2.97,2.97,2.91,,2.75,3.37,3.37,,,
2008-02-04,,2.82,,,3.08,3.01,3.0,2.93,2.89,2.86,3.4,3.39,3.38,,
2008-02-05,,2.71,,,3.07,3.0,3.06,3.01,3.12,2.85,3.41,3.54,3.45,,
2008-02-06,,2.94,,,3.03,3.05,3.0,2.9,2.7,2.77,3.42,3.35,3.33,,
2008-02-07,,3.03,,,2.98,2.95,2.98,2.85,2.75,2.7,3.39,3.54,,,
2008-02-08,,3.05,,,2.98,2.97,3.09,2.94,2.85,2.8,3.39,,,,
2008-02-11,,2.88,,,3.01,2.93,3.05,2.91,2.67,,3.39,3.29,3.54,,
2008-02-12,,2.91,,,2.99,2.9,2.94,2.89,2.75,2.73,3.41,3.31,3.25,,
2008-02-13,,3.02,,,3.01,2.9,3.12,2.9,2.73,,3.38,3.32,3.41,,
2008-02-14,,3.03,,,3.03,2.98,2.98,2.89,2.72,,3.38,3.38,3.31,,
2008-02-15,,2.97,,,3.09,2.89,2.93,2.96,2.76,,3.49,3.37,3.48,,
2008-02-18,,,,,,,,,,,,,,,
2008-02-19,,2.94,,,3.05,2.92,2.97,2.91,2.7,2.67,3.46,3.38,3.35,,
2008-02-20,,3.0,,,2.99,2.96,2.96,2.97,2.75,,3.45,3.35,3.33,,
2008-02-21,,3.01,,,3.03,2.91,3.18,2.78,2.72,2.67,3.41,3.42,3.45,,
2008-02-22,,2.97,,,3.0,2.95,2.97,2.95,2.71,,3.46,3.34,3.31,,
2008-02-25,,3.0,,,2.95,2.95,3.18,2.87,2.7,,3.41,3.44,3.38,,
2008-02-26,,2.85,,,2.92,3.08,3.17,2.78,2.69,,3.47,3.4,3.36,,
2008-02-27,,2.93,,,2.93,2.88,3.01,2.82,2.7,,3.51,3.39,3.29,,
2008-02-28,,3.06,,,2.92,2.87,2.98,2.96,2.69,2.57,3.51,3.47,3.32,,
2008-02-29,,3.01,,,2.91,2.98,3.01,2.79,2.6,2.5,3.5,3.42,3.28,,
2008-03-03,,3.1,,,2.8,2.92,2.88,2.7,2.68,2.64,3.47,3.41,3.3,,
2008-03-04,,2.9,,,2.86,2.83,2.91,2.7,2.67,2.59,3.46,3.37,3.36,,
2008-03-05,,2.93,,,2.97,2.87,2.89,2.71,2.58,,3.41,3.4,3.31,,
2008-03-06,,2.99,,,2.9,2.9,3.0,2.7,2.64,2.58,3.41,3.35,,,
2008-03-07,,2.96,,,2.83,2.76,2.91,2.63,2.63,2.58,3.35,3.35,,,
2008-03-10,,2.99,,,2.81,2.82,2.84,2.6,2.56,2.52,3.34,3.28,,,
2008-03-11,,2.95,,,2.79,2.73,2.72,2.55,2.57,2.53,3.32,3.32,3.22,,
2008-03-12,,2.97,,,2.69,2.75,2.97,2.53,2.31,,3.29,3.3,,,
2008-03-13,,2.98,,,2.61,2.74,2.8,2.22,2.3,2.26,3.15,3.15,3.06,,
2008-03-14,,2.99,,,2.59,2.66,2.66,2.46,2.45,,3.17,3.17,3.12,,
2008-03-17,,2.69,,,2.41,2.48,2.5,2.28,1.99,,3.06,3.0,,,
2008-03-18,,2.16,,,2.4,2.47,2.41,2.08,1.94,,3.13,2.89,2.78,,
2008-03-19,,2.08,,,2.35,2.41,2.59,2.2,,,2.87,2.95,2.97,,
2008-03-20,,2.22,,,2.44,2.48,2.69,2.15,2.08,,2.94,2.85,2.84,,
2008-03-21,,2.08,,,2.4,2.55,2.54,,,,,,,,
2008-03-24,,2.08,,,2.41,2.48,2.57,2.15,2.15,,3.0,3.04,2.98,,
2008-03-25,,2.42,,,2.6,2.55,2.53,2.23,2.17,2.11,3.02,3.11,,,
2008-03-26,,2.3,,,2.36,2.54,2.56,2.15,2.17,2.11,3.04,3.05,3.02,,
2008-03-27,,2.27,,,2.68,2.63,2.65,2.06,2.0,2.13,3.17,3.05,,,
2008-03-28,,2.09,,,2.57,2.61,2.54,2.09,2.05,2.12,3.15,3.05,3.07,,
2008-03-31,,2.51,,,2.4,2.56,2.51,2.1,2.09,2.08,3.15,3.1,,,
2008-04-01,,2.38,,,2.44,2.4,2.63,2.1,2.04,2.05,3.12,3.04,3.02,,
2008-04-02,,2.18,,,2.6,2.48,2.61,2.05,2.07,2.08,3.11,2.97,2.92,,
2008-04-03,,2.19,,,2.57,2.52,2.67,2.15,1.99,1.9,3.06,2.97,2.93,,
2008-04-04,,2.26,,,2.53,2.48,2.67,1.98,2.09,2.0,3.05,3.03,3.02,,
2008-04-07,,2.24,,,2.41,2.5,2.59,2.09,2.05,1.98,3.05,3.03,2.98,,
2008-04-08,,2.23,,,2.41,2.51,2.67,2.13,2.05,2.08,2.97,3.02,3.01,,
2008-04-09,,2.2,,,2.66,2.5,2.74,2.07,2.1,2.07,3.02,3.0,3.1,,
2008-04-10,,2.3,,,2.52,2.59,2.66,2.16,2.1,,2.94,2.99,2.98,,
2008-04-11,,2.37,,,2.5,2.52,2.61,2.06,2.09,,3.05,3.07,3.02,,
2008-04-14,,2.32,,,2.59,2.62,2.7,2.15,2.08,,3.09,3.03,3.04,,
2008-04-15,,2.32,,,2.55,2.49,2.6,2.15,1.98,,3.01,3.0,,,
2008-04-16,,2.35,,,2.64,2.43,2.66,1.96,,,3.02,3.02,3.13,,
2008-04-17,,2.37,,,2.5,2.45,2.64,2.15,2.07,,3.05,3.05,3.15,,
2008-04-18,,2.32,,,2.42,2.58,2.94,2.15,2.1,,3.12,3.13,,,
2008-04-21,,2.28,,,2.87,2.88,2.85,2.13,2.09,1.97,3.09,3.1,,,
2008-04-22,,1.99,,,2.59,2.82,2.76,2.13,2.09,1.94,3.24,3.14,3.3,,
2008-04-23,,2.18,,,2.74,2.95,2.91,2.01,2.0,2.0,3.16,3.16,3.18,,
2008-04-24,,2.26,,,2.77,2.65,2.88,2.09,2.03,1.93,3.13,3.14,,,
2008-04-25,,2.28,,,2.42,2.82,2.81,2.27,2.0,,3.1,3.08,,,
2008-04-28,,2.29,,,2.56,2.61,2.79,2.1,2.07,1.91,3.11,3.17,3.28,,
2008-04-29,,2.21,,,2.5,2.78,2.83,2.07,2.08,,3.1,3.12,3.19,,
2008-04-30,,2.37,,,2.63,2.76,2.67,2.07,1.98,,3.13,3.06,,,
2008-05-01,,2.16,,,2.49,2.5,2.65,2.0,1.99,1.86,2.89,2.92,3.03,,
2008-05-02,,1.88,,,2.55,2.35,2.67,1.99,1.99,1.85,2.97,3.01,3.02,,
2008-05-05,,1.85,,,2.45,2.51,2.59,1.98,1.99,,2.94,2.97,,,
2008-05-06,,1.91,,,2.3,2.49,2.55,1.96,1.99,,2.97,3.02,3.07,,
2008-05-07,,2.01,,,2.17,2.44,2.7,1.98,1.98,,2.92,3.0,3.0,,
2008-05-08,,1.99,,,2.37,2.5,2.58,1.96,2.0,,2.87,2.97,2.89,,
2008-05-09,,1.97,,,2.44,2.52,2.68,1.94,1.96,1.96,2.87,3.0,3.02,,
2008-05-12,,1.88,,,2.23,2.5,2.66,1.95,1.98,,2.86,2.97,2.95,,
2008-05-13,,1.93,,,2.34,2.5,2.52,1.94,1.98,1.89,2.8,2.83,2.98,,
2008-05-14,,2.03,,,2.34,2.49,2.5,1.94,1.99,,2.83,2.93,,,
2008-05-15,,2.03,,,2.21,2.41,2.58,2.03,1.94,,2.83,2.87,2.95,,
2008-05-16,,1.91,,,2.26,2.45,2.64,2.01,1.94,2.0,2.85,2.94,2.97,,
2008-05-19,,1.95,,,2.26,2.45,2.6,2.0,2.03,,2.88,2.83,2.92,,
2008-05-20,,1.99,,,2.14,2.36,2.54,1.99,2.03,2.06,2.74,2.81,,,
2008-05-21,,2.03,,,2.15,2.38,2.57,1.97,2.04,2.06,2.71,2.78,2.9,,
2008-05-22,,2.05,,,2.17,2.31,2.68,1.93,2.04,2.06,2.73,2.85,2.91,,
2008-05-23,,1.99,,,2.21,2.36,2.61,1.99,2.04,2.07,2.75,2.8,,,
2008-05-26,,,,,,,,,,,,,,,
2008-05-27,,2.23,,,2.15,2.33,2.61,2.04,2.0,2.04,2.76,2.8,2.89,,
2008-05-28,,2.08,,,2.2,2.33,2.68,2.07,2.09,2.09,2.72,2.9,2.9,,
2008-05-29,,2.01,,,2.21,2.5,2.56,2.06,2.01,2.06,2.86,2.91,2.93,,
2008-05-30,,1.98,,,2.22,2.42,2.56,2.1,2.11,2.03,2.81,2.91,,,
2008-06-02,,2.06,,,2.3,2.41,2.52,2.12,2.11,2.13,2.86,2.91,2.93,,
2008-06-03,,1.95,,,2.3,2.48,2.57,2.07,2.12,2.18,2.87,2.81,,,
2008-06-04,,1.98,,,2.32,2.44,2.61,2.1,2.11,2.13,2.82,2.85,2.89,,
2008-06-05,,1.98,,,2.32,2.5,2.63,2.08,2.13,,2.79,2.89,2.95,,
2008-06-06,,2.01,,,2.27,2.43,2.61,2.08,2.1,2.14,2.81,2.78,,,
2008-06-09,,2.02,,,2.3,2.39,2.55,2.05,2.12,2.14,2.86,2.85,2.99,,
2008-06-10,,1.96,,,2.4,2.48,2.68,2.06,,,2.81,2.95,,,
2008-06-11,,1.95,,,2.4,2.59,2.76,2.14,2.13,2.13,2.82,2.93,3.05,,
2008-06-12,,2.01,,,2.39,2.49,2.79,2.16,2.15,2.19,2.81,2.85,2.9,,
2008-06-13,,2.02,,,2.2,2.59,2.82,2.1,2.12,,2.9,2.91,3.05,,
2008-06-16,,2.06,,,2.43,2.62,2.8,2.2,2.14,2.22,2.89,2.98,3.08,,
2008-06-17,,1.87,,,2.4,2.54,2.84,2.19,2.18,2.21,2.86,2.94,2.95,,
2008-06-18,,1.84,,,2.28,2.58,2.69,2.18,2.18,2.23,2.86,2.93,3.1,,
2008-06-19,,1.94,,,2.36,2.53,2.72,2.14,2.2,2.28,2.91,2.95,3.14,,
2008-06-20,,1.99,,,2.38,2.61,2.7,2.14,2.2,2.27,2.85,3.02,3.1,,
2008-06-23,,1.98,,,2.33,2.53,2.7,2.17,2.22,2.29,2.94,3.02,3.09,,
2008-06-24,,1.93,,,2.36,2.65,2.78,2.16,,,2.98,3.05,3.12,,
2008-06-25,,1.97,,,2.33,2.57,2.72,2.22,2.23,2.27,2.94,2.95,3.08,,
2008-06-26,,2.05,,,2.37,2.58,2.83,2.16,2.21,2.3,2.98,2.99,3.11,,
2008-06-27,,1.99,,,2.41,2.56,2.71,2.16,,2.33,2.92,3.05,,,
2008-06-30,,2.47,,,2.37,2.51,2.73,2.17,2.13,2.13,2.85,2.88,,,
2008-07-01,,2.11,,,2.32,2.37,2.75,2.16,2.23,2.34,2.91,2.93,3.05,,
2008-07-02,,1.95,,,2.3,2.53,2.68,2.2,2.29,2.37,2.96,3.0,3.09,,
2008-07-03,,1.92,,,2.32,2.5,2.71,,,,2.92,2.85,,,
2008-07-04,,,,,,,,,,,,,,,
2008-07-07,,1.99,,,2.34,2.52,2.68,2.13,2.18,,2.83,2.94,3.13,,
2008-07-08,,1.97,,,2.34,2.57,2.67,2.16,2.15,,2.81,2.97,3.1,,
2008-07-09,,1.99,,,2.42,2.54,2.76,2.11,2.24,,2.85,3.0,3.08,,
2008-07-10,,2.01,,,2.38,2.56,2.77,2.14,,2.31,2.83,3.03,,,
2008-07-11,,1.97,,,2.29,2.5,2.78,2.09,2.05,,2.89,3.0,2.94,,
2008-07-14,,2.06,,,2.36,2.48,2.67,2.13,2.16,,2.84,3.04,,,
2008-07-15,,2.16,,,2.25,2.51,2.67,2.1,2.02,2.19,2.8,2.94,3.08,,
2008-07-16,,1.95,,,2.23,2.57,2.66,2.08,2.15,2.18,2.73,2.93,3.16,,
2008-07-17,,2.03,,,2.4,2.49,2.55,2.02,2.15,2.2,2.9,2.97,3.05,,
2008-07-18,,1.96,,,2.35,2.61,2.78,2.04,2.15,2.2,2.82,3.03,3.27,,
2008-07-21,,1.98,,,2.35,2.52,2.72,2.05,2.16,,2.79,3.03,3.19,,
2008-07-22,,1.97,,,2.44,2.53,2.83,2.02,2.15,,2.82,3.05,3.15,,
2008-07-23,,2.04,,,2.38,2.56,2.73,2.03,2.12,,2.87,2.87,,,
2008-07-24,,2.06,,,2.32,2.51,2.7,2.02,2.14,2.11,2.89,3.03,3.31,,
2008-07-25,,2.13,,,2.31,2.43,2.68,2.05,2.08,,2.94,3.19,,,
2008-07-28,,2.0,,,2.37,2.5,2.82,2.0,1.92,1.94,2.88,3.08,3.2,,
2008-07-29,,2.05,,,2.35,2.56,2.76,2.05,,,2.87,3.05,3.22,,
2008-07-30,,2.03,,,2.38,2.52,2.78,2.08,1.96,1.97,2.93,3.07,3.05,,
2008-07-31,,2.09,,,2.36,2.56,2.71,2.08,2.13,,2.96,3.07,3.1,,
2008-08-01,,2.04,,,2.34,2.5,2.9,2.03,2.04,2.14,2.9,2.86,3.23,,
2008-08-04,,1.97,,,2.41,2.58,2.72,2.02,2.01,,2.82,2.95,3.28,,
2008-08-05,,1.97,,,2.36,2.6,2.68,2.05,2.05,,2.82,2.89,3.01,,
2008-08-06,,2.01,,,2.37,2.52,2.81,2.03,,,2.86,2.98,3.05,,
2008-08-07,,1.96,,,2.39,2.49,2.6,2.02,2.07,,2.85,2.98,3.14,,
2008-08-08,,2.01,,,2.34,2.5,2.71,2.02,,,2.86,3.05,3.17,,
2008-08-11,,1.99,,,2.37,2.53,2.74,2.05,2.11,2.11,2.84,3.02,3.24,,
2008-08-12,,1.95,,,2.33,2.5,2.7,2.06,2.12,2.05,2.93,2.92,3.2,,
2008-08-13,,1.98,,,2.4,2.51,2.74,2.01,2.05,2.04,2.87,2.96,3.17,,
2008-08-14,,2.09,,,2.43,2.53,2.82,2.01,,,2.86,3.05,3.03,,
2008-08-15,,2.08,,,2.46,2.49,2.86,2.03,,,2.86,3.06,3.15,,
2008-08-18,,1.91,,,2.39,2.62,2.78,2.05,2.1,2.06,2.78,2.9,3.0,,
2008-08-19,,1.94,,,2.41,2.52,2.75,2.02,2.1,,2.86,3.02,3.12,,
2008-08-20,,1.98,,,2.37,2.58,2.72,2.05,,,2.92,2.95,3.12,,
2008-08-21,,2.01,,,2.41,2.49,2.75,2.06,2.13,,2.9,3.1,,,
2008-08-22,,2.02,,,2.37,2.56,2.76,2.05,,,2.91,2.9,3.15,,
2008-08-25,,2.01,,,2.41,2.5,2.74,2.15,,,2.92,3.01,,,
2008-08-26,,1.88,,,2.38,2.51,2.78,1.98,2.12,,2.89,2.91,3.12,,
2008-08-27,,1.98,,,2.39,2.6,2.87,2.03,,,2.84,3.0,,,
2008-08-28,,1.99,,,2.42,2.63,2.85,2.03,2.04,,2.96,2.91,,,
2008-08-29,,1.94,,,2.45,2.62,2.67,2.03,,,2.96,2.85,,,
2008-09-01,,,,,,,,,,,,,,,
2008-09-02,,1.96,,,2.35,2.64,2.73,2.05,2.07,2.1,2.94,3.03,3.1,,
2008-09-03,,2.01,,,2.47,2.54,2.7,2.01,2.01,2.13,2.86,3.01,3.25,,
2008-09-04,,1.99,,,2.43,2.55,2.68,2.05,1.98,2.11,2.88,2.93,3.22,,
2008-09-05,,1.97,,,2.41,2.6,2.75,2.0,2.0,,2.91,3.08,,,
2008-09-08,,1.92,,,2.45,2.61,2.68,2.0,2.06,2.09,2.89,2.97,3.14,,
2008-09-09,,1.96,,,2.44,2.59,2.78,2.04,2.06,2.0,2.79,2.99,3.12,,
2008-09-10,,2.12,,,2.33,2.6,2.7,2.07,2.0,,2.93,3.03,3.14,,
2008-09-11,,2.0,,,2.3,2.43,2.67,2.01,2.02,2.02,2.89,3.0,3.15,,
2008-09-12,,2.1,,,2.39,2.6,2.75,2.04,2.06,2.04,2.96,3.02,3.07,,
2008-09-15,,2.64,,,2.47,2.45,2.73,2.13,2.13,,2.98,3.25,,,
2008-09-16,,1.98,,,2.51,2.59,2.81,2.52,2.28,2.22,3.8,3.38,,,
2008-09-17,,2.8,,,2.55,2.7,2.66,2.22,2.26,2.22,5.02,,,,
2008-09-18,,2.16,,,2.63,2.86,3.05,2.41,2.22,2.25,6.02,,,,
2008-09-19,,1.48,,,3.02,3.06,3.05,2.16,2.15,,5.04,5.05,,,
2008-09-22,,1.51,,,3.38,3.15,,,,,5.68,5.01,,,
2008-09-23,,1.46,,,3.04,3.02,3.18,2.05,2.1,2.12,4.96,5.53,6.0,,
2008-09-24,,1.19,,,3.3,2.89,3.2,1.86,2.13,2.23,5.95,4.23,6.02,,
2008-09-25,,1.23,,,3.14,2.94,2.82,1.93,2.23,2.23,5.5,5.69,6.0,,
2008-09-26,,1.08,,,3.14,3.52,3.4,2.13,2.13,2.09,5.91,6.01,,,
2008-09-29,,1.56,,,2.27,2.79,3.3,2.12,2.18,,5.96,5.86,,,
2008-09-30,,2.03,,,3.53,3.33,3.61,2.16,2.19,,5.66,,,,
2008-10-01,,1.15,,,3.63,3.52,3.81,2.0,2.15,2.27,5.42,5.99,,,
2008-10-02,,0.67,,,3.12,3.71,,2.01,2.03,,4.94,5.78,,,
2008-10-03,,1.1,,,2.85,2.27,,1.98,2.19,2.28,5.36,5.75,,,
2008-10-06,,1.96,,,2.8,3.63,3.99,1.8,2.1,2.27,5.61,,,,
2008-10-07,,2.97,,,2.86,3.52,3.66,1.5,2.12,2.22,5.67,,,,
2008-10-08,,2.24,,,2.75,3.66,3.82,1.85,1.8,1.82,5.76,5.6,,,
2008-10-09,,1.4,,,4.01,3.51,3.82,1.65,1.75,2.12,6.24,6.21,,,
2008-10-10,,0.79,,,2.73,,,1.43,1.83,,6.09,6.38,,,
2008-10-13,,,,,,,,,,,,,,,
2008-10-14,,1.1,,,3.08,3.51,3.22,1.7,1.82,1.74,6.08,6.33,6.51,,
2008-10-15,,1.04,,,2.33,2.8,3.95,1.65,1.76,2.22,6.05,6.17,6.1,,
2008-10-16,,0.83,,,2.66,3.37,3.55,1.69,1.85,,6.18,6.18,6.25,,
2008-10-17,,0.6,,,2.22,2.26,2.9,1.43,1.76,2.4,5.79,6.11,6.25,,
2008-10-20,,0.7,,,2.49,2.35,1.67,1.7,1.81,2.15,5.88,6.15,,,
2008-10-21,,0.67,,,2.59,2.69,3.1,1.58,1.93,1.74,6.03,5.45,,,
2008-10-22,,0.81,,,2.79,2.42,2.83,1.39,1.65,2.24,5.99,6.28,6.32,,
2008-10-23,,0.93,,,2.38,2.61,3.48,1.33,1.82,1.76,5.81,5.21,,,
2008-10-24,,0.95,,,3.15,2.72,3.25,1.37,1.65,1.91,5.65,5.97,6.5,,
2008-10-27,,0.92,,,2.8,2.53,2.55,1.4,1.72,1.95,5.75,5.89,,,
2008-10-28,,0.67,,,2.71,2.96,2.89,1.36,1.94,2.18,5.91,6.15,6.69,,
2008-10-29,,0.36,,,2.72,2.85,2.84,1.25,1.76,1.95,5.94,6.03,6.41,,
2008-10-30,,0.3,,,2.04,2.8,2.74,0.98,1.05,,5.7,6.17,5.69,,
2008-10-31,,0.22,,,2.32,2.5,2.6,0.97,1.62,1.95,5.55,5.86,4.33,,
2008-11-03,,0.23,,,1.37,,,0.9,1.61,2.03,5.35,5.79,6.62,,
2008-11-04,,0.23,,,,,,0.95,1.4,1.75,5.13,5.94,4.5,,
2008-11-05,,0.23,,,1.53,1.34,,0.83,1.45,1.81,4.65,5.49,6.3,,
2008-11-06,,0.23,,,1.0,,,0.82,1.52,1.61,5.02,5.41,4.08,,
2008-11-07,,0.27,,,,,,0.62,1.47,1.4,5.11,5.7,5.15,,
2008-11-10,,0.29,,,0.9,,,0.65,1.41,1.44,5.26,4.56,,,
2008-11-11,,,,,,,,,,,,,,,
2008-11-12,,0.35,,,1.13,,,0.75,1.35,1.4,5.22,5.48,6.25,,
2008-11-13,,0.35,,,1.34,1.64,1.66,0.65,1.35,1.4,5.05,4.97,5.88,,
2008-11-14,,0.34,,,1.37,1.43,1.19,0.5,1.26,1.4,4.55,5.01,4.64,,
2008-11-17,,0.37,,,1.34,,,0.5,1.14,1.32,4.92,4.48,5.23,,
2008-11-18,,0.38,,,1.36,1.26,1.34,0.45,1.21,1.31,5.1,4.72,5.0,,
2008-11-19,,0.38,,,1.35,,,0.43,1.15,1.27,5.26,5.47,,,
2008-11-20,,0.49,,,1.34,1.23,,0.46,1.1,1.22,4.62,5.55,6.07,,
2008-11-21,,0.57,,,1.46,1.93,1.59,0.62,1.1,1.28,4.23,4.85,4.64,,
2008-11-24,,0.62,,,1.42,1.88,2.03,0.46,1.1,,5.32,4.82,6.5,,
2008-11-25,,0.59,,,1.45,1.88,1.7,0.64,1.21,1.29,4.91,5.27,4.75,,
2008-11-26,,0.53,,,1.31,1.16,,0.4,0.97,1.22,5.57,5.78,,,
2008-11-27,,,,,,,,,,,,,,,
2008-11-28,,0.52,,,0.91,1.25,1.3,0.37,,,6.23,,,,
2008-12-01,,0.52,,,1.6,1.46,1.48,0.55,1.01,1.22,5.4,5.47,4.3,,
2008-12-02,,0.47,,,1.56,,,0.36,0.95,1.42,5.11,4.84,4.93,,
2008-12-03,,0.36,,,1.23,1.28,,0.43,1.12,1.34,5.08,5.55,,,
2008-12-04,,0.2,,,1.23,1.25,1.35,0.41,0.72,,5.24,4.8,,,
2008-12-05,,0.12,,,0.64,1.18,,0.51,0.82,1.1,4.68,4.66,6.35,,
2008-12-08,,0.12,,,0.55,,,0.51,0.46,0.5,5.06,5.13,5.3,,
2008-12-09,,0.13,,,0.79,,,0.28,0.43,,5.45,5.53,6.15,,
2008-12-10,,0.11,,,0.34,,,,,,5.15,6.17,,,
2008-12-11,,0.14,,,0.41,,,0.28,,,5.11,5.28,,,
2008-12-12,,0.15,,,0.55,,,0.15,,,6.0,6.27,,,
2008-12-15,,0.18,,,0.53,,,,,,5.26,5.08,6.01,,
2008-12-16,,0.17,,,0.67,,,0.15,,,5.06,3.89,,,
2008-12-17,,0.12,,,0.32,0.4,,0.05,0.19,,4.49,5.02,6.35,,
2008-12-18,,0.11,,,0.35,,,0.13,,,4.69,5.84,6.42,,
2008-12-19,,0.11,,,0.31,,,0.09,,0.25,5.02,6.25,6.36,,
2008-12-22,,0.11,,,0.31,0.45,,0.1,,,5.99,5.61,6.0,,
2008-12-23,,0.11,,,0.27,0.36,0.44,0.18,,,5.38,5.14,,,
2008-12-24,,0.11,,,0.32,,,,,,5.59,,,,
2008-12-25,,,,,,,,,,,,,,,
2008-12-26,,0.09,,,0.25,,,,,,6.01,,,,
2008-12-29,,0.1,,,0.33,0.5,,0.12,,,5.75,5.45,,,
2008-12-30,,0.09,,,0.34,0.6,,0.1,,,6.25,,,,
2008-12-31,,0.14,,,0.35,,,0.12,,,3.01,,,,
2009-01-01,,,,,,,,,,,,,,,
2009-01-02,,0.08,,,0.38,0.33,0.4,0.12,0.2,,2.02,,,,
2009-01-05,,0.11,,,0.26,0.28,,0.05,0.15,0.2,2.7,4.59,4.5,,
2009-01-06,,0.09,,,0.3,0.45,,0.08,0.18,0.22,2.49,1.78,2.03,,
2009-01-07,,0.11,,,0.25,0.52,0.54,0.09,0.19,0.29,2.61,2.63,2.04,,
2009-01-08,,0.1,,,0.25,0.26,0.28,0.08,0.2,0.3,2.51,1.7,2.51,,
2009-01-09,,0.09,,,0.29,,,0.17,0.25,0.25,2.69,2.85,2.0,,
2009-01-12,,0.1,,,0.3,0.39,0.49,0.14,0.25,0.29,2.37,2.38,2.35,,
2009-01-13,,0.1,,,0.3,0.33,0.49,0.13,0.21,0.26,2.4,1.53,1.29,,
2009-01-14,,0.15,,,0.37,,0.46,0.12,0.26,0.27,2.08,1.48,,,
2009-01-15,,0.18,,,0.25,0.88,0.91,0.11,0.27,0.29,2.15,2.41,,,
2009-01-16,,0.19,,,0.3,,0.5,0.14,0.22,0.33,1.97,1.57,1.2,,
2009-01-19,,,,,,,,,,,,,,,
2009-01-20,,0.2,,,0.32,0.58,0.62,0.15,0.25,0.34,1.73,1.77,1.16,,
2009-01-21,,0.23,,,0.4,0.41,,0.25,0.28,0.35,1.54,3.64,,,
2009-01-22,,0.21,,,0.43,0.67,,0.17,0.3,0.29,1.96,2.25,,,
2009-01-23,,0.18,,,0.52,0.92,1.04,0.24,0.22,0.27,1.99,1.29,,,
2009-01-26,,0.19,,,0.47,1.0,2.15,0.21,0.24,,2.19,,,,
2009-01-27,,0.18,,,0.29,0.9,2.04,0.19,0.29,0.42,1.84,2.14,2.51,,
2009-01-28,,0.19,,,0.31,0.94,2.14,0.16,0.31,0.42,2.26,2.18,,,
2009-01-29,,0.23,,,0.4,0.89,2.21,0.24,0.27,0.35,1.31,1.62,2.04,,
2009-01-30,,0.23,,,0.37,0.94,2.24,0.19,0.26,0.36,1.91,2.55,1.59,,
2009-02-02,,0.24,,,0.5,0.77,0.61,0.16,0.35,,1.95,2.15,,,
2009-02-03,,0.24,,,0.37,0.54,0.55,0.21,0.37,,2.16,2.32,1.77,,
2009-02-04,,0.24,,,0.44,0.59,0.65,0.24,0.4,0.43,1.77,2.2,1.51,,
2009-02-05,,0.23,,,0.46,0.67,0.43,0.34,0.48,0.43,2.03,2.19,1.64,,
2009-02-06,,0.23,,,0.34,0.52,0.7,0.21,0.4,0.49,1.65,2.43,2.35,,
2009-02-09,,0.22,,,0.42,0.7,0.62,0.32,0.35,0.42,1.91,2.21,,,
2009-02-10,,0.24,,,0.35,0.63,0.7,0.22,0.5,0.65,1.72,1.74,1.75,,
2009-02-11,,0.22,,,0.5,0.63,0.7,0.3,0.37,,1.77,1.95,2.5,,
2009-02-12,,0.23,,,0.4,0.59,0.8,0.24,0.48,0.5,1.41,2.02,,,
2009-02-13,,0.22,,,0.55,0.6,0.68,0.24,,,1.5,1.91,,,
2009-02-16,,,,,,,,,,,,,,,
2009-02-17,,0.25,,,0.41,0.6,0.69,0.28,0.4,0.41,1.43,1.72,1.52,,
2009-02-18,,0.23,,,0.6,0.59,0.73,0.36,0.35,,1.24,1.55,2.27,,
2009-02-19,,0.21,,,0.43,0.56,0.61,0.31,0.31,,1.4,1.58,1.47,,
2009-02-20,,0.2,,,0.44,0.52,0.6,0.34,0.28,,1.41,1.27,2.5,,
2009-02-23,,0.19,,,0.35,0.53,0.74,0.28,0.44,0.51,1.32,1.41,1.85,,
2009-02-24,,0.21,,,0.41,0.57,0.63,0.2,0.32,,1.22,1.62,1.71,,
2009-02-25,,0.21,,,0.5,0.8,0.92,0.35,0.35,,1.28,1.78,,,
2009-02-26,,0.22,,,0.43,0.53,0.6,0.27,0.39,,1.62,2.05,2.45,,
2009-02-27,,0.22,,,0.65,0.77,0.77,0.37,0.44,0.51,1.6,1.16,1.78,,
2009-03-02,,0.22,,,0.48,0.63,0.64,0.33,0.36,0.37,1.65,1.88,,,
2009-03-03,,0.2,,,0.44,0.52,0.67,0.22,0.28,0.34,1.45,1.84,,,
2009-03-04,,0.21,,,0.3,0.52,0.72,0.21,0.3,,0.95,1.36,1.79,,
2009-03-05,,0.2,,,0.49,0.53,0.68,0.24,0.28,0.35,1.29,1.3,,,
2009-03-06,,0.2,,,0.35,0.73,0.6,0.25,0.3,,1.15,1.14,1.25,,
2009-03-09,,0.2,,,0.42,0.51,0.61,0.24,0.32,0.44,1.55,1.6,,,
2009-03-10,,0.2,,,0.41,0.5,0.65,,,,1.04,1.31,1.21,,
2009-03-11,,0.19,,,0.52,0.5,0.66,0.29,0.29,,1.29,1.21,1.21,,
2009-03-12,,0.18,,,0.4,0.48,0.75,0.28,,,1.05,,,,
2009-03-13,,0.15,,,0.33,0.5,0.64,0.2,0.25,,1.1,0.75,,,
2009-03-16,,0.2,,,0.25,0.5,0.71,0.26,0.31,0.37,1.1,1.85,,,
2009-03-17,,0.2,,,0.44,0.58,0.66,0.23,0.34,0.37,0.96,1.15,,,
2009-03-18,,0.18,,,0.39,0.54,0.64,0.19,0.33,0.35,0.85,1.23,,,
2009-03-19,,0.17,,,0.48,0.57,0.45,0.26,0.23,0.23,1.25,,2.35,,
2009-03-20,,0.18,,,0.43,0.35,0.59,0.21,0.22,,1.15,,,,
2009-03-23,,0.17,,,0.38,0.58,0.6,0.23,0.26,0.34,1.35,2.05,,,
2009-03-24,,0.17,,,0.45,0.53,,0.16,0.28,0.35,1.1,1.15,1.52,,
2009-03-25,,0.17,,,0.51,,0.55,0.2,0.2,0.5,1.15,1.78,,,
2009-03-26,,0.16,,,0.27,,,0.17,0.34,0.35,1.01,,,,
2009-03-27,,0.15,,,0.24,,,0.18,0.17,0.3,1.1,1.54,,,
2009-03-30,,0.16,,,0.37,0.3,0.58,0.2,0.25,0.5,0.92,0.99,,,
2009-03-31,,0.16,,,0.36,0.7,0.4,0.14,0.21,0.45,1.08,,1.45,,
2009-04-01,,0.16,,,0.48,0.37,0.56,0.17,0.23,0.34,1.1,1.26,1.92,,
2009-04-02,,0.16,,,0.57,0.32,,0.17,0.26,0.35,1.55,1.1,1.6,,
2009-04-03,,0.13,,,0.45,0.4,0.55,0.24,0.27,0.5,0.91,1.05,1.5,,
2009-04-06,,0.14,,,0.43,0.29,0.31,0.25,0.24,0.3,0.8,1.15,,,
2009-04-07,,0.14,,,0.4,0.26,0.54,0.21,0.38,0.31,0.89,1.03,,,
2009-04-08,,0.14,,,0.3,0.35,0.53,0.23,0.5,,0.7,1.02,,,
2009-04-09,,0.14,,,0.34,0.32,0.5,0.26,0.41,,0.86,,,,
2009-04-10,,0.15,,,,,,,,,,,,,
2009-04-13,,0.13,,,0.28,0.3,0.3,0.27,0.36,0.3,0.89,1.53,,,
2009-04-14,,0.16,,,0.3,0.7,0.54,0.22,0.32,0.3,0.83,,,,
2009-04-15,,0.16,,,0.44,0.25,0.45,0.2,0.3,0.22,1.16,1.1,,,
2009-04-16,,0.15,,,0.3,0.32,0.49,0.22,0.22,0.2,1.01,,,,
2009-04-17,,0.13,,,0.3,,0.53,0.28,0.21,0.21,0.73,0.95,,,
2009-04-20,,0.14,,,0.33,0.37,0.52,0.26,0.38,0.29,0.73,1.03,,,
2009-04-21,,0.15,,,0.29,,0.35,0.2,0.34,0.28,0.91,1.1,,,
2009-04-22,,0.15,,,0.31,0.3,0.48,0.22,0.42,,0.88,1.17,1.39,,
2009-04-23,,0.17,,,0.3,,0.4,0.13,0.43,0.2,0.9,0.95,,,
2009-04-24,,0.16,,,0.35,0.3,0.51,0.21,0.28,0.2,0.86,,,,
2009-04-27,,0.17,,,0.3,,0.53,0.22,0.37,,0.9,1.05,,,
2009-04-28,,0.16,,,0.31,,0.55,0.22,0.24,0.22,0.75,0.99,,,
2009-04-29,,0.18,,,0.3,0.35,0.49,0.18,0.28,,0.83,0.75,,,
2009-04-30,,0.2,,,0.28,0.43,0.53,0.28,,,0.84,1.05,1.22,,
2009-05-01,,0.22,,,0.51,0.45,0.52,0.29,0.33,,0.8,0.88,,,
2009-05-04,,0.22,,,0.3,0.45,0.5,0.28,0.32,0.27,0.73,,,,
2009-05-05,,0.2,,,0.32,0.55,0.49,0.24,0.2,0.27,0.59,0.88,1.16,,
2009-05-06,,0.18,,,0.3,0.41,0.5,0.29,0.16,0.19,0.96,0.77,1.3,,
2009-05-07,,0.18,,,0.29,0.41,0.42,0.23,0.2,0.2,0.93,1.05,,,
2009-05-08,,0.17,,,0.29,0.36,0.36,0.19,,,0.87,1.03,,,
2009-05-11,,0.17,,,0.3,0.35,0.28,0.14,,,0.61,,,,
2009-05-12,,0.16,,,0.33,0.25,0.43,0.25,0.28,0.2,0.69,1.05,,,
2009-05-13,,0.16,,,0.28,0.7,0.35,0.27,0.24,,0.64,1.17,,,
2009-05-14,,0.16,,,0.28,0.35,0.39,0.19,0.23,0.2,0.65,0.77,1.2,,
2009-05-15,,0.17,,,0.25,0.29,0.35,0.23,0.22,0.23,0.7,1.1,,,
2009-05-18,,0.16,,,0.27,0.31,0.36,0.18,0.2,0.23,0.58,0.98,,,
2009-05-19,,0.15,,,0.29,0.55,0.4,0.17,,0.21,0.6,1.02,,,
2009-05-20,,0.14,,,0.25,0.3,0.28,0.2,0.18,0.23,0.6,0.95,,,
2009-05-21,,0.17,,,0.29,0.25,0.26,0.22,0.2,0.25,0.7,0.85,,,
2009-05-22,,0.17,,,0.25,,0.23,0.23,,,0.66,0.73,,,
2009-05-25,,,,,,,,,,,,,,,
2009-05-26,,0.18,,,0.28,0.4,0.28,0.25,0.2,,0.62,0.8,0.9,,
2009-05-27,,0.17,,,0.25,0.41,0.35,0.22,0.16,,0.64,0.78,,,
2009-05-28,,0.17,,,0.26,0.48,0.31,0.25,0.2,0.2,0.67,,,,
2009-05-29,,0.19,,,0.25,0.38,0.4,0.17,0.16,0.35,0.7,0.77,1.2,,
2009-06-01,,0.21,,,0.25,0.32,0.3,0.16,0.19,0.26,0.75,0.7,,,
2009-06-02,,0.2,,,0.26,0.29,0.36,0.15,0.2,0.25,0.7,0.76,,,
2009-06-03,,0.21,,,0.26,0.35,0.33,0.19,,0.21,0.62,0.65,,,
2009-06-04,,0.2,,,0.24,0.31,0.34,0.18,,0.21,0.59,0.79,,,
2009-06-05,,0.21,,,0.25,0.3,0.33,0.15,0.2,,0.74,,,,
2009-06-08,,0.21,,,0.25,0.29,0.33,0.2,0.21,0.25,0.56,,,,
2009-06-09,,0.18,,,0.28,0.3,0.32,0.18,0.16,,0.63,0.62,0.72,,
2009-06-10,,0.18,,,0.27,0.43,0.32,0.15,,0.25,0.61,0.52,,,
2009-06-11,,0.17,,,0.26,0.38,0.35,0.17,0.21,0.3,0.72,0.86,,,
2009-06-12,,0.17,,,0.25,0.26,0.24,0.2,0.23,0.36,0.5,0.58,0.53,,
2009-06-15,,0.22,,,0.22,0.26,0.33,0.2,0.15,,0.62,,,,
2009-06-16,,0.22,,,0.3,0.29,0.31,0.17,0.21,,0.87,0.76,,,
2009-06-17,,0.24,,,0.26,0.4,0.5,0.2,0.21,,0.6,,,,
2009-06-18,,0.25,,,0.26,0.33,0.4,0.23,0.25,0.34,0.56,,,,
2009-06-19,,0.25,,,0.27,0.3,0.32,0.2,0.24,0.25,0.52,0.6,,,
2009-06-22,,0.24,,,0.3,0.46,0.63,0.19,0.23,0.26,0.74,0.57,,,
2009-06-23,,0.24,,,0.3,0.31,0.37,0.17,0.23,0.26,0.52,0.73,0.86,,
2009-06-24,,0.21,,,0.28,0.31,0.34,0.14,0.24,0.26,0.67,0.7,,,
2009-06-25,,0.19,,,0.3,0.32,0.38,0.17,0.2,0.22,0.72,0.75,0.9,,
2009-06-26,,0.18,,,0.28,,0.34,0.2,0.22,0.23,0.45,,,,
2009-06-29,,0.17,,,0.26,0.41,0.33,0.17,0.23,0.34,0.54,,,,
2009-06-30,,0.22,,,0.25,0.41,0.35,0.2,0.25,0.24,0.59,,,,
2009-07-01,,0.2,,,0.26,0.3,0.42,0.18,0.25,0.32,0.69,0.85,,,
2009-07-02,,0.17,,,0.26,0.37,0.3,0.16,0.24,0.35,0.6,0.84,,,
2009-07-03,,0.16,,,,,,,,,,,,,
2009-07-06,,0.18,,,0.24,0.31,0.35,0.24,0.25,,0.53,0.65,,,
2009-07-07,,0.18,,,0.25,0.33,0.35,0.19,0.29,,0.76,0.93,,,
2009-07-08,,0.16,,,0.24,0.29,0.34,0.2,0.25,0.26,0.64,0.76,,,
2009-07-09,,0.15,,,0.24,0.28,0.33,0.19,0.2,,0.8,0.66,,,
2009-07-10,,0.15,,,0.25,0.31,0.44,0.19,0.21,,0.5,0.56,,,
2009-07-13,,0.13,,,0.23,0.32,0.31,0.17,0.24,0.25,0.5,,,,
2009-07-14,,0.13,,,0.25,0.36,0.31,0.15,0.2,0.22,0.59,0.55,0.6,,
2009-07-15,,0.14,,,0.23,0.28,0.32,0.17,0.25,,0.57,,,,
2009-07-16,,0.15,,,0.23,0.29,0.28,0.2,0.22,,0.52,0.56,,,
2009-07-17,,0.15,,,0.22,0.33,0.35,0.2,,,0.47,0.45,,,
2009-07-20,,0.15,,,0.23,0.29,0.31,0.17,0.19,0.26,0.55,0.41,0.58,,
2009-07-21,,0.14,,,0.23,0.29,0.29,0.13,0.18,,0.41,0.4,,,
2009-07-22,,0.14,,,0.2,0.26,0.33,0.2,0.2,,0.48,0.41,,,
2009-07-23,,0.15,,,0.22,0.32,0.31,0.19,,,0.45,0.46,0.5,,
2009-07-24,,0.15,,,0.23,0.24,0.31,0.16,0.24,,0.48,0.5,0.65,,
2009-07-27,,0.16,,,0.21,0.29,0.31,0.17,,,0.56,0.34,,,
2009-07-28,,0.15,,,0.24,0.29,0.3,0.2,0.18,,0.37,0.5,0.6,,
2009-07-29,,0.17,,,0.21,0.27,0.3,0.18,0.25,,0.43,,,,
2009-07-30,,0.17,,,0.21,0.26,0.3,0.17,0.25,,0.35,,,,
2009-07-31,,0.18,,,0.2,0.26,0.3,0.22,0.27,,0.48,0.55,,,
2009-08-03,,0.18,,,0.24,0.26,0.3,0.16,0.23,0.26,0.55,0.44,,,
2009-08-04,,0.17,,,0.22,0.24,0.34,0.15,0.25,0.22,0.55,0.55,0.56,,
2009-08-05,,0.17,,,0.22,0.25,0.3,0.18,0.22,0.25,0.43,,,,
2009-08-06,,0.17,,,0.22,0.25,0.3,0.15,0.26,,0.55,,,,
2009-08-07,,0.17,,,0.22,0.25,0.3,0.21,0.2,,0.37,,,,
2009-08-10,,0.17,,,0.22,0.27,0.3,0.2,0.24,0.21,0.44,,,,
2009-08-11,,0.16,,,0.22,0.26,0.29,0.17,0.22,0.24,0.38,,,,
2009-08-12,,0.15,,,0.22,0.24,0.28,0.19,0.27,0.33,0.48,,,,
2009-08-13,,0.15,,,0.23,0.24,0.26,0.18,,,0.45,0.52,,,
2009-08-14,,0.15,,,0.22,0.24,0.28,0.19,0.19,,0.42,,,,
2009-08-17,,0.17,,,0.21,0.21,0.28,0.18,0.21,0.26,0.41,,,,
2009-08-18,,0.17,,,0.2,0.24,0.26,0.19,0.2,0.25,0.45,,,,
2009-08-19,,0.17,,,0.22,0.24,0.28,0.16,0.21,0.22,0.3,0.47,,,
2009-08-20,,0.17,,,0.22,0.23,0.29,0.17,0.14,0.21,0.31,0.36,,,
2009-08-21,,0.16,,,0.21,0.22,0.35,0.17,0.21,,0.37,0.35,,,
2009-08-24,,0.16,,,0.21,0.21,0.27,0.19,,,0.4,0.46,0.56,,
2009-08-25,,0.15,,,0.2,0.21,0.29,0.17,,,0.36,,,,
2009-08-26,,0.15,,,0.21,0.21,0.23,0.14,,,0.39,,,,
2009-08-27,,0.14,,,0.2,0.21,0.26,0.16,0.15,,0.35,0.32,,,
2009-08-28,,0.14,,,0.2,0.21,0.29,0.18,0.15,0.19,0.29,0.48,,,
2009-08-31,,0.15,,,0.2,0.17,0.26,0.16,0.15,,0.39,,,,
2009-09-01,,0.15,,,0.19,0.21,0.24,0.14,0.15,0.15,0.32,0.31,,,
2009-09-02,,0.16,,,0.22,0.21,0.26,0.14,0.15,0.18,0.46,0.33,0.42,,
2009-09-03,,0.15,,,0.19,0.2,0.23,0.13,0.15,0.17,0.31,0.35,,,
2009-09-04,,0.15,,,0.19,0.2,0.25,0.17,,,0.38,,0.35,,
2009-09-07,,,,,,,,,,,,,,,
2009-09-08,,0.15,,,0.22,0.22,0.25,0.12,0.15,0.19,0.39,,,,
2009-09-09,,0.15,,,0.18,0.22,0.24,0.13,0.15,0.19,0.34,0.4,,,
2009-09-10,,0.16,,,0.18,0.17,0.25,0.14,0.15,0.16,0.38,,,,
2009-09-11,,0.15,,,0.18,0.2,0.25,0.12,,,0.33,0.37,,,
2009-09-14,,0.16,,,0.17,0.22,0.24,0.15,0.18,0.2,0.38,0.3,,,
2009-09-15,,0.17,,,0.19,0.2,0.25,0.12,0.17,0.2,0.38,0.36,0.35,,
2009-09-16,,0.17,,,0.18,0.2,0.24,,,,0.4,0.36,,,
2009-09-17,,0.16,,,0.18,0.3,0.22,0.14,,,0.34,0.35,,,
2009-09-18,,0.16,,,0.18,0.21,0.21,0.14,0.16,0.18,0.26,0.32,,,
2009-09-21,,0.15,,,0.18,0.13,0.22,0.16,0.15,0.17,0.3,0.33,,,
2009-09-22,,0.15,,,0.18,0.18,0.21,0.09,0.17,0.21,0.4,0.37,,,
2009-09-23,,0.15,,,0.19,0.21,0.23,0.14,0.17,0.22,0.29,0.32,0.38,,
2009-09-24,,0.14,,,0.17,0.17,0.23,0.14,,,0.32,0.45,0.49,,
2009-09-25,,0.13,,,0.16,0.19,0.2,0.16,,,0.29,,,,
2009-09-28,,0.13,,,0.15,0.14,0.21,0.14,0.16,0.2,0.3,0.4,,,
2009-09-29,,0.11,,,0.2,0.21,0.21,0.1,0.15,0.22,0.28,,,,
2009-09-30,,0.07,,,0.13,0.16,0.17,0.14,0.12,0.23,0.36,0.31,0.32,,
2009-10-01,,0.11,,,0.18,0.14,0.23,0.12,0.12,0.2,0.29,0.33,,,
2009-10-02,,0.13,,,0.17,0.18,0.22,0.12,0.16,0.23,0.32,0.4,,,
2009-10-05,,0.13,,,0.18,0.17,0.22,0.13,0.13,0.19,0.34,0.32,,,
2009-10-06,,0.12,,,0.17,0.18,0.23,0.1,0.14,0.21,0.34,0.36,,,
2009-10-07,,0.13,,,0.16,0.17,0.21,0.09,0.14,0.22,0.28,0.33,0.35,,
2009-10-08,,0.12,,,0.18,0.16,0.2,0.17,0.16,0.18,0.25,0.36,0.37,,
2009-10-09,,0.12,,,0.18,0.18,0.21,0.13,0.19,,0.37,0.41,0.42,,
2009-10-12,,,,,,,,,,,,,,,
2009-10-13,,0.12,,,0.16,0.17,0.21,0.12,0.14,,0.3,0.34,0.37,,
2009-10-14,,0.12,,,0.15,0.19,0.18,0.12,0.15,,0.35,0.35,0.35,,
2009-10-15,,0.13,,,0.16,0.18,0.2,0.12,0.15,,0.39,0.32,0.46,,
2009-10-16,,0.12,,,0.16,0.18,0.22,0.12,0.13,0.18,0.34,0.44,0.4,,
2009-10-19,,0.12,,,0.17,0.17,0.19,0.1,0.14,0.18,0.33,0.45,,,
2009-10-20,,0.12,,,0.16,0.17,0.22,0.14,0.14,0.18,0.31,0.41,,,
2009-10-21,,0.11,,,0.17,0.18,0.23,0.15,0.12,,0.34,0.43,,,
2009-10-22,,0.11,,,0.16,0.15,0.21,0.1,0.18,0.16,0.29,0.43,0.36,,
2009-10-23,,0.11,,,0.16,0.18,0.22,0.13,0.14,0.15,0.29,0.36,0.44,,
2009-10-26,,0.11,,,0.16,0.19,0.22,0.12,0.17,,0.28,0.37,,,
2009-10-27,,0.11,,,0.16,0.19,0.25,0.12,0.14,,0.33,0.45,,,
2009-10-28,,0.11,,,0.17,0.16,0.23,0.11,0.13,0.24,0.32,0.39,0.32,,
2009-10-29,,0.11,,,0.19,0.17,0.22,0.13,0.14,0.15,0.29,0.44,0.34,,
2009-10-30,,0.11,,,0.15,0.16,0.21,0.13,0.13,0.14,0.34,0.39,0.37,,
2009-11-02,,0.12,,,0.17,0.19,0.2,0.13,0.11,0.14,0.29,0.36,,,
2009-11-03,,0.12,,,0.16,0.18,0.18,0.11,0.14,0.15,0.29,0.42,,,
2009-11-04,,0.13,,,0.17,0.17,0.22,0.1,0.15,0.15,0.3,0.32,,,
2009-11-05,,0.13,,,0.18,0.16,0.19,0.11,0.14,0.15,0.25,0.28,,,
2009-11-06,,0.12,,,0.18,0.18,0.22,0.09,,,0.31,0.38,,,
2009-11-09,,0.12,,,0.16,0.16,0.19,0.13,0.12,0.14,0.31,0.32,,,
2009-11-10,,0.13,,,0.16,0.18,0.21,0.19,0.16,0.18,0.28,0.34,,,
2009-11-11,,,,,,,,,,,,,,,
2009-11-12,,0.12,,,0.14,0.15,0.19,0.18,0.11,,0.27,0.31,,,
2009-11-13,,0.12,,,0.14,0.15,0.2,0.12,,,0.3,0.48,,,
2009-11-16,,0.12,,,0.15,0.16,0.2,0.14,0.13,0.15,0.29,0.48,,,
2009-11-17,,0.12,,,0.15,0.22,0.21,0.1,0.11,,0.29,0.36,,,
2009-11-18,,0.11,,,0.15,0.16,0.17,0.12,0.08,,0.36,0.36,,,
2009-11-19,,0.11,,,0.13,0.16,0.22,0.1,0.07,,0.27,0.28,,,
2009-11-20,,0.11,,,0.15,0.13,0.17,0.15,,,0.3,0.44,0.29,,
2009-11-23,,0.12,,,0.15,0.16,0.17,0.14,0.12,0.14,0.26,0.41,0.27,,
2009-11-24,,0.12,,,0.14,0.15,0.19,0.11,,,0.24,0.39,,,
2009-11-25,,0.11,,,0.15,0.13,0.19,0.15,,,0.28,0.3,,,
2009-11-26,,,,,,,,,,,,,,,
2009-11-27,,0.12,,,0.15,0.16,0.19,0.15,,,,,,,
2009-11-30,,0.13,,,0.15,0.17,0.19,0.13,0.11,0.14,0.28,0.4,,,
2009-12-01,,0.13,,,0.15,0.16,0.2,0.11,0.1,,0.28,0.34,,,
2009-12-02,,0.13,,,0.13,0.18,0.2,0.13,0.1,0.14,0.27,0.3,0.28,,
2009-12-03,,0.13,,,0.16,0.16,0.2,0.16,0.12,0.12,0.28,0.29,0.28,,
2009-12-04,,0.12,,,0.16,0.17,0.2,0.14,0.12,0.18,0.31,0.3,,,
2009-12-07,,0.12,,,0.16,0.19,0.2,0.17,0.13,0.16,0.29,,,,
2009-12-08,,0.12,,,0.13,0.17,0.2,0.14,0.13,0.18,0.29,0.3,,,
2009-12-09,,0.12,,,0.14,0.18,0.21,0.17,,,0.27,,,,
2009-12-10,,0.12,,,0.15,0.17,0.18,0.11,0.13,0.17,0.37,0.33,,,
2009-12-11,,0.12,,,0.14,0.14,0.21,0.13,0.13,0.17,0.28,,,,
2009-12-14,,0.12,,,0.14,0.17,0.21,0.15,0.13,0.18,0.28,,,,
2009-12-15,,0.13,,,0.13,0.19,0.2,0.12,0.14,0.18,0.28,,,,
2009-12-16,,0.14,,,0.16,0.18,0.21,0.1,,,0.34,,,,
2009-12-17,,0.13,,,0.12,0.15,0.19,0.14,,,0.29,,,,
2009-12-18,,0.12,,,0.12,0.14,0.2,0.13,,,0.32,,,,
2009-12-21,,0.12,,,0.17,0.13,0.18,0.11,,,0.23,,,,
2009-12-22,,0.12,,,0.12,0.17,0.18,,,,0.27,,,,
2009-12-23,,0.11,,,0.12,0.17,0.2,0.18,,,0.28,,,,
2009-12-24,,0.11,,,0.1,0.14,0.19,,,,0.35,,,,
2009-12-25,,,,,,,,,,,,,,,
2009-12-28,,0.12,,,0.13,0.22,0.25,,,,0.34,,,,
2009-12-29,,0.12,,,0.14,0.14,0.2,,,,0.28,,,,
2009-12-30,,0.11,,,0.11,0.13,0.14,,,,0.27,,,,
2009-12-31,,0.05,,,0.03,,,,,,0.3,,,,
2010-01-01,,,,,,,,,,,,,,,
2010-01-04,,0.12,,,0.13,0.14,0.15,0.16,0.11,,0.26,0.25,,,
2010-01-05,,0.12,,,0.15,0.16,0.16,0.16,0.17,,0.23,,,,
2010-01-06,,0.12,,,0.11,0.14,0.18,0.15,0.16,,0.27,0.27,,,
2010-01-07,,0.1,,,0.1,0.14,0.2,0.14,0.16,,0.24,0.33,,,
2010-01-08,,0.11,,,0.11,0.12,0.2,0.11,0.15,,0.29,,,,
2010-01-11,,0.11,,,0.1,0.12,0.16,0.14,0.15,,0.23,,,,
2010-01-12,,0.11,,,0.1,0.15,0.15,0.12,0.16,,0.23,0.26,,,
2010-01-13,,0.11,,,0.1,0.13,0.17,0.15,0.15,0.16,0.25,,,,
2010-01-14,,0.11,,,0.1,0.12,0.16,0.14,0.12,0.14,0.22,0.28,,,
2010-01-15,,0.12,,,0.12,0.12,0.16,0.11,0.14,0.14,0.25,,,,
2010-01-18,,,,,,,,,,,,,,,
2010-01-19,,0.13,,,0.1,0.24,0.17,0.14,0.17,0.13,0.26,,,,
2010-01-20,,0.13,,,0.11,0.16,0.17,0.15,0.11,,0.23,,,,
2010-01-21,,0.12,,,0.11,0.16,0.16,0.14,0.11,0.07,0.2,0.27,,,
2010-01-22,,0.11,,,0.11,0.16,0.18,0.14,0.12,,0.21,0.3,,,
2010-01-25,,0.12,,,0.13,0.16,0.19,0.13,0.15,,0.25,,,,
2010-01-26,,0.12,,,0.14,0.16,0.2,0.12,0.11,,0.24,,,,
2010-01-27,,0.12,,,0.12,0.12,0.19,0.11,,,0.27,,,,
2010-01-28,,0.12,,,0.13,0.17,0.2,0.12,0.13,,0.26,,,,
2010-01-29,,0.12,,,0.1,0.15,0.23,0.12,,,0.22,,,,
2010-02-01,,0.14,,,0.15,0.19,0.22,0.1,0.11,0.13,0.21,0.26,,,
2010-02-02,,0.14,,,0.15,0.19,0.19,0.12,0.12,0.1,0.25,0.3,,,
2010-02-03,,0.13,,,0.16,0.18,0.21,0.13,0.12,0.17,0.23,0.33,,,
2010-02-04,,0.14,,,0.15,0.17,0.23,0.09,0.12,0.15,0.23,,,,
2010-02-05,,0.13,,,0.15,0.17,0.18,0.12,0.13,0.14,0.23,,,,
2010-02-08,,0.13,,,0.15,0.16,0.18,0.11,0.12,,0.27,0.27,,,
2010-02-09,,0.13,,,0.16,0.21,0.22,0.11,0.13,0.15,0.25,0.27,,,
2010-02-10,,0.12,,,0.17,0.16,0.24,0.12,,,0.24,0.27,,,
2010-02-11,,0.12,,,0.13,0.19,0.17,0.12,0.14,,0.25,,,,
2010-02-12,,0.12,,,0.14,0.15,0.2,0.14,0.14,0.16,0.24,,,,
2010-02-15,,,,,,,,,,,,,,,
2010-02-16,,0.13,,,0.15,0.17,0.27,0.14,0.13,0.16,0.22,0.28,,,
2010-02-17,,0.12,,,0.13,0.17,0.19,0.14,0.13,0.11,0.28,0.31,,,
2010-02-18,,0.12,,,0.13,0.15,0.16,0.14,,,0.24,0.3,,,
2010-02-19,,0.13,,,0.18,0.18,0.19,0.14,0.14,,0.27,0.28,0.34,,
2010-02-22,,0.12,,,0.13,0.14,0.19,0.14,0.13,0.16,0.25,0.32,,,
2010-02-23,,0.12,,,0.14,0.17,0.2,0.14,0.12,,0.23,,,,
2010-02-24,,0.11,,,0.14,0.27,0.2,0.13,0.13,,0.26,,,,
2010-02-25,,0.12,,,0.15,0.17,0.19,0.12,,,0.24,0.27,,,
2010-02-26,,0.13,,,0.21,0.16,0.2,0.15,0.16,0.18,0.22,0.27,,,
2010-03-01,,0.14,,,0.13,0.15,0.18,0.14,,,0.26,,,,
2010-03-02,,0.14,,,0.17,0.17,0.21,0.1,0.14,0.15,0.28,,,,
2010-03-03,,0.15,,,0.23,0.33,0.24,0.13,0.12,0.14,0.29,0.28,,,
2010-03-04,,0.16,,,0.27,0.15,0.23,0.13,0.14,0.16,0.23,0.31,,,
2010-03-05,,0.17,,,0.26,0.24,0.27,0.14,,,0.28,0.3,0.31,,
2010-03-08,,0.15,,,0.23,0.22,0.2,0.15,0.14,,0.3,,,,
2010-03-09,,0.14,,,0.25,0.19,0.23,0.17,0.17,,0.29,0.27,,,
2010-03-10,,0.14,,,0.26,0.27,0.2,0.14,0.17,0.19,0.25,0.29,,,
2010-03-11,,0.15,,,0.22,0.18,0.2,0.15,0.17,,0.31,0.28,,,
2010-03-12,,0.17,,,0.18,0.18,0.19,0.17,,,0.29,,,,
2010-03-15,,0.2,,,0.21,0.17,0.2,0.18,0.18,0.23,0.32,,,,
2010-03-16,,0.2,,,0.17,0.19,0.26,0.16,0.17,0.2,0.29,,,,
2010-03-17,,0.18,,,0.18,0.18,0.28,0.17,0.17,0.2,0.24,,,,
2010-03-18,,0.18,,,0.2,0.26,0.21,0.15,0.17,0.2,0.29,0.25,,,
2010-03-19,,0.18,,,0.22,0.2,0.22,0.17,0.17,,0.29,,,,
2010-03-22,,0.18,,,0.19,0.25,0.27,0.16,0.19,0.22,0.28,,,,
2010-03-23,,0.17,,,0.19,0.26,0.34,0.17,0.18,,0.3,,,,
2010-03-24,,0.17,,,0.18,0.2,0.34,0.17,0.25,0.2,0.3,0.33,,,
2010-03-25,,0.17,,,0.18,0.21,0.24,0.18,,,0.31,0.35,,,
2010-03-26,,0.17,,,0.18,0.19,0.24,0.15,0.24,0.26,0.3,,,,
2010-03-29,,0.16,,,0.19,0.19,0.26,0.16,0.17,0.2,0.27,,,,
2010-03-30,,0.16,,,0.16,0.29,0.32,0.16,0.18,,0.31,,,,
2010-03-31,,0.09,,,0.14,,,0.16,0.18,,0.32,,,,
2010-04-01,,0.17,,,0.18,0.25,0.33,0.16,0.19,0.19,0.3,0.36,,,
2010-04-02,,0.2,,,0.15,0.19,,,,,,,,,
2010-04-05,,0.2,,,0.18,0.22,0.31,0.15,0.24,,0.3,,,,
2010-04-06,,0.2,,,0.19,0.28,0.26,0.2,0.18,0.22,0.32,,,,
2010-04-07,,0.19,,,0.19,0.25,0.26,0.21,0.19,0.24,0.32,0.39,,,
2010-04-08,,0.19,,,0.2,0.25,0.28,0.17,0.2,0.22,0.29,0.34,,,
2010-04-09,,0.19,,,0.22,0.29,0.24,0.18,0.21,0.24,0.39,,,,
2010-04-12,,0.19,,,0.23,0.25,0.34,0.18,0.21,0.24,0.34,,,,
2010-04-13,,0.2,,,0.22,0.31,0.3,0.2,0.21,0.24,0.29,,,,
2010-04-14,,0.2,,,0.23,0.33,0.29,0.19,0.2,,0.3,,,,
2010-04-15,,0.22,,,0.23,0.3,0.27,0.2,0.23,,0.33,,,,
2010-04-16,,0.21,,,0.2,0.29,0.28,0.2,0.19,0.25,0.31,,,,
2010-04-19,,0.2,,,0.23,0.25,0.28,0.18,0.2,0.2,0.32,,,,
2010-04-20,,0.2,,,0.23,0.31,0.28,0.2,0.25,0.23,0.34,0.31,,,
2010-04-21,,0.2,,,0.23,0.29,0.3,0.2,0.22,,0.29,0.34,,,
2010-04-22,,0.2,,,0.23,0.35,0.28,0.2,0.23,,0.28,,,,
2010-04-23,,0.2,,,0.21,0.3,0.3,0.2,0.21,0.26,0.31,,,,
2010-04-26,,0.2,,,0.24,0.29,0.4,0.21,0.21,,0.34,0.32,,,
2010-04-27,,0.2,,,0.24,0.31,0.31,0.2,0.22,0.27,0.36,,,,
2010-04-28,,0.2,,,0.24,0.29,0.37,0.21,0.19,0.23,0.31,0.35,0.4,,
2010-04-29,,0.19,,,0.22,0.24,0.34,0.17,0.22,0.24,0.36,0.4,0.44,,
2010-04-30,,0.2,,,0.22,0.27,0.36,0.2,0.2,,0.31,,,,
2010-05-03,,0.2,,,0.23,0.3,0.32,0.19,0.22,,0.29,,,,
2010-05-04,,0.21,,,0.22,0.29,0.31,0.23,0.23,,0.33,0.35,,,
2010-05-05,,0.21,,,0.23,0.34,0.34,0.19,0.22,,0.35,0.36,,,
2010-05-06,,0.2,,,0.24,0.3,0.35,0.2,0.2,0.25,0.37,0.37,,,
2010-05-07,,0.2,,,0.31,0.27,0.31,0.21,0.23,0.25,0.39,0.42,,,
2010-05-10,,0.2,,,0.23,0.3,0.49,0.19,0.23,0.26,0.41,,,,
2010-05-11,,0.2,,,0.29,0.39,0.37,0.22,0.24,0.26,0.36,,,,
2010-05-12,,0.2,,,0.24,0.32,0.49,0.23,0.23,0.27,0.38,,,,
2010-05-13,,0.2,,,0.26,0.29,0.49,0.2,0.23,0.27,0.41,0.43,,,
2010-05-14,,0.2,,,0.26,0.35,0.5,0.21,0.2,,0.42,0.48,,,
2010-05-17,,0.21,,,0.24,0.3,0.5,0.22,0.23,0.29,0.41,0.4,,,
2010-05-18,,0.21,,,0.26,0.39,0.49,0.22,0.26,0.27,0.4,,,,
2010-05-19,,0.2,,,0.26,0.32,0.4,0.21,0.23,0.28,0.42,0.41,,,
2010-05-20,,0.2,,,0.26,0.34,0.43,0.23,0.25,0.29,0.42,,,,
2010-05-21,,0.2,,,0.27,0.31,0.54,0.21,0.2,0.28,0.4,0.48,,,
2010-05-24,,0.21,,,0.26,0.34,0.53,0.22,0.25,0.29,0.42,,,,
2010-05-25,,0.21,,,0.29,0.32,0.52,0.19,0.2,,0.44,,,,
2010-05-26,,0.2,,,0.28,0.39,0.55,0.2,0.24,0.29,0.4,0.5,,,
2010-05-27,,0.2,,,0.31,0.34,0.48,0.23,0.25,0.3,0.42,0.43,,,
2010-05-28,,0.19,,,0.28,0.32,0.48,0.22,0.3,,0.39,,,,
2010-05-31,,,,,,,,,,,,,,,
2010-06-01,,0.2,,,0.27,0.49,0.57,0.19,0.24,0.29,0.44,,,,
2010-06-02,,0.2,,,0.26,0.34,0.49,0.21,0.25,0.29,0.41,,,,
2010-06-03,,0.19,,,0.26,0.41,0.46,0.18,0.25,0.29,0.43,0.5,,,
2010-06-04,,0.19,,,0.26,0.41,0.48,0.22,0.25,0.3,0.36,,,,
2010-06-07,,0.19,,,0.27,0.42,0.46,0.19,0.24,0.3,0.39,0.45,,,
2010-06-08,,0.19,,,0.26,0.38,0.49,0.19,0.27,0.32,0.37,0.47,,,
2010-06-09,,0.18,,,0.27,0.39,0.5,0.18,0.3,0.36,0.41,0.46,,,
2010-06-10,,0.18,,,0.27,0.41,0.46,0.2,0.26,0.3,0.46,,,,
2010-06-11,,0.18,,,0.25,0.48,0.47,0.2,0.26,,0.46,,,,
2010-06-14,,0.18,,,0.28,0.32,0.35,0.2,0.23,0.31,0.43,0.4,,,
2010-06-15,,0.19,,,0.27,0.34,0.49,0.21,0.26,0.32,0.42,0.5,0.48,,
2010-06-16,,0.19,,,0.25,0.32,0.45,0.18,0.21,,0.4,0.54,0.61,,
2010-06-17,,0.19,,,0.24,0.38,0.49,0.19,0.18,,0.39,0.5,,,
2010-06-18,,0.18,,,0.23,0.36,0.45,0.17,0.26,0.34,0.42,,,,
2010-06-21,,0.17,,,0.21,0.27,0.43,0.19,0.26,0.34,0.41,0.48,,,
2010-06-22,,0.18,,,0.17,0.27,0.38,0.18,0.22,0.29,0.39,,,,
2010-06-23,,0.17,,,0.24,0.28,0.42,0.17,,,0.42,0.47,,,
2010-06-24,,0.16,,,0.18,0.35,0.53,0.18,0.2,,0.41,,,,
2010-06-25,,0.16,,,0.22,0.29,0.46,0.18,0.18,,0.41,0.43,0.45,,
2010-06-28,,0.17,,,0.21,0.31,0.41,0.17,0.25,0.35,0.46,,,,
2010-06-29,,0.15,,,0.18,0.33,0.43,0.17,0.2,0.33,0.42,0.49,0.56,,
2010-06-30,,0.09,,,0.19,0.31,0.42,0.14,0.17,,0.4,0.54,,,
2010-07-01,,0.17,,,0.24,0.28,0.4,0.22,0.23,,0.4,0.44,,,
2010-07-02,,0.18,,,0.25,0.35,0.37,0.18,0.25,0.28,0.39,,,,
2010-07-05,,,,,,,,,,,,,,,
2010-07-06,,0.18,,,0.24,0.32,0.48,0.2,0.19,0.3,0.41,0.47,,,
2010-07-07,,0.18,,,0.23,0.32,0.5,0.21,0.21,0.3,0.42,0.48,,,
2010-07-08,,0.17,,,0.27,0.28,0.36,0.2,0.2,0.26,0.43,0.42,,,
2010-07-09,,0.18,,,0.25,0.3,0.38,0.17,0.24,,0.44,0.44,,,
2010-07-12,,0.17,,,0.24,0.3,0.37,0.18,0.24,0.3,0.46,0.46,,,
2010-07-13,,0.17,,,0.26,0.29,0.36,0.19,0.25,0.28,0.38,0.46,,,
2010-07-14,,0.17,,,0.22,0.29,0.35,0.18,0.24,0.29,0.44,0.43,0.55,,
2010-07-15,,0.19,,,0.26,0.29,0.41,0.24,0.21,0.29,0.46,0.48,0.59,,
2010-07-16,,0.19,,,0.26,0.25,0.4,0.22,0.23,,0.42,0.46,,,
2010-07-19,,0.19,,,0.24,0.25,0.36,0.19,0.24,0.29,0.45,0.45,0.56,,
2010-07-20,,0.18,,,0.25,0.27,0.41,0.19,0.25,,0.42,,,,
2010-07-21,,0.18,,,0.24,0.23,0.3,0.18,0.21,0.28,0.44,0.45,,,
2010-07-22,,0.18,,,0.19,0.28,0.41,0.22,0.22,0.24,0.44,,,,
2010-07-23,,0.19,,,0.22,0.25,0.41,0.19,0.26,,0.42,0.44,,,
2010-07-26,,0.19,,,0.24,0.27,0.3,0.2,0.23,0.24,0.38,0.44,,,
2010-07-27,,0.19,,,0.15,0.22,0.28,0.2,0.24,,0.45,,,,
2010-07-28,,0.2,,,0.23,0.25,0.28,0.21,0.21,0.24,0.42,,,,
2010-07-29,,0.19,,,0.18,0.22,0.35,0.23,0.2,0.26,0.43,0.49,0.54,,
2010-07-30,,0.18,,,0.21,0.25,0.35,0.2,0.22,0.25,0.4,0.49,,,
2010-08-02,,0.19,,,0.24,0.27,0.24,0.19,0.22,0.29,0.37,0.45,0.49,,
2010-08-03,,0.19,,,0.21,0.2,0.32,0.2,0.22,0.3,0.38,0.49,0.51,,
2010-08-04,,0.19,,,0.21,0.21,0.25,0.19,0.24,0.22,0.41,,,,
2010-08-05,,0.19,,,0.21,0.22,0.28,0.2,0.22,,0.44,0.47,,,
2010-08-06,,0.18,,,0.24,0.22,0.32,0.2,0.22,,0.39,,,,
2010-08-09,,0.18,,,0.23,0.26,0.3,0.21,0.21,0.22,0.42,0.49,,,
2010-08-10,,0.18,,,0.23,0.23,0.3,0.19,0.23,0.27,0.4,0.44,,,
2010-08-11,,0.17,,,0.21,0.23,0.26,0.2,0.23,,0.42,,,,
2010-08-12,,0.18,,,0.18,0.26,0.25,0.22,0.25,,0.4,,,,
2010-08-13,,0.19,,,0.22,0.26,0.25,0.19,0.24,0.28,0.42,,,,
2010-08-16,,0.2,,,0.23,0.24,0.27,0.2,0.25,0.27,0.42,,,,
2010-08-17,,0.2,,,0.23,0.22,0.28,0.19,0.22,0.26,0.41,0.41,,,
2010-08-18,,0.19,,,0.21,0.22,0.27,0.19,0.23,0.24,0.42,,,,
2010-08-19,,0.19,,,0.19,0.23,0.27,0.2,0.21,0.21,0.42,0.41,,,
2010-08-20,,0.2,,,0.18,0.22,0.26,0.2,0.23,,0.44,,,,
2010-08-23,,0.19,,,0.2,0.22,0.26,0.19,0.24,0.23,0.41,,,,
2010-08-24,,0.19,,,0.16,0.22,0.27,0.2,0.22,0.25,0.38,,,,
2010-08-25,,0.19,,,0.21,0.21,0.28,0.18,0.23,0.25,0.43,0.42,,,
2010-08-26,,0.19,,,0.21,0.23,0.28,0.19,0.23,0.21,0.39,,,,
2010-08-27,,0.19,,,0.21,0.23,0.23,0.22,,,0.39,,,,
2010-08-30,,0.19,,,0.18,0.25,0.27,0.18,0.21,,0.37,,,,
2010-08-31,,0.21,,,0.2,0.23,0.24,0.19,0.25,0.27,0.39,,,,
2010-09-01,,0.19,,,0.2,0.23,0.28,0.21,0.24,0.26,0.38,0.41,,,
2010-09-02,,0.19,,,0.2,0.24,0.26,0.2,0.24,0.22,0.38,0.37,,,
2010-09-03,,0.19,,,0.19,0.23,0.24,0.22,0.18,0.22,0.41,,,,
2010-09-06,,,,,,,,,,,,,,,
2010-09-07,,0.2,,,0.2,0.23,0.26,0.2,0.23,0.26,0.37,0.39,,,
2010-09-08,,0.19,,,0.22,0.23,0.28,0.2,0.23,,0.36,,,,
2010-09-09,,0.18,,,0.19,0.21,0.26,0.21,0.23,0.26,0.41,0.4,,,
2010-09-10,,0.18,,,0.21,0.26,0.25,0.22,0.23,0.24,0.43,,,,
2010-09-13,,0.18,,,0.23,0.26,0.27,0.19,0.23,0.21,0.4,0.43,,,
2010-09-14,,0.19,,,0.2,0.23,0.25,0.19,0.2,0.25,0.43,0.38,,,
2010-09-15,,0.21,,,0.19,0.23,0.25,0.24,0.23,0.24,0.38,0.41,0.46,,
2010-09-16,,0.21,,,0.19,0.25,0.24,0.21,0.21,0.23,0.4,,,,
2010-09-17,,0.21,,,0.21,0.22,0.25,0.21,0.2,0.22,0.4,0.43,,,
2010-09-20,,0.21,,,0.2,0.21,0.26,0.22,0.18,0.23,0.37,0.42,,,
2010-09-21,,0.2,,,0.19,0.22,0.25,0.21,0.25,0.24,0.39,0.43,,,
2010-09-22,,0.21,,,0.13,0.22,0.23,0.18,0.21,0.28,0.39,0.43,,,
2010-09-23,,0.2,,,0.17,0.23,0.27,0.16,0.23,,0.38,,,,
2010-09-24,,0.21,,,0.19,0.23,0.26,0.23,,,0.38,,,,
2010-09-27,,0.19,,,0.19,0.22,0.22,0.22,0.23,0.23,0.38,0.43,,,
2010-09-28,,0.19,,,0.19,0.23,0.23,0.21,0.23,0.24,0.4,,,,
2010-09-29,,0.19,,,0.22,0.21,0.23,0.19,0.22,0.24,0.33,0.34,,,
2010-09-30,,0.15,,,0.2,0.21,0.23,0.2,0.21,0.23,0.35,0.4,0.44,,
2010-10-01,,0.2,,,0.19,0.22,0.24,0.19,0.22,0.23,0.39,,,,
2010-10-04,,0.2,,,0.2,0.19,0.25,0.21,0.21,0.22,0.42,0.37,,,
2010-10-05,,0.2,,,0.18,0.19,0.26,0.19,0.21,0.27,0.35,0.41,,,
2010-10-06,,0.19,,,0.21,0.22,0.23,0.19,0.22,0.22,0.36,0.33,,,
2010-10-07,,0.18,,,0.21,0.22,0.25,0.19,0.21,0.26,0.4,0.41,,,
2010-10-08,,0.18,,,0.21,0.22,0.25,0.2,,,0.41,0.37,,,
2010-10-11,,,,,,,,,,,,,,,
2010-10-12,,0.18,,,0.21,0.22,0.24,0.21,0.22,0.26,0.42,0.44,0.47,,
2010-10-13,,0.18,,,0.22,0.22,0.25,0.18,0.21,0.22,0.33,0.4,0.4,,
2010-10-14,,0.19,,,0.21,0.23,0.25,0.21,0.22,0.23,0.39,,,,
2010-10-15,,0.2,,,0.2,0.23,0.27,0.25,0.21,0.24,0.4,0.38,,,
2010-10-18,,0.19,,,0.21,0.22,0.25,0.23,0.21,0.25,0.4,,,,
2010-10-19,,0.19,,,0.19,0.19,0.25,0.25,0.26,0.22,0.4,,,,
2010-10-20,,0.19,,,0.2,0.22,0.26,0.22,0.19,0.23,0.43,0.39,,,
2010-10-21,,0.19,,,0.2,0.22,0.25,0.21,0.22,0.23,0.36,,,,
2010-10-22,,0.19,,,0.2,0.23,0.24,0.2,,,0.43,,,,
2010-10-25,,0.19,,,0.19,0.23,0.26,0.23,0.21,0.2,0.43,0.43,,,
2010-10-26,,0.19,,,0.22,0.22,0.22,0.19,0.21,0.2,0.35,0.42,0.39,,
2010-10-27,,0.19,,,0.2,0.22,0.24,0.2,0.2,,0.38,0.41,0.43,,
2010-10-28,,0.19,,,0.2,0.23,0.25,0.2,0.21,,0.33,0.41,0.42,,
2010-10-29,,0.2,,,0.2,0.22,0.26,0.2,0.2,0.25,0.38,0.37,0.33,,
2010-11-01,,0.2,,,0.2,0.22,0.25,0.2,0.24,0.26,0.35,0.36,0.39,,
2010-11-02,,0.2,,,0.22,0.23,0.25,0.21,0.23,0.22,0.42,0.42,0.47,,
2010-11-03,,0.2,,,0.2,0.21,0.26,0.25,0.21,0.24,0.41,0.39,,,
2010-11-04,,0.19,,,0.21,0.22,0.25,0.19,0.22,0.24,0.3,0.38,,,
2010-11-05,,0.18,,,0.2,0.22,0.25,0.2,,,0.42,0.43,,,
2010-11-08,,0.18,,,0.21,0.21,0.24,0.24,0.21,0.21,0.32,0.39,,,
2010-11-09,,0.17,,,0.22,0.22,0.22,0.13,0.25,0.21,0.36,,,,
2010-11-10,,0.17,,,0.21,0.21,0.23,0.2,0.22,0.21,0.35,0.34,,,
2010-11-11,,,,,,,,,,,,,,,
2010-11-12,,0.19,,,0.2,0.22,0.23,0.2,0.19,0.21,0.38,,,,
2010-11-15,,0.21,,,0.21,0.23,0.26,0.2,0.23,0.23,0.36,0.41,0.43,,
2010-11-16,,0.21,,,0.22,0.21,0.25,0.2,0.19,0.25,0.4,0.44,0.51,,
2010-11-17,,0.2,,,0.25,0.25,0.25,0.23,0.22,0.2,0.34,0.53,,,
2010-11-18,,0.2,,,0.21,0.25,0.25,0.22,0.18,,0.37,0.46,0.54,,
2010-11-19,,0.21,,,0.22,0.25,0.24,0.2,0.21,0.25,0.37,0.48,,,
2010-11-22,,0.19,,,0.21,0.21,0.25,0.23,0.23,0.25,0.4,0.39,0.52,,
2010-11-23,,0.2,,,0.21,0.22,0.27,0.19,0.17,0.22,0.41,0.43,,,
2010-11-24,,0.2,,,0.22,0.25,0.26,0.2,,,0.34,0.52,0.55,,
2010-11-25,,,,,,,,,,,,,,,
2010-11-26,,0.2,,,0.2,0.22,0.24,0.17,,,,,,,
2010-11-29,,0.2,,,0.21,0.22,0.25,0.21,0.2,0.21,0.35,,,,
2010-11-30,,0.2,,,0.21,0.24,0.25,0.18,,,0.34,,,,
2010-12-01,,0.2,,,0.21,0.23,0.25,0.19,0.22,0.22,0.34,0.44,0.55,,
2010-12-02,,0.19,,,0.24,0.24,0.31,0.19,0.23,0.24,0.41,0.4,0.47,,
2010-12-03,,0.18,,,0.2,0.22,0.24,0.21,0.19,0.21,0.41,,,,
2010-12-06,,0.18,,,0.22,0.23,0.29,0.19,0.23,0.22,0.4,0.44,,,
2010-12-07,,0.17,,,0.17,0.25,0.27,0.23,0.2,0.24,0.41,0.41,0.51,,
2010-12-08,,0.17,,,0.23,0.22,0.27,0.18,0.22,0.26,0.43,,,,
2010-12-09,,0.16,,,0.21,0.22,0.28,0.2,0.24,0.22,0.37,,,,
2010-12-10,,0.16,,,0.21,0.24,0.28,0.18,0.21,0.21,0.36,0.4,,,
2010-12-13,,0.17,,,0.16,0.22,0.29,0.17,0.21,0.22,0.41,0.39,0.43,,
2010-12-14,,0.19,,,0.15,0.23,0.26,0.19,0.22,0.29,0.4,0.42,0.46,,
2010-12-15,,0.2,,,0.21,0.22,0.25,0.24,0.22,,0.4,0.4,0.53,,
2010-12-16,,0.2,,,0.16,0.22,0.25,0.21,0.21,0.24,0.41,0.44,,,
2010-12-17,,0.2,,,0.18,0.22,0.28,0.18,,,0.41,,,,
2010-12-20,,0.21,,,0.2,0.22,0.28,0.17,0.22,0.19,0.41,,,,
2010-12-21,,0.2,,,0.24,0.22,0.27,0.19,0.21,0.21,0.36,0.47,,,
2010-12-22,,0.19,,,0.12,0.22,0.27,0.21,,,0.41,0.44,,,
2010-12-23,,0.19,,,0.24,0.25,0.26,,,,,,,,
2010-12-24,,0.19,,,,,,,,,,,,,
2010-12-27,,0.19,,,0.17,0.22,0.29,,,,0.41,,,,
2010-12-28,,0.18,,,0.19,0.24,0.27,,0.2,,,,,,
2010-12-29,,0.18,,,0.14,0.24,0.29,0.2,,,0.41,0.44,,,
2010-12-30,,0.19,,,0.17,0.21,0.3,0.18,,,,,,,
2010-12-31,,0.13,,,0.19,0.21,0.23,0.17,0.2,,,,,,
2011-01-03,,0.19,,,0.24,0.23,0.24,0.19,0.21,,0.39,,,,
2011-01-04,,0.18,,,0.23,0.24,0.3,0.2,0.21,0.22,0.43,0.41,,,
2011-01-05,,0.18,,,0.22,0.25,0.27,0.18,0.22,0.25,0.41,0.43,,,
2011-01-06,,0.17,,,0.22,0.24,0.25,0.2,0.2,0.25,0.39,0.43,0.47,,
2011-01-07,,0.17,,,0.21,0.24,0.27,0.19,0.19,0.24,0.37,0.35,0.38,,
2011-01-10,,0.17,,,0.21,0.23,0.25,0.19,0.2,0.22,0.39,0.35,0.36,,
2011-01-11,,0.17,,,0.19,0.24,0.3,0.19,0.21,0.23,0.38,0.4,0.4,,
2011-01-12,,0.16,,,0.21,0.22,0.25,0.18,0.22,0.24,0.39,0.39,0.41,,
2011-01-13,,0.16,,,0.18,0.23,0.25,0.18,0.23,0.28,0.4,0.4,0.43,,
2011-01-14,,0.16,,,0.19,0.24,0.24,0.19,0.24,0.24,0.4,0.44,,,
2011-01-17,,,,,,,,,,,,,,,
2011-01-18,,0.19,,,0.22,0.23,0.25,0.19,0.23,0.27,0.36,0.44,,,
2011-01-19,,0.18,,,0.21,0.24,0.27,0.2,0.25,0.21,0.38,0.39,0.46,,
2011-01-20,,0.18,,,0.21,0.22,0.25,0.2,0.22,,0.4,0.38,0.48,,
2011-01-21,,0.17,,,0.19,0.23,0.25,0.19,0.23,0.25,0.38,0.36,0.47,,
2011-01-24,,0.18,,,0.21,0.24,0.24,0.18,0.19,0.22,0.36,0.39,,,
2011-01-25,,0.17,,,0.21,0.23,0.27,0.2,0.23,,0.37,0.4,,,
2011-01-26,,0.17,,,0.2,0.24,0.25,0.2,0.22,0.24,0.38,0.41,,,
2011-01-27,,0.17,,,0.2,0.24,0.26,0.2,0.21,,0.34,0.44,0.48,,
2011-01-28,,0.17,,,0.2,0.23,0.24,0.19,0.21,,0.38,0.4,,,
2011-01-31,,0.17,,,0.19,0.24,0.25,0.2,0.22,,0.36,0.39,,,
2011-02-01,,0.18,,,0.19,0.24,0.27,0.19,0.19,0.27,0.39,0.41,0.47,,
2011-02-02,,0.18,,,0.22,0.23,0.27,0.19,0.23,0.22,0.38,0.41,,,
2011-02-03,,0.17,,,0.21,0.21,0.25,0.21,0.22,0.21,0.39,0.4,,,
2011-02-04,,0.17,,,0.15,0.22,0.23,0.19,0.2,0.27,0.37,0.44,0.43,,
2011-02-07,,0.17,,,0.2,0.24,0.27,0.18,0.21,0.23,0.39,0.46,0.43,,
2011-02-08,,0.16,,,0.22,0.25,0.26,0.2,0.21,0.22,0.33,0.44,0.43,,
2011-02-09,,0.15,,,0.22,0.25,0.24,0.19,0.21,,0.36,0.38,0.5,,
2011-02-10,,0.15,,,0.22,0.23,0.26,0.16,0.21,0.24,0.39,0.44,0.45,,
2011-02-11,,0.15,,,0.22,0.23,0.27,0.19,0.25,0.27,0.37,0.38,0.38,,
2011-02-14,,0.15,,,0.21,0.24,0.26,0.19,0.22,0.26,0.31,0.42,0.43,,
2011-02-15,,0.16,,,0.2,0.24,0.24,0.2,0.2,0.27,0.38,0.36,0.4,,
2011-02-16,,0.15,,,0.2,0.21,0.24,0.18,0.2,0.24,0.36,0.32,0.41,,
2011-02-17,,0.15,,,0.19,0.23,0.24,0.17,0.2,0.24,0.36,0.35,,,
2011-02-18,,0.15,,,0.2,0.22,0.23,0.17,0.19,0.18,0.4,0.37,,,
2011-02-21,,,,,,,,,,,,,,,
2011-02-22,,0.15,,,0.19,0.22,0.25,0.18,0.21,0.21,0.38,0.34,,,
2011-02-23,,0.15,,,0.19,0.22,0.24,0.19,0.22,0.19,0.37,0.5,,,
2011-02-24,,0.15,,,0.18,0.23,0.26,0.18,0.22,0.23,0.39,0.44,,,
2011-02-25,,0.15,,,0.17,0.2,0.25,0.18,0.19,,0.39,,,,
2011-02-28,,0.16,,,0.18,0.21,0.25,0.18,,,0.38,0.41,,,
2011-03-01,,0.15,,,0.17,0.21,0.23,0.2,0.23,0.23,0.38,0.39,0.53,,
2011-03-02,,0.16,,,0.17,0.18,0.24,0.2,0.2,0.26,0.37,0.39,,,
2011-03-03,,0.15,,,0.2,0.2,0.25,0.21,0.2,0.2,0.38,0.33,,,
2011-03-04,,0.15,,,0.16,0.23,0.24,0.17,0.21,0.23,0.35,,,,
2011-03-07,,0.14,,,0.18,0.21,0.24,0.19,0.24,0.22,0.38,0.37,0.51,,
2011-03-08,,0.14,,,0.18,0.19,0.25,0.17,0.21,0.25,0.35,0.44,0.47,,
2011-03-09,,0.14,,,0.16,0.17,0.22,0.17,0.2,0.22,0.36,0.41,,,
2011-03-10,,0.14,,,0.18,0.2,0.24,0.14,0.25,0.23,0.37,0.35,0.4,,
2011-03-11,,0.13,,,0.18,0.19,0.23,0.16,0.23,0.25,0.36,0.42,0.47,,
2011-03-14,,0.14,,,0.16,0.16,0.23,0.19,0.22,0.22,0.38,0.42,,,
2011-03-15,,0.14,,,0.18,0.2,0.23,0.17,0.2,0.22,0.39,0.39,0.45,,
2011-03-16,,0.14,,,0.21,0.17,0.22,0.16,0.21,0.23,0.36,0.34,0.44,,
2011-03-17,,0.14,,,0.16,0.23,0.22,0.18,0.21,0.26,0.38,0.39,,,
2011-03-18,,0.15,,,0.16,0.18,0.22,0.19,0.21,0.25,0.39,0.38,0.39,,
2011-03-21,,0.14,,,0.16,0.21,0.21,0.15,0.21,0.23,0.37,0.38,0.49,,
2011-03-22,,0.14,,,0.18,0.2,0.22,0.16,0.21,0.26,0.32,0.36,,,
2011-03-23,,0.14,,,0.15,0.21,0.22,0.19,0.21,,0.39,0.42,,,
2011-03-24,,0.13,,,0.14,0.2,0.22,0.16,0.21,0.21,0.38,0.4,0.43,,
2011-03-25,,0.13,,,0.15,0.22,0.27,0.17,0.2,0.22,0.37,,,,
2011-03-28,,0.13,,,0.17,0.23,0.26,0.17,0.23,0.24,0.35,0.37,0.4,,
2011-03-29,,0.13,,,0.16,0.18,0.26,0.16,0.21,0.26,0.35,0.37,0.4,,
2011-03-30,,0.13,,,0.14,0.22,0.23,0.17,0.19,0.24,0.37,0.37,0.37,,
2011-03-31,,0.1,,,0.15,0.2,0.22,0.17,0.19,0.2,0.36,,,,
2011-04-01,,0.11,,,0.15,0.2,0.26,0.12,0.18,0.2,0.37,0.42,0.49,,
2011-04-04,,0.09,,,0.14,0.16,0.28,0.14,0.21,0.2,0.38,,,,
2011-04-05,,0.09,,,0.14,0.19,0.28,0.14,0.16,0.22,0.36,0.42,0.47,,
2011-04-06,,0.1,,,0.16,0.21,0.23,0.13,0.17,0.22,0.38,0.36,0.51,,
2011-04-07,,0.1,,,0.19,0.19,0.21,0.17,0.19,,0.37,,,,
2011-04-08,,0.09,,,0.21,0.25,0.25,0.15,0.21,0.17,0.34,,,,
2011-04-11,,0.09,,,0.15,0.17,0.2,0.13,0.17,0.18,0.34,0.36,0.39,,
2011-04-12,,0.08,,,0.14,0.15,0.28,0.17,0.13,0.22,0.38,0.37,0.4,,
2011-04-13,,0.08,,,0.14,0.17,0.23,0.17,0.15,0.2,0.38,0.39,0.4,,
2011-04-14,,0.09,,,0.13,0.15,0.2,0.15,0.16,0.19,0.36,,,,
2011-04-15,,0.12,,,0.15,0.16,0.19,0.19,0.16,0.2,0.34,0.35,0.34,,
2011-04-18,,0.1,,,0.16,0.15,0.19,0.15,0.19,0.19,0.28,0.32,,,
2011-04-19,,0.11,,,0.13,0.16,0.2,0.15,0.16,0.18,0.31,0.31,0.34,,
2011-04-20,,0.1,,,0.13,0.16,0.24,0.11,,,0.31,0.33,,,
2011-04-21,,0.1,,,0.14,0.17,0.21,0.14,0.16,0.22,0.31,0.33,0.36,,
2011-04-22,,0.1,,,,,,0.14,,,,,,,
2011-04-25,,0.1,,,0.13,0.13,0.21,0.14,0.17,0.2,0.36,0.42,0.47,,
2011-04-26,,0.09,,,0.14,0.15,0.22,0.14,0.18,0.19,0.37,0.41,,,
2011-04-27,,0.09,,,0.12,0.17,0.19,0.11,0.16,0.23,0.33,0.39,0.4,,
2011-04-28,,0.09,,,0.12,0.16,0.17,0.12,0.16,,0.34,0.42,,,
2011-04-29,,0.09,,,0.09,0.18,0.22,0.11,0.12,,0.34,0.36,,,
2011-05-02,,0.09,,,0.13,0.15,0.19,0.12,,,0.34,0.37,,,
2011-05-03,,0.09,,,0.11,0.14,0.19,0.11,0.17,0.18,0.33,0.37,,,
2011-05-04,,0.09,,,0.13,0.15,0.2,0.09,0.16,0.17,0.32,0.38,0.44,,
2011-05-05,,0.09,,,0.13,0.16,0.18,0.13,0.13,0.14,0.32,0.35,0.38,,
2011-05-06,,0.09,,,0.11,0.14,0.17,0.1,0.13,0.14,0.34,0.37,0.39,,
2011-05-09,,0.09,,,0.12,0.17,0.17,0.12,0.12,0.15,0.34,0.33,,,
2011-05-10,,0.09,,,0.12,0.14,0.21,0.12,0.13,0.19,0.35,,,,
2011-05-11,,0.09,,,0.11,0.14,0.17,0.12,0.12,0.14,0.32,0.36,0.41,,
2011-05-12,,0.09,,,0.11,0.14,0.2,0.12,0.11,0.16,0.35,0.37,,,
2011-05-13,,0.09,,,0.13,0.15,0.15,0.13,0.15,0.16,0.35,0.37,0.38,,
2011-05-16,,0.1,,,0.11,0.15,0.17,0.1,0.14,0.13,0.32,0.32,0.34,,
2011-05-17,,0.09,,,0.12,0.16,0.22,0.07,0.12,0.13,0.31,0.23,0.34,,
2011-05-18,,0.1,,,0.11,0.14,0.15,0.11,0.15,0.17,0.31,0.33,0.34,,
2011-05-19,,0.09,,,0.11,0.15,0.16,0.12,0.12,0.17,0.36,0.36,,,
2011-05-20,,0.1,,,0.12,0.13,0.2,0.11,0.15,0.18,0.3,,,,
2011-05-23,,0.1,,,0.12,0.15,0.2,0.11,0.15,0.18,0.37,0.34,0.33,,
2011-05-24,,0.1,,,0.11,0.16,0.16,0.13,0.11,0.15,0.32,0.36,,,
2011-05-25,,0.09,,,0.12,0.13,0.17,0.11,0.11,0.17,0.34,0.38,,,
2011-05-26,,0.09,,,0.11,0.13,0.16,0.1,0.15,0.12,0.33,0.34,0.29,,
2011-05-27,,0.1,,,0.11,0.14,0.17,0.11,0.16,,0.36,,,,
2011-05-30,,,,,,,,,,,,,,,
2011-05-31,,0.1,,,0.12,0.11,0.19,0.12,0.16,0.16,0.34,0.36,,,
2011-06-01,,0.1,,,0.11,0.15,0.2,0.11,0.15,0.18,0.36,0.31,,,
2011-06-02,,0.1,,,0.13,0.15,0.16,0.12,0.16,0.19,0.35,0.31,0.33,,
2011-06-03,,0.11,,,0.11,0.12,0.16,0.11,,,0.34,0.34,,,
2011-06-06,,0.1,,,0.12,0.12,0.17,0.11,0.12,0.18,0.36,0.35,,,
2011-06-07,,0.09,,,0.13,0.15,0.17,0.1,0.11,0.18,0.36,,,,
2011-06-08,,0.09,,,0.11,0.14,0.19,0.08,0.14,0.17,0.33,0.33,,,
2011-06-09,,0.09,,,0.11,0.13,0.16,0.08,0.14,0.12,0.32,0.38,,,
2011-06-10,,0.09,,,0.11,0.14,0.2,0.11,0.14,0.16,0.37,0.37,,,
2011-06-13,,0.1,,,0.13,0.12,0.18,0.12,0.08,0.09,0.35,0.38,,,
2011-06-14,,0.1,,,0.11,0.15,0.16,0.09,0.14,0.14,0.32,0.33,,,
2011-06-15,,0.1,,,0.15,0.13,0.16,0.09,0.16,,0.33,0.38,,,
2011-06-16,,0.1,,,0.1,0.14,0.15,0.16,0.12,0.18,0.35,0.38,,,
2011-06-17,,0.1,,,0.11,0.09,0.14,0.15,0.15,0.18,0.33,0.37,,,
2011-06-20,,0.09,,,0.09,0.18,0.14,0.13,0.15,0.15,0.34,0.37,,,
2011-06-21,,0.09,,,0.09,0.16,0.15,0.11,0.12,,0.31,0.36,0.34,,
2011-06-22,,0.09,,,0.08,0.1,0.21,0.13,0.14,0.16,0.29,0.37,0.36,,
2011-06-23,,0.08,,,0.13,0.11,0.19,0.09,0.13,0.14,0.31,0.32,0.35,,
2011-06-24,,0.08,,,0.07,0.09,0.18,0.09,0.13,0.14,0.32,0.4,,,
2011-06-27,,0.08,,,0.1,0.17,0.12,0.1,0.14,0.13,0.33,,,,
2011-06-28,,0.08,,,0.05,0.13,0.18,0.1,0.15,,0.24,0.38,,,
2011-06-29,,0.07,,,0.07,0.13,0.12,0.07,0.12,,0.33,,,,
2011-06-30,,0.07,,,0.11,0.14,0.18,0.07,0.15,0.13,0.32,0.35,,,
2011-07-01,,0.08,,,0.07,0.1,0.12,0.08,0.14,0.15,0.37,,,,
2011-07-04,,,,,,,,,,,,,,,
2011-07-05,,0.08,,,0.08,0.14,0.15,0.1,0.11,0.16,0.35,0.4,0.43,,
2011-07-06,,0.07,,,0.08,0.13,0.2,0.1,0.12,0.16,0.28,0.35,0.4,,
2011-07-07,,0.07,,,0.12,0.14,0.2,0.1,0.12,0.13,0.28,0.42,0.46,,
2011-07-08,,0.07,,,0.1,0.18,0.17,0.1,0.12,0.12,0.32,0.38,0.42,,
2011-07-11,,0.07,,,0.08,0.11,0.21,0.09,0.12,0.17,0.32,0.37,0.42,,
2011-07-12,,0.06,,,0.1,0.17,0.17,0.1,0.12,0.18,0.28,0.38,0.35,,
2011-07-13,,0.06,,,0.11,0.14,0.16,0.07,0.12,0.12,0.3,0.39,,,
2011-07-14,,0.06,,,0.09,0.12,0.2,0.09,0.12,0.15,0.31,0.35,,,
2011-07-15,,0.06,,,0.08,0.13,0.15,0.1,0.13,0.15,0.33,0.34,0.37,,
2011-07-18,,0.06,,,0.1,0.14,0.15,0.1,0.12,0.15,0.35,0.27,,,
2011-07-19,,0.06,,,0.11,0.09,0.17,0.1,0.11,0.1,0.31,0.31,0.34,,
2011-07-20,,0.06,,,0.09,0.13,0.17,0.08,0.1,0.15,0.35,0.28,0.23,,
2011-07-21,,0.06,,,0.1,0.15,0.19,0.06,0.08,0.12,0.3,0.37,0.34,,
2011-07-22,,0.06,,,0.08,0.12,0.14,0.08,0.12,0.14,0.36,,,,
2011-07-25,,0.06,,,0.1,0.16,0.17,0.09,0.09,0.13,0.32,,,,
2011-07-26,,0.06,,,0.09,0.11,0.15,0.08,0.06,0.1,0.35,0.36,,,
2011-07-27,,0.07,,,0.1,0.12,0.17,0.1,0.1,,0.32,0.37,0.31,,
2011-07-28,,0.08,,,0.08,0.12,0.18,0.09,0.09,0.1,0.31,0.36,0.4,,
2011-07-29,,0.11,,,0.1,0.12,0.16,0.14,0.17,0.17,0.35,0.45,,,
2011-08-01,,0.17,,,0.11,0.15,0.16,0.24,0.18,0.2,0.4,0.42,0.49,,
2011-08-02,,0.16,,,0.15,0.2,0.23,0.12,0.14,0.2,0.46,,,,
2011-08-03,,0.12,,,0.15,0.21,0.16,0.13,0.15,0.2,0.39,,,,
2011-08-04,,0.09,,,0.16,0.21,0.22,0.11,0.14,0.16,0.38,0.4,0.47,,
2011-08-05,,0.08,,,0.11,0.17,0.23,0.1,0.12,0.15,0.36,0.36,0.38,,
2011-08-08,,0.11,,,0.09,0.17,0.2,0.1,0.15,0.14,0.37,0.41,0.48,,
2011-08-09,,0.1,,,0.1,0.21,0.27,0.1,0.14,0.14,0.36,,,,
2011-08-10,,0.1,,,0.13,0.2,0.23,0.11,0.12,0.15,0.33,0.39,,,
2011-08-11,,0.09,,,0.12,0.15,0.16,0.1,0.13,0.16,0.33,0.39,,,
2011-08-12,,0.1,,,0.12,0.16,0.16,0.12,0.14,0.17,0.35,,,,
2011-08-15,,0.1,,,0.15,0.18,0.16,0.06,0.16,0.27,0.4,0.43,,,
2011-08-16,,0.09,,,0.13,0.17,0.18,0.08,0.12,0.16,0.34,0.38,0.45,,
2011-08-17,,0.09,,,0.15,0.2,0.23,0.1,0.13,0.16,0.34,0.39,0.43,,
2011-08-18,,0.09,,,0.14,0.18,0.18,0.11,0.14,0.14,0.35,0.4,,,
2011-08-19,,0.09,,,0.13,0.17,0.2,0.1,0.15,0.14,0.37,0.39,,,
2011-08-22,,0.09,,,0.13,0.22,0.21,0.11,0.13,0.14,0.36,0.41,0.48,,
2011-08-23,,0.08,,,0.11,0.16,0.22,0.11,0.13,0.14,0.33,0.39,0.5,,
2011-08-24,,0.08,,,0.05,0.17,0.26,0.1,0.11,,0.27,0.35,,,
2011-08-25,,0.08,,,0.14,0.16,0.19,0.1,0.09,0.15,0.37,0.41,0.46,,
2011-08-26,,0.09,,,0.11,0.2,0.22,0.09,0.09,0.1,0.38,0.33,,,
2011-08-29,,0.09,,,0.14,0.14,0.21,0.12,0.11,,0.38,0.35,,,
2011-08-30,,0.08,,,0.16,0.18,0.32,0.1,0.11,0.13,0.38,0.4,,,
2011-08-31,,0.08,,,0.15,0.23,0.18,0.07,0.06,0.09,0.28,0.34,,,
2011-09-01,,0.08,,,0.13,0.16,0.28,0.08,0.08,0.12,0.36,0.38,,,
2011-09-02,,0.08,,,0.16,0.19,0.2,0.1,0.11,0.16,0.38,,,,
2011-09-05,,,,,,,,,,,,,,,
2011-09-06,,0.09,,,0.12,0.2,0.22,0.1,0.11,,0.37,0.33,0.51,,
2011-09-07,,0.09,,,0.09,0.23,0.17,0.1,0.12,0.13,0.36,0.39,0.54,,
2011-09-08,,0.09,,,0.11,0.14,0.28,0.07,0.12,0.11,0.37,0.35,0.43,,
2011-09-09,,0.09,,,0.09,0.19,0.26,0.08,0.1,0.17,0.32,0.41,0.47,,
2011-09-12,,0.09,,,0.09,0.14,0.11,0.1,0.14,0.12,0.37,0.32,0.35,,
2011-09-13,,0.09,,,0.15,0.19,,0.09,0.05,0.11,0.3,0.37,0.46,,
2011-09-14,,0.08,,,0.11,0.12,0.14,0.09,0.15,0.2,0.38,0.39,,,
2011-09-15,,0.09,,,0.15,0.15,0.13,0.08,0.12,0.15,0.31,,,,
2011-09-16,,0.09,,,0.17,0.18,0.32,0.07,0.11,0.1,0.29,0.33,0.35,,
2011-09-19,,0.09,,,0.07,0.11,0.14,0.09,0.1,0.13,0.37,0.41,0.36,,
2011-09-20,,0.09,,,0.05,0.2,0.26,0.1,0.09,0.14,0.38,0.46,0.48,,
2011-09-21,,0.08,,,0.05,0.17,0.26,0.09,0.14,0.12,0.37,0.42,0.45,,
2011-09-22,,0.08,,,0.12,0.11,0.14,0.09,0.11,0.16,0.33,0.37,0.47,,
2011-09-23,,0.08,,,0.07,0.11,0.14,0.08,0.11,0.15,0.33,0.42,,,
2011-09-26,,0.08,,,0.05,0.1,0.25,0.1,0.11,0.14,0.36,,,,
2011-09-27,,0.08,,,0.12,0.09,0.36,0.07,0.12,0.14,0.37,0.35,0.45,,
2011-09-28,,0.08,,,0.1,0.18,0.35,0.03,,,0.39,0.41,0.42,,
2011-09-29,,0.08,,,0.12,0.19,0.27,0.09,0.09,0.15,0.39,0.43,,,
2011-09-30,,0.06,,,0.06,0.08,0.11,0.04,0.09,0.14,0.35,0.42,,,
2011-10-03,,0.08,,,0.16,0.17,0.26,0.08,0.11,0.15,0.35,0.43,,,
2011-10-04,,0.07,,,0.1,0.14,0.15,0.09,0.14,0.14,0.35,0.41,,,
2011-10-05,,0.07,,,0.14,0.14,0.27,0.09,0.14,0.15,0.37,0.45,0.5,,
2011-10-06,,0.07,,,0.14,0.14,0.23,0.09,0.12,0.13,0.4,0.43,0.47,,
2011-10-07,,0.07,,,0.1,0.17,0.27,0.05,0.1,0.15,0.34,0.44,,,
2011-10-10,,,,,,,,,,,,,,,
2011-10-11,,0.07,,,0.1,0.13,0.27,0.09,0.11,0.14,0.38,0.43,,,
2011-10-12,,0.07,,,0.1,0.22,0.27,0.07,0.08,0.18,0.36,0.42,,,
2011-10-13,,0.07,,,0.12,0.22,0.2,0.1,0.09,0.17,0.37,0.44,0.5,,
2011-10-14,,0.07,,,0.09,0.25,0.21,0.11,0.1,0.14,0.36,0.43,,,
2011-10-17,,0.07,,,0.14,0.12,0.24,0.06,0.13,0.15,0.36,0.43,0.42,,
2011-10-18,,0.07,,,0.09,0.19,0.26,0.12,0.09,0.15,0.38,0.31,0.41,,
2011-10-19,,0.07,,,0.1,0.12,0.24,0.11,0.12,0.16,0.39,0.41,0.49,,
2011-10-20,,0.07,,,0.08,0.12,0.17,0.1,0.09,0.17,0.4,0.37,0.49,,
2011-10-21,,0.07,,,0.14,0.13,0.25,0.07,0.08,0.13,0.38,0.44,,,
2011-10-24,,0.07,,,0.09,0.15,0.25,0.09,0.09,0.13,0.37,0.43,0.56,,
2011-10-25,,0.07,,,0.09,0.12,0.25,0.05,0.08,0.13,0.38,0.29,0.57,,
2011-10-26,,0.08,,,0.1,0.14,0.27,0.09,0.11,0.15,0.39,0.41,0.51,,
2011-10-27,,0.07,,,0.1,0.15,0.26,0.11,0.08,0.1,0.35,0.38,,,
2011-10-28,,0.07,,,0.1,0.11,0.21,0.08,0.12,,0.39,0.43,,,
2011-10-31,,0.09,,,0.11,0.12,0.2,0.09,0.11,,0.4,,,,
2011-11-01,,0.08,,,0.11,0.19,0.21,0.11,0.09,0.16,0.39,0.43,,,
2011-11-02,,0.08,,,0.05,0.14,0.22,0.1,0.11,0.16,0.42,0.41,,,
2011-11-03,,0.09,,,0.12,0.3,0.22,0.12,0.13,0.17,0.37,0.42,,,
2011-11-04,,0.08,,,0.12,0.32,0.21,0.12,0.12,0.18,0.4,0.49,0.59,,
2011-11-07,,0.08,,,0.06,0.1,0.21,0.1,0.11,0.16,0.41,0.47,0.55,,
2011-11-08,,0.08,,,0.09,0.15,0.21,0.11,0.11,0.13,0.39,0.44,0.56,,
2011-11-09,,0.08,,,0.09,0.24,0.21,0.11,0.12,0.08,0.38,0.48,0.57,,
2011-11-10,,0.08,,,0.07,0.12,0.21,0.1,0.09,0.15,0.39,0.43,,,
2011-11-11,,,,,,,,,,,,,,,
2011-11-14,,0.08,,,0.1,0.24,0.21,0.1,0.11,0.16,0.39,0.5,0.64,,
2011-11-15,,0.09,,,0.11,0.17,0.23,0.11,0.11,0.16,0.51,0.48,0.5,,
2011-11-16,,0.08,,,0.11,0.12,0.26,0.09,0.12,0.11,0.58,0.53,0.65,,
2011-11-17,,0.08,,,0.16,0.12,0.2,0.11,,,0.43,0.47,0.92,,
2011-11-18,,0.08,,,0.09,0.18,0.21,0.07,0.11,0.13,0.4,0.69,,,
2011-11-21,,0.08,,,0.1,0.14,0.19,0.1,0.07,0.09,0.41,0.48,,,
2011-11-22,,0.08,,,0.08,0.15,0.17,0.1,0.09,0.11,0.43,0.47,0.69,,
2011-11-23,,0.09,,,0.1,0.22,0.19,,,,0.5,0.57,,,
2011-11-24,,,,,,,,,,,,,,,
2011-11-25,,0.07,,,0.03,0.07,0.17,,,,,,,,
2011-11-28,,0.08,,,0.05,0.23,0.24,,,,0.38,0.53,0.68,,
2011-11-29,,0.08,,,0.08,0.1,0.2,0.08,0.12,,0.39,0.52,,,
2011-11-30,,0.1,,,0.08,0.12,0.18,0.09,0.12,0.16,0.46,0.6,0.74,,
2011-12-01,,0.08,,,0.11,0.08,0.18,0.13,0.13,0.16,0.52,0.47,0.73,,
2011-12-02,,0.08,,,0.05,0.1,0.14,0.12,0.11,0.13,0.45,,,,
2011-12-05,,0.08,,,0.05,0.12,0.25,0.09,0.11,0.14,0.47,0.53,0.67,,
2011-12-06,,0.08,,,0.05,0.07,0.19,0.06,0.11,0.15,0.48,0.5,0.55,,
2011-12-07,,0.08,,,0.05,0.11,0.19,0.07,0.11,0.16,0.49,0.52,,,
2011-12-08,,0.07,,,0.13,0.11,0.18,0.11,0.14,0.14,0.48,0.5,0.61,,
2011-12-09,,0.07,,,0.15,0.1,0.19,0.12,0.13,0.15,0.5,0.5,0.5,,
2011-12-12,,0.07,,,0.04,0.05,0.19,0.14,0.04,0.11,0.49,0.52,,,
2011-12-13,,0.07,,,0.04,0.07,0.19,0.15,0.13,0.15,0.53,0.52,0.54,,
2011-12-14,,0.07,,,0.03,0.11,0.18,0.14,0.12,0.13,0.47,0.61,0.84,,
2011-12-15,,0.07,,,0.08,0.07,0.18,0.12,0.1,0.13,0.49,0.59,0.56,,
2011-12-16,,0.07,,,0.03,0.07,0.18,0.04,0.1,0.16,0.51,0.52,0.61,,
2011-12-19,,0.07,,,0.03,0.08,0.16,0.14,0.15,0.13,0.57,0.56,0.66,,
2011-12-20,,0.07,,,0.03,0.05,0.26,0.06,0.08,0.12,0.5,0.6,0.64,,
2011-12-21,,0.07,,,0.05,0.39,0.27,0.13,,,0.51,0.52,0.5,,
2011-12-22,,0.07,,,0.2,0.14,0.12,0.1,0.1,0.13,0.54,0.67,0.52,,
2011-12-23,,0.08,,,0.04,0.08,0.12,,,,0.51,,,,
2011-12-26,,,,,,,,,,,,,,,
2011-12-27,,0.07,,,0.03,0.06,0.12,0.08,,,0.49,0.66,,,
2011-12-28,,0.07,,,0.02,0.09,0.13,0.08,,0.15,0.44,0.62,,,
2011-12-29,,0.07,,,0.03,0.08,0.15,0.04,0.09,0.14,0.55,0.61,,,
2011-12-30,,0.04,,,0.03,0.08,0.13,0.07,0.11,0.15,0.6,0.27,,,
2012-01-02,,,,,,,,,,,,,,,
2012-01-03,,0.07,,,0.07,0.23,0.25,0.08,0.12,0.13,0.5,0.57,,,
2012-01-04,,0.07,,,0.07,0.1,0.28,0.08,0.1,0.13,0.47,,,,
2012-01-05,,0.07,,,0.03,0.12,0.11,0.06,0.11,0.13,0.43,0.47,0.46,,
2012-01-06,,0.07,,,0.03,,0.34,0.09,0.11,0.14,0.46,0.5,0.48,,
2012-01-09,,0.08,,,,,0.43,0.09,0.11,0.14,0.45,0.47,0.53,,
2012-01-10,,0.08,,,0.02,,0.31,0.09,0.12,0.15,0.48,0.52,0.46,,
2012-01-11,,0.08,,,0.04,0.12,0.39,0.09,0.11,0.15,0.43,0.66,,,
2012-01-12,,0.08,,,,,0.14,0.07,0.1,0.15,0.47,0.47,,,
2012-01-13,,0.09,,,0.04,,0.47,0.15,0.11,0.15,0.47,,,,
2012-01-16,,,,,,,,,,,,,,,
2012-01-17,,0.09,,,0.03,0.09,0.14,0.11,0.12,0.15,0.45,0.58,0.48,,
2012-01-18,,0.09,,,0.05,0.09,0.17,0.08,0.1,0.15,0.44,0.49,,,
2012-01-19,,0.1,,,,,0.24,0.08,0.1,0.14,0.44,0.5,0.54,,
2012-01-20,,0.09,,,,0.1,0.2,0.09,0.11,0.12,0.49,0.59,,,
2012-01-23,,0.09,,,0.12,,0.23,0.09,0.11,0.15,0.47,0.49,0.52,,
2012-01-24,,0.09,,,0.11,0.1,0.21,0.07,0.12,0.12,0.48,0.48,0.52,,
2012-01-25,,0.08,,,,,0.32,0.09,0.13,0.12,0.46,0.51,,,
2012-01-26,,0.08,,,0.12,,,0.08,0.11,0.15,0.48,0.4,,,
2012-01-27,,0.09,,,,,0.31,0.07,0.1,,0.45,0.44,,,
2012-01-30,,0.09,,,,,0.2,0.06,0.13,0.15,0.47,0.38,,,
2012-01-31,,0.11,,,,,,0.08,0.11,0.13,0.49,,,,
2012-02-01,,0.11,,,0.04,0.1,0.27,0.09,0.11,0.14,0.44,0.43,0.51,,
2012-02-02,,0.11,,,0.03,0.08,0.13,0.09,0.12,0.16,0.47,0.51,0.52,,
2012-02-03,,0.11,,,,,0.29,0.11,0.12,0.15,0.45,0.58,,,
2012-02-06,,0.11,,,0.08,0.05,0.12,0.1,,,0.45,,,,
2012-02-07,,0.11,,,0.09,,0.35,0.11,0.14,,0.44,0.52,,,
2012-02-08,,0.11,,,0.04,,0.14,0.11,,,0.45,0.52,,,
2012-02-09,,0.11,,,0.06,,0.26,0.12,0.13,0.16,0.45,,0.5,,
2012-02-10,,0.12,,,0.11,0.08,0.27,0.12,,,0.48,0.48,0.51,,
2012-02-13,,0.12,,,,0.14,0.19,0.11,0.15,0.18,0.46,0.53,0.62,,
2012-02-14,,0.12,,,0.12,0.15,0.17,0.13,0.15,0.2,0.44,0.39,0.63,,
2012-02-15,,0.12,,,0.11,,0.19,0.14,0.15,0.18,0.48,0.5,0.61,,
2012-02-16,,0.11,,,0.14,0.15,0.24,0.14,0.13,0.17,0.47,0.48,0.57,,
2012-02-17,,0.09,,,,0.14,0.24,0.11,0.12,0.12,0.45,0.53,0.58,,
2012-02-20,,,,,,,,,,,,,,,
2012-02-21,,0.1,,,0.08,0.15,0.18,0.12,0.13,0.17,0.45,0.52,0.61,,
2012-02-22,,0.08,,,0.1,,0.18,0.11,,0.2,0.46,0.53,0.6,,
2012-02-23,,0.08,,,0.11,0.13,0.19,0.12,,,0.46,0.53,0.64,,
2012-02-24,,0.09,,,0.11,0.14,0.18,0.11,0.1,0.12,0.47,0.56,0.62,,
2012-02-27,,0.1,,,0.05,0.15,0.19,0.13,0.16,,0.44,0.53,0.61,,
2012-02-28,,0.1,,,0.08,0.14,0.2,0.13,0.12,0.2,0.45,0.52,0.62,,
2012-02-29,,0.1,,,0.11,0.15,0.19,0.13,0.19,0.21,0.44,0.52,0.79,,
2012-03-01,,0.11,,,0.05,0.14,0.18,0.13,0.17,0.21,0.47,0.56,0.64,,
2012-03-02,,0.11,,,0.06,0.13,0.31,0.13,0.16,0.2,0.44,0.47,0.58,,
2012-03-05,,0.11,,,0.05,0.1,0.17,0.14,,0.21,0.42,0.47,,,
2012-03-06,,0.11,,,,0.14,0.14,0.09,0.16,0.19,0.45,0.46,0.66,,
2012-03-07,,0.11,,,,0.13,0.19,0.11,0.13,0.19,0.46,0.46,0.53,,
2012-03-08,,0.11,,,0.05,0.12,0.17,0.12,0.13,0.18,0.44,0.48,0.52,,
2012-03-09,,0.12,,,0.1,0.11,0.16,0.14,0.17,0.2,0.44,0.54,0.65,,
2012-03-12,,0.12,,,0.07,0.13,0.21,0.11,0.13,0.2,0.43,,0.65,,
2012-03-13,,0.12,,,0.05,0.18,0.3,,0.16,,0.45,0.47,0.61,,
2012-03-14,,0.13,,,,0.14,0.16,0.13,0.15,,0.45,0.57,,,
2012-03-15,,0.14,,,0.07,0.12,0.19,0.13,,,0.48,0.53,,,
2012-03-16,,0.15,,,0.33,0.19,0.22,0.13,0.15,,0.45,0.49,0.52,,
2012-03-19,,0.15,,,0.08,0.12,0.17,0.15,0.16,,0.45,0.58,0.52,,
2012-03-20,,0.15,,,0.3,0.19,0.17,0.2,0.21,,0.46,0.52,0.58,,
2012-03-21,,0.15,,,0.33,0.14,0.3,0.13,0.2,0.15,0.49,0.53,,,
2012-03-22,,0.14,,,0.11,0.14,0.17,0.14,0.15,0.16,0.46,0.48,0.5,,
2012-03-23,,0.14,,,0.05,0.16,0.34,0.15,0.17,0.15,0.48,0.57,,,
2012-03-26,,0.14,,,0.11,0.13,0.2,0.1,0.16,0.15,0.45,0.56,0.67,,
2012-03-27,,0.14,,,0.1,0.14,0.18,0.16,0.16,0.17,0.44,0.56,0.69,,
2012-03-28,,0.13,,,0.1,0.13,0.18,0.17,0.18,0.16,0.44,0.49,0.54,,
2012-03-29,,0.13,,,0.11,0.14,0.16,0.11,0.13,0.17,0.44,0.5,0.55,,
2012-03-30,,0.09,,,0.09,0.13,0.18,0.11,0.12,0.17,0.45,0.5,0.56,,
2012-04-02,,0.15,,,0.06,0.14,0.16,0.12,0.16,0.19,0.45,0.46,,,
2012-04-03,,0.15,,,0.03,,0.29,0.12,0.15,0.19,0.46,,,,
2012-04-04,,0.15,,,,0.15,0.18,0.1,0.15,0.19,0.43,0.49,0.51,,
2012-04-05,,0.15,,,0.1,0.12,0.15,0.12,0.16,0.2,0.46,0.5,,,
2012-04-06,,0.12,,,,,,0.13,0.14,,,,,,
2012-04-09,,0.16,,,,0.14,0.29,0.13,0.18,,0.48,0.5,,,
2012-04-10,,0.15,,,0.1,0.14,0.23,0.14,0.17,0.2,0.45,0.53,,,
2012-04-11,,0.16,,,0.12,,0.22,0.17,0.18,0.2,0.46,0.45,,,
2012-04-12,,0.15,,,0.11,0.19,0.21,0.15,0.18,0.21,0.44,0.51,,,
2012-04-13,,0.15,,,0.06,,0.29,0.14,0.17,0.21,0.46,0.53,,,
2012-04-16,,0.15,,,0.16,,0.21,0.15,0.18,0.22,0.45,0.49,,,
2012-04-17,,0.16,,,0.14,0.16,0.17,0.13,0.18,0.21,0.47,0.57,0.68,,
2012-04-18,,0.15,,,0.1,0.15,0.18,0.12,0.16,0.2,0.47,0.53,0.67,,
2012-04-19,,0.13,,,,0.13,0.16,0.1,0.13,0.19,0.46,0.58,0.7,,
2012-04-20,,0.12,,,0.07,0.13,0.17,0.12,0.1,0.2,0.46,0.55,0.65,,
2012-04-23,,0.13,,,0.17,0.21,0.19,0.12,0.16,0.21,0.47,0.56,,,
2012-04-24,,0.14,,,0.05,0.14,0.19,0.14,0.15,0.19,0.45,0.47,,,
2012-04-25,,0.15,,,0.14,0.17,0.2,0.13,0.17,0.2,0.45,0.52,0.52,,
2012-04-26,,0.14,,,,0.13,0.16,0.13,0.17,0.21,0.46,0.53,0.6,,
2012-04-27,,0.13,,,,0.13,0.16,0.12,0.16,0.19,0.46,0.53,,,
2012-04-30,,0.16,,,0.12,0.14,0.18,0.13,0.14,0.19,0.45,0.49,0.52,,
2012-05-01,,0.16,,,0.11,0.15,0.2,0.17,0.16,0.19,0.49,0.38,,,
2012-05-02,,0.15,,,0.13,0.17,0.19,0.12,0.14,0.19,0.47,0.53,,,
2012-05-03,,0.15,,,0.11,,0.27,0.11,0.15,0.19,0.43,0.49,,,
2012-05-04,,0.16,,,0.11,0.14,0.17,0.12,0.16,0.18,0.46,0.48,,,
2012-05-07,,0.16,,,0.12,0.16,0.2,0.11,0.16,0.2,0.46,0.52,0.56,,
2012-05-08,,0.16,,,0.11,0.15,0.2,0.13,0.15,0.18,0.46,0.5,,,
2012-05-09,,0.15,,,0.11,0.14,0.16,0.11,0.15,0.19,0.48,0.49,,,
2012-05-10,,0.15,,,0.12,0.16,0.21,0.14,0.14,0.18,0.45,0.5,,,
2012-05-11,,0.15,,,0.13,0.16,0.2,0.13,0.17,0.19,0.41,0.52,,,
2012-05-14,,0.16,,,0.11,0.15,0.19,0.14,0.17,0.2,0.46,0.5,0.55,,
2012-05-15,,0.16,,,0.12,0.14,0.2,0.14,0.16,0.19,0.45,0.53,0.61,,
2012-05-16,,0.16,,,0.14,0.18,0.23,0.12,0.14,0.15,0.46,,,,
2012-05-17,,0.16,,,0.16,0.18,0.2,0.13,0.15,0.18,0.45,0.53,,,
2012-05-18,,0.16,,,0.09,0.14,0.2,0.13,0.17,0.21,0.47,0.52,0.58,,
2012-05-21,,0.16,,,0.13,0.15,0.19,0.13,0.17,0.2,0.46,0.51,0.56,,
2012-05-22,,0.16,,,0.13,0.16,0.2,0.15,0.17,0.2,0.44,0.52,0.59,,
2012-05-23,,0.15,,,0.14,0.16,0.19,0.12,0.15,0.2,0.46,0.52,0.58,,
2012-05-24,,0.15,,,0.13,0.16,0.2,0.13,0.15,0.18,0.48,0.53,0.58,,
2012-05-25,,0.15,,,0.13,0.17,0.22,0.13,0.17,0.2,0.46,,,,
2012-05-28,,,,,,,,,,,,,,,
2012-05-29,,0.16,,,0.11,0.14,0.18,0.14,0.17,0.21,0.45,0.52,0.59,,
2012-05-30,,0.16,,,0.14,0.14,0.19,0.12,0.15,0.19,0.45,,,,
2012-05-31,,0.16,,,0.13,0.15,0.2,0.12,0.16,0.2,0.47,,,,
2012-06-01,,0.16,,,0.16,0.15,0.19,0.14,0.18,0.22,0.48,0.54,0.6,,
2012-06-04,,0.17,,,0.12,0.15,0.2,0.12,0.17,0.19,0.46,0.5,0.54,,
2012-06-05,,0.17,,,0.14,0.15,0.2,0.14,0.16,0.18,0.46,0.51,0.55,,
2012-06-06,,0.16,,,0.11,0.13,0.16,0.11,0.15,0.22,0.45,0.53,0.61,,
2012-06-07,,0.16,,,0.12,0.14,0.18,0.14,0.16,0.19,0.45,0.52,0.6,,
2012-06-08,,0.17,,,0.14,0.17,0.2,0.14,0.18,0.22,0.45,0.53,0.61,,
2012-06-11,,0.17,,,0.13,0.18,0.22,0.16,0.17,0.2,0.44,0.5,0.6,,
2012-06-12,,0.16,,,0.1,0.12,0.35,0.12,0.17,0.21,0.45,0.53,,,
2012-06-13,,0.17,,,0.1,0.15,0.2,0.17,0.15,0.21,0.47,0.52,0.57,,
2012-06-14,,0.17,,,0.19,0.14,0.23,0.14,0.15,0.19,0.47,0.54,,,
2012-06-15,,0.18,,,0.14,0.17,0.2,0.14,0.17,0.2,0.47,0.6,0.57,,
2012-06-18,,0.17,,,0.16,0.21,0.25,0.12,0.17,0.21,0.47,0.52,0.58,,
2012-06-19,,0.17,,,0.14,0.2,0.25,0.14,0.18,0.22,0.46,0.46,,,
2012-06-20,,0.16,,,0.15,0.2,0.18,0.12,0.17,0.2,0.46,0.5,0.54,,
2012-06-21,,0.17,,,0.14,0.18,0.23,0.13,0.16,0.2,0.46,0.55,0.65,,
2012-06-22,,0.17,,,0.13,0.2,0.23,0.15,0.18,0.22,0.44,,,,
2012-06-25,,0.17,,,0.12,0.16,0.21,0.13,0.15,0.2,0.46,0.49,0.53,,
2012-06-26,,0.16,,,0.16,0.2,0.2,0.14,0.17,0.21,0.46,,,,
2012-06-27,,0.15,,,0.09,0.14,0.18,0.15,0.2,0.23,0.45,0.47,,,
2012-06-28,,0.15,,,0.12,0.15,0.18,0.12,,0.19,0.46,0.5,0.54,,
2012-06-29,,0.09,,,0.1,0.14,0.17,0.15,,0.28,0.49,0.53,0.51,,
2012-07-02,,0.18,,,0.1,0.13,0.18,0.15,0.18,0.23,0.47,0.5,0.54,,
2012-07-03,,0.17,,,,0.17,0.17,0.15,0.18,0.21,0.47,0.55,0.43,,
2012-07-04,,,,,,,,,,,,,,,
2012-07-05,,0.17,,,0.13,0.12,0.36,0.15,0.18,0.24,0.48,0.49,0.51,,
2012-07-06,,0.17,,,0.1,0.12,0.37,0.18,0.17,0.2,0.47,0.46,,,
2012-07-09,,0.17,,,0.14,0.17,0.35,0.11,0.18,0.23,0.44,0.48,,,
2012-07-10,,0.17,,,0.12,0.14,0.2,0.16,0.17,0.23,0.44,0.48,0.48,,
2012-07-11,,0.17,,,0.1,0.17,0.35,0.14,0.18,0.23,0.46,0.48,0.48,,
2012-07-12,,0.18,,,0.1,0.14,0.17,0.12,0.15,0.19,0.48,0.55,0.64,,
2012-07-13,,0.19,,,,0.11,0.33,0.14,0.17,0.21,0.49,0.47,,,
2012-07-16,,0.18,,,0.15,0.14,0.17,0.16,0.18,0.21,0.46,0.52,,,
2012-07-17,,0.17,,,0.11,0.15,0.2,0.14,0.17,0.23,0.45,0.47,0.5,,
2012-07-18,,0.16,,,0.12,0.16,0.33,0.13,0.17,0.21,0.49,0.51,0.53,,
2012-07-19,,0.13,,,0.11,0.16,0.19,0.13,0.14,0.19,0.45,,,,
2012-07-20,,0.13,,,0.12,0.15,0.28,0.13,0.17,0.2,0.47,0.68,,,
2012-07-23,,0.14,,,0.26,0.13,,0.14,0.18,0.23,0.48,0.54,,,
2012-07-24,,0.15,,,0.13,0.15,0.18,0.14,0.16,0.24,0.46,0.5,0.53,,
2012-07-25,,0.15,,,0.1,0.12,0.18,0.15,0.19,0.22,0.47,0.51,0.55,,
2012-07-26,,0.14,,,0.13,0.15,0.19,0.14,0.16,0.23,0.48,0.53,0.6,,
2012-07-27,,0.14,,,0.11,0.13,0.18,0.13,0.16,,0.46,0.51,,,
2012-07-30,,0.14,,,0.12,0.14,0.17,0.14,0.17,0.21,0.48,0.55,0.47,,
2012-07-31,,0.13,,,0.15,0.15,0.18,0.14,0.16,0.2,0.48,0.52,,,
2012-08-01,,0.14,,,0.15,,0.18,0.13,0.17,0.2,0.46,0.52,,,
2012-08-02,,0.14,,,0.14,0.17,0.21,0.14,0.18,0.21,0.46,0.46,,,
2012-08-03,,0.14,,,0.13,0.1,0.18,0.15,0.18,0.21,0.5,,,,
2012-08-06,,0.14,,,0.13,0.15,0.18,0.14,0.18,0.22,0.48,,,,
2012-08-07,,0.13,,,0.13,0.16,0.18,0.11,0.16,0.21,0.47,,,,
2012-08-08,,0.13,,,0.14,0.16,0.17,0.13,0.18,0.23,0.43,0.39,,,
2012-08-09,,0.13,,,0.15,0.17,0.21,0.14,0.12,0.17,0.44,0.52,,,
2012-08-10,,0.13,,,0.15,0.18,0.24,0.16,0.17,0.22,0.45,0.51,,,
2012-08-13,,0.13,,,0.16,0.17,0.18,0.16,0.18,0.2,0.47,0.58,,,
2012-08-14,,0.13,,,0.13,0.18,0.21,0.12,0.17,0.22,0.48,0.47,0.46,,
2012-08-15,,0.13,,,0.13,0.18,0.21,0.18,0.17,0.19,0.46,0.45,0.4,,
2012-08-16,,0.13,,,0.14,0.17,0.2,0.14,,0.21,0.44,0.49,0.53,,
2012-08-17,,0.13,,,0.13,0.18,0.21,0.15,0.19,0.23,0.43,0.6,,,
2012-08-20,,0.13,,,0.15,0.16,0.17,0.14,0.18,0.21,0.45,0.46,0.46,,
2012-08-21,,0.13,,,0.15,0.16,0.18,0.13,0.16,0.19,0.46,0.53,,,
2012-08-22,,0.13,,,0.15,0.16,0.17,0.15,0.18,0.2,0.46,0.47,,,
2012-08-23,,0.13,,,0.14,0.16,0.23,0.13,0.15,0.18,0.46,0.52,0.58,,
2012-08-24,,0.13,,,0.13,0.17,0.19,0.13,,,0.51,0.52,0.55,,
2012-08-27,,0.13,,,0.13,0.16,0.18,0.17,,0.22,0.46,0.48,0.5,,
2012-08-28,,0.13,,,0.13,0.17,0.2,0.14,0.12,0.15,0.45,0.47,0.48,,
2012-08-29,,0.13,,,0.12,0.13,0.16,0.14,0.13,0.2,0.44,0.51,0.59,,
2012-08-30,,0.14,,,0.14,0.16,0.18,0.15,0.18,0.23,0.47,,,,
2012-08-31,,0.13,,,0.14,0.15,0.17,0.13,0.14,0.19,0.48,0.55,0.62,,
2012-09-03,,,,,,,,,,,,,,,
2012-09-04,,0.14,,,0.13,0.16,0.17,0.1,0.1,0.2,0.46,,,,
2012-09-05,,0.16,,,0.12,0.14,0.18,0.13,0.12,0.21,0.5,0.54,0.6,,
2012-09-06,,0.16,,,,0.12,0.15,0.13,0.11,0.22,0.46,0.43,0.4,,
2012-09-07,,0.15,,,0.14,0.16,0.19,0.14,0.1,0.21,0.44,0.44,0.43,,
2012-09-10,,0.15,,,0.14,0.14,0.15,0.15,0.13,0.19,0.48,0.53,0.58,,
2012-09-11,,0.15,,,0.13,0.15,0.18,0.11,0.15,0.21,0.46,0.48,0.47,,
2012-09-12,,0.15,,,0.12,0.14,0.17,0.13,0.16,0.21,0.46,0.48,,,
2012-09-13,,0.15,,,0.13,0.14,0.16,0.13,0.15,0.21,0.48,0.36,,,
2012-09-14,,0.16,,,0.09,0.12,0.15,0.13,0.15,0.19,0.46,0.51,0.56,,
2012-09-17,,0.16,,,0.12,0.15,0.17,0.13,0.13,0.19,0.48,0.45,0.43,,
2012-09-18,,0.16,,,0.12,0.15,0.17,0.11,0.14,0.19,0.45,0.47,0.49,,
2012-09-19,,0.15,,,0.12,0.13,0.16,0.12,0.13,0.17,0.47,0.54,0.6,,
2012-09-20,,0.16,,,0.12,0.15,0.18,0.14,0.15,0.2,0.47,0.5,0.5,,
2012-09-21,,0.15,,,0.1,,0.15,0.13,0.13,0.2,0.47,0.5,0.5,,
2012-09-24,,0.16,,,0.09,0.12,0.15,0.1,0.17,0.21,0.47,0.52,,,
2012-09-25,,0.15,,,0.1,0.22,0.23,0.12,0.12,0.21,0.46,0.5,0.54,,
2012-09-26,,0.15,,,0.09,0.12,0.16,0.12,0.16,0.2,0.47,0.51,0.53,,
2012-09-27,,0.14,,,0.09,0.24,0.21,0.12,0.16,0.2,0.5,0.54,0.58,,
2012-09-28,,0.09,,,0.07,0.25,0.12,0.12,0.11,0.18,0.46,0.53,0.61,,
2012-10-01,,0.15,,,0.09,0.1,0.25,0.11,0.15,0.19,0.49,0.51,0.52,,
2012-10-02,,0.16,,,0.1,0.11,0.14,0.12,0.12,0.18,0.44,0.48,0.52,,
2012-10-03,,0.16,,,0.11,,0.15,0.13,0.15,0.18,0.45,0.56,,,
2012-10-04,,0.15,,,0.13,0.13,0.14,0.13,0.15,0.2,0.45,0.5,0.54,,
2012-10-05,,0.15,,,0.13,0.13,0.16,0.14,0.18,0.21,0.5,0.53,,,
2012-10-08,,,,,,,,,,,,,,,
2012-10-09,,0.16,,,0.11,0.19,0.33,0.12,0.14,0.17,0.48,0.5,0.55,,
2012-10-10,,0.16,,,0.12,0.2,0.2,0.14,0.14,0.17,0.46,0.47,0.55,,
2012-10-11,,0.16,,,0.11,0.13,0.15,0.13,0.16,0.2,0.45,0.49,0.52,,
2012-10-12,,0.16,,,0.07,0.13,0.15,0.13,0.14,0.18,0.47,0.49,0.49,,
2012-10-15,,0.16,,,0.13,0.15,0.15,0.15,0.17,0.2,0.44,0.47,0.5,,
2012-10-16,,0.16,,,0.11,0.13,0.15,0.13,0.16,0.19,0.46,0.48,0.5,,
2012-10-17,,0.15,,,0.15,0.21,0.18,0.14,0.15,0.19,0.46,0.42,0.37,,
2012-10-18,,0.15,,,0.12,0.21,0.21,0.13,0.13,0.15,0.48,0.55,0.62,,
2012-10-19,,0.16,,,,0.16,0.18,0.14,0.16,0.21,0.47,0.53,,,
2012-10-22,,0.15,,,0.13,0.16,0.19,0.14,0.16,0.21,0.48,0.49,,,
2012-10-23,,0.15,,,0.14,0.18,0.21,0.12,0.15,0.19,0.42,0.48,0.41,,
2012-10-24,,0.17,,,0.14,0.17,0.19,0.14,0.16,0.2,0.47,0.42,0.35,,
2012-10-25,,0.16,,,0.14,0.17,0.2,0.16,0.14,0.16,0.42,0.5,0.4,,
2012-10-26,,0.16,,,0.15,0.17,0.2,0.14,0.13,,0.42,0.36,,,
2012-10-29,,0.17,,,0.15,0.17,0.2,0.18,0.19,0.21,0.49,0.61,,,
2012-10-30,,0.17,,,0.15,0.17,0.2,0.17,,,0.49,,,,
2012-10-31,,0.18,,,0.14,0.17,0.19,0.15,0.16,0.21,0.48,0.49,0.5,,
2012-11-01,,0.17,,,0.13,0.15,0.2,0.15,0.16,0.15,0.45,0.43,0.4,,
2012-11-02,,0.16,,,0.15,0.2,0.24,0.15,0.15,0.16,0.44,0.52,0.46,,
2012-11-05,,0.17,,,0.16,0.2,0.18,0.14,0.17,0.21,0.47,0.39,0.3,,
2012-11-06,,0.16,,,0.17,0.2,0.22,0.14,0.17,0.21,0.42,0.6,,,
2012-11-07,,0.16,,,0.15,0.2,0.27,0.13,0.14,0.14,0.44,0.47,0.4,,
2012-11-08,,0.16,,,0.16,0.18,0.25,0.13,0.16,0.19,0.45,0.58,0.44,,
2012-11-09,,0.16,,,0.14,0.21,0.19,0.14,0.15,0.18,0.42,0.5,0.49,,
2012-11-12,,,,,,,,,,,,,,,
2012-11-13,,0.16,,,0.16,0.2,0.24,0.18,0.2,0.22,0.47,0.47,0.41,,
2012-11-14,,0.16,,,0.16,0.2,0.24,0.13,0.18,0.17,0.44,0.38,0.39,,
2012-11-15,,0.16,,,0.15,0.2,0.22,0.14,0.18,0.22,0.44,0.44,0.4,,
2012-11-16,,0.16,,,0.16,0.17,0.22,0.15,0.18,0.21,0.44,0.43,0.42,,
2012-11-19,,0.16,,,0.15,0.19,0.22,0.15,0.18,0.22,0.47,0.47,,,
2012-11-20,,0.16,,,0.15,0.19,0.15,0.13,0.19,0.21,0.45,0.52,0.55,,
2012-11-21,,0.16,,,0.16,0.15,0.18,0.15,0.18,0.21,0.43,0.46,,,
2012-11-22,,,,,,,,,,,,,,,
2012-11-23,,0.16,,,,,0.22,0.15,,,0.43,,0.56,,
2012-11-26,,0.16,,,0.17,0.21,0.14,0.14,,,0.44,0.45,0.43,,
2012-11-27,,0.16,,,0.15,0.19,0.2,0.14,,,0.44,0.47,0.39,,
2012-11-28,,0.16,,,0.15,0.18,0.2,0.15,0.17,0.2,0.41,0.42,0.42,,
2012-11-29,,0.16,,,0.16,0.19,0.21,0.15,0.18,0.21,0.43,0.5,,,
2012-11-30,,0.16,,,0.16,0.15,0.19,0.13,0.16,0.21,0.46,0.53,0.6,,
2012-12-03,,0.16,,,0.12,0.13,0.17,0.12,0.15,0.2,0.48,0.49,,,
2012-12-04,,0.17,,,0.12,0.15,0.2,0.12,0.15,0.2,0.46,0.43,0.56,,
2012-12-05,,0.16,,,0.08,0.13,0.16,0.13,0.17,0.21,0.44,0.58,0.44,,
2012-12-06,,0.16,,,0.12,0.14,0.17,0.12,0.15,0.2,0.42,0.34,,,
2012-12-07,,0.16,,,0.12,0.12,0.15,0.13,0.15,0.2,0.45,0.44,0.4,,
2012-12-10,,0.16,,,0.13,0.11,0.13,0.14,0.17,0.2,0.41,0.41,0.38,,
2012-12-11,,0.17,,,0.12,0.13,0.16,0.13,0.17,0.21,0.45,0.53,,,
2012-12-12,,0.17,,,0.12,0.15,0.18,0.12,0.16,0.19,0.39,0.56,0.46,,
2012-12-13,,0.16,,,0.1,0.13,0.14,0.1,0.17,0.21,0.41,0.41,0.49,,
2012-12-14,,0.17,,,0.09,0.1,0.12,0.13,0.17,0.2,0.4,0.38,0.38,,
2012-12-17,,0.16,,,0.05,0.11,0.16,0.15,0.17,0.21,0.41,0.37,0.34,,
2012-12-18,,0.17,,,0.07,0.13,0.1,0.16,0.18,0.21,0.44,0.45,,,
2012-12-19,,0.17,,,0.06,0.11,0.19,0.12,,,0.43,0.4,0.38,,
2012-12-20,,0.17,,,0.07,0.09,0.13,0.13,0.11,,0.43,0.45,0.48,,
2012-12-21,,0.17,,,0.1,0.17,0.27,0.14,0.14,0.19,0.42,0.49,,,
2012-12-24,,0.18,,,0.12,0.13,0.15,0.13,,,,,,,
2012-12-25,,,,,,,,,,,,,,,
2012-12-26,,0.17,,,0.13,0.18,0.27,0.12,,,0.44,,,,
2012-12-27,,0.17,,,0.11,0.15,0.18,0.11,,,0.42,,,,
2012-12-28,,0.17,,,0.05,0.09,0.23,0.12,0.15,0.18,0.4,0.44,,,
2012-12-31,,0.09,,,0.05,0.09,0.12,0.1,,0.19,0.42,0.44,,,
2013-01-01,,,,,,,,,,,,,,,
2013-01-02,,0.17,,,0.12,0.15,0.18,0.13,0.15,0.17,0.41,0.4,0.39,,
2013-01-03,,0.17,,,0.12,0.11,0.28,0.12,0.14,0.17,0.44,0.54,0.39,,
2013-01-04,,0.16,,,0.11,0.12,0.14,0.11,0.13,0.16,0.41,0.49,0.4,,
2013-01-07,,0.16,,,0.12,0.14,0.16,0.14,0.15,0.17,0.42,0.44,0.42,,
2013-01-08,,0.15,,,0.12,0.15,0.17,0.11,0.13,0.15,0.38,0.45,0.42,,
2013-01-09,,0.14,,,0.1,0.15,0.3,0.11,0.12,0.16,0.41,0.45,0.36,,
2013-01-10,,0.14,,,0.13,0.15,0.2,0.13,0.1,0.15,0.39,0.38,0.32,,
2013-01-11,,0.14,,,0.11,0.16,0.2,0.11,0.12,0.14,0.42,0.59,,,
2013-01-14,,0.14,,,0.11,,0.16,0.11,0.14,0.16,0.4,0.44,0.52,,
2013-01-15,,0.15,,,0.1,0.11,0.13,0.09,0.14,0.17,0.4,0.4,0.37,,
2013-01-16,,0.14,,,,0.14,0.18,0.12,0.13,0.15,0.4,0.37,0.32,,
2013-01-17,,0.14,,,0.14,0.15,0.16,0.11,0.14,0.16,0.41,0.38,0.34,,
2013-01-18,,0.14,,,0.1,0.15,0.18,0.11,0.14,0.18,0.39,0.41,,,
2013-01-21,,,,,,,,,,,,,,,
2013-01-22,,0.14,,,0.09,0.15,0.18,0.11,0.14,0.16,0.39,0.41,0.34,,
2013-01-23,,0.13,,,0.13,0.15,0.18,0.09,0.12,0.15,0.42,0.39,0.36,,
2013-01-24,,0.15,,,0.12,0.17,0.19,0.11,0.14,0.16,0.34,0.39,0.47,,
2013-01-25,,0.14,,,0.13,0.16,0.2,0.11,0.14,,0.35,0.37,0.32,,
2013-01-28,,0.14,,,0.11,0.26,0.26,0.11,,,0.36,0.35,0.34,,
2013-01-29,,0.12,,,0.08,0.15,0.18,0.14,,,0.37,0.37,0.35,,
2013-01-30,,0.12,,,,0.13,0.16,0.11,,,0.39,0.34,0.37,,
2013-01-31,,0.15,,,0.09,0.13,0.18,0.15,0.15,,0.4,0.38,0.38,,
2013-02-01,,0.14,,,,0.17,0.2,0.12,0.14,0.14,0.4,0.37,0.38,,
2013-02-04,,0.13,,,0.11,0.15,0.14,0.11,0.13,0.14,0.38,0.38,0.4,,
2013-02-05,,0.13,,,0.1,0.16,0.11,0.11,0.13,0.15,0.36,0.42,0.48,,
2013-02-06,,0.13,,,0.13,0.18,0.19,0.12,0.13,0.15,0.33,0.36,0.4,,
2013-02-07,,0.13,,,0.1,0.12,0.14,0.12,0.13,,0.38,0.39,0.38,,
2013-02-08,,0.14,,,,0.13,0.14,0.1,0.12,0.14,0.38,0.4,0.41,,
2013-02-11,,0.14,,,0.09,0.12,0.15,0.12,0.14,0.16,0.38,0.39,0.38,,
2013-02-12,,0.13,,,0.09,0.11,0.14,0.12,0.12,0.14,0.36,0.4,0.44,,
2013-02-13,,0.14,,,,0.1,0.14,0.11,0.13,0.16,0.38,0.39,0.4,,
2013-02-14,,0.14,,,,0.08,0.34,0.11,0.14,0.15,0.38,0.37,0.36,,
2013-02-15,,0.16,,,0.09,0.07,0.13,0.13,0.15,0.17,0.39,0.4,0.41,,
2013-02-18,,,,,,,,,,,,,,,
2013-02-19,,0.15,,,0.11,0.13,0.16,0.13,0.15,0.18,0.37,0.39,,,
2013-02-20,,0.15,,,0.1,0.11,0.13,0.12,0.16,0.19,0.37,0.4,,,
2013-02-21,,0.16,,,0.22,0.06,0.12,0.15,0.16,0.19,0.37,,0.42,,
2013-02-22,,0.16,,,0.12,0.15,0.18,0.15,0.17,,0.39,0.38,0.36,,
2013-02-25,,0.15,,,,0.13,0.16,0.13,0.16,0.19,0.39,0.38,0.36,,
2013-02-26,,0.14,,,,0.12,0.15,0.16,0.17,0.19,0.37,0.34,,,
2013-02-27,,0.14,,,0.05,0.08,0.13,0.12,0.16,0.19,0.37,0.38,0.39,,
2013-02-28,,0.14,,,0.1,0.13,0.16,0.14,0.16,0.18,0.39,0.41,0.42,,
2013-03-01,,0.14,,,0.1,0.13,0.15,0.15,0.15,0.17,0.37,0.37,0.37,,
2013-03-04,,0.16,,,0.12,,0.18,0.12,0.15,0.16,0.38,0.33,0.28,,
2013-03-05,,0.15,,,0.11,0.13,0.16,0.13,0.14,0.15,0.35,0.38,0.37,,
2013-03-06,,0.15,,,0.11,0.15,0.15,0.12,0.12,0.17,0.4,0.35,0.28,,
2013-03-07,,0.16,,,0.1,0.13,0.16,0.12,0.14,0.16,0.38,0.38,0.39,,
2013-03-08,,0.15,,,0.12,0.15,0.17,0.11,0.15,0.18,0.38,0.38,0.37,,
2013-03-11,,0.16,,,0.11,0.15,0.17,0.12,0.15,0.19,0.38,0.38,0.4,,
2013-03-12,,0.15,,,0.13,0.15,0.17,0.12,0.14,0.15,0.38,0.37,0.36,,
2013-03-13,,0.14,,,0.1,0.14,0.17,0.12,0.15,0.17,0.38,0.36,0.34,,
2013-03-14,,0.15,,,0.08,0.13,0.17,0.12,0.14,0.16,0.37,0.38,,,
2013-03-15,,0.16,,,0.07,0.1,0.12,0.11,0.13,0.16,0.36,0.29,,,
2013-03-18,,0.16,,,0.11,0.11,0.14,0.11,0.13,0.16,0.38,0.36,,,
2013-03-19,,0.15,,,0.06,0.15,0.17,0.08,0.11,0.14,0.34,0.33,0.29,,
2013-03-20,,0.15,,,0.11,0.12,0.14,0.08,,0.12,0.31,0.32,0.34,,
2013-03-21,,0.16,,,0.17,0.17,0.17,0.09,0.11,0.13,0.31,0.33,0.36,,
2013-03-22,,0.15,,,0.13,0.12,0.12,0.09,0.1,0.12,0.31,,,,
2013-03-25,,0.15,,,0.11,0.12,0.11,0.05,0.11,0.14,0.32,0.34,,,
2013-03-26,,0.14,,,0.12,0.13,0.12,0.09,0.11,0.13,0.32,0.36,,,
2013-03-27,,0.12,,,0.11,0.11,0.12,0.06,0.08,0.11,0.33,,,,
2013-03-28,,0.13,,,0.08,0.09,0.12,0.09,,,0.32,0.34,0.35,,
2013-03-29,,0.09,,,,,,,,,,,,,
2013-04-01,,0.16,,,0.07,0.09,0.19,0.12,0.12,0.12,0.31,0.34,,,
2013-04-02,,0.15,,,0.11,0.14,0.19,0.1,0.11,0.13,0.32,0.27,,,
2013-04-03,,0.14,,,0.11,0.16,0.21,0.08,0.11,0.13,0.33,0.31,0.29,,
2013-04-04,,0.14,,,0.09,0.16,0.17,0.08,0.1,0.13,0.29,0.37,,,
2013-04-05,,0.15,,,0.1,0.16,0.17,0.09,0.11,0.12,0.3,0.32,,,
2013-04-08,,0.15,,,0.12,0.16,0.11,0.09,0.11,0.13,0.31,0.3,0.3,,
2013-04-09,,0.15,,,0.1,0.13,0.15,0.08,0.09,0.1,0.3,0.28,,,
2013-04-10,,0.15,,,0.1,0.13,0.16,0.08,0.1,0.12,0.31,0.4,,,
2013-04-11,,0.15,,,0.11,0.14,0.16,0.08,0.09,0.11,0.31,0.34,,,
2013-04-12,,0.15,,,0.1,0.13,0.15,0.08,0.11,0.12,0.31,0.32,0.33,,
2013-04-15,,0.15,,,0.15,0.11,0.13,0.07,0.1,0.11,0.3,0.31,0.31,,
2013-04-16,,0.15,,,0.1,0.13,0.16,0.08,0.1,0.13,0.33,0.36,0.38,,
2013-04-17,,0.15,,,0.09,0.11,0.15,0.07,0.1,0.11,0.3,0.31,,,
2013-04-18,,0.15,,,0.08,0.11,0.14,0.07,0.1,0.12,0.29,0.34,0.38,,
2013-04-19,,0.15,,,0.1,0.11,0.16,0.07,,0.12,0.3,0.27,,,
2013-04-22,,0.15,,,0.1,0.13,0.16,0.07,0.09,0.12,0.32,0.34,0.37,,
2013-04-23,,0.14,,,0.1,0.13,0.16,0.04,0.06,0.11,0.29,0.33,0.36,,
2013-04-24,,0.13,,,0.05,0.11,0.16,0.06,0.09,0.11,0.3,,,,
2013-04-25,,0.13,,,0.1,0.13,0.12,0.07,0.08,0.12,0.31,0.32,,,
2013-04-26,,0.13,,,0.1,0.13,0.16,0.09,0.1,,0.31,,,,
2013-04-29,,0.13,,,0.09,0.11,0.14,0.06,0.09,0.13,0.31,0.31,,,
2013-04-30,,0.14,,,0.08,0.13,0.13,0.09,0.09,0.12,0.24,0.31,,,
2013-05-01,,0.14,,,0.09,0.13,0.16,0.07,0.07,0.1,0.29,,0.42,,
2013-05-02,,0.15,,,0.11,0.13,0.15,0.06,0.09,0.12,0.3,0.3,0.3,,
2013-05-03,,0.14,,,0.11,0.11,0.14,0.06,0.09,0.13,0.3,0.3,0.31,,
2013-05-06,,0.14,,,0.11,0.11,0.13,0.09,0.09,0.1,0.3,0.32,0.32,,
2013-05-07,,0.12,,,0.11,0.14,0.16,0.06,0.07,0.09,0.27,0.29,0.31,,
2013-05-08,,0.12,,,0.11,0.12,0.12,0.08,0.08,0.1,0.32,0.34,0.34,,
2013-05-09,,0.12,,,0.09,0.13,0.16,0.06,0.07,0.11,0.33,0.51,0.36,,
2013-05-10,,0.12,,,0.09,0.1,0.14,0.06,0.07,0.12,0.29,0.31,0.32,,
2013-05-13,,0.12,,,0.1,0.13,0.15,0.09,0.08,0.1,0.29,0.29,0.3,,
2013-05-14,,0.11,,,0.09,0.1,0.15,0.06,0.08,0.1,0.3,0.3,0.3,,
2013-05-15,,0.12,,,0.09,0.11,0.15,0.07,0.08,0.1,0.3,0.3,,,
2013-05-16,,0.11,,,0.09,0.1,0.13,0.06,0.07,0.1,0.29,0.3,0.31,,
2013-05-17,,0.1,,,0.09,0.11,0.16,0.08,0.07,0.12,0.29,0.33,,,
2013-05-20,,0.1,,,0.07,0.09,0.15,0.07,0.08,0.1,0.26,0.28,,,
2013-05-21,,0.09,,,0.09,0.07,0.14,0.06,0.08,0.1,0.23,0.26,0.25,,
2013-05-22,,0.08,,,0.09,0.1,0.13,0.06,0.06,0.1,0.27,0.3,,,
2013-05-23,,0.08,,,0.07,0.11,0.15,0.06,0.08,0.11,0.26,0.31,,,
2013-05-24,,0.09,,,0.08,0.1,0.13,0.07,0.08,0.1,0.28,0.29,,,
2013-05-27,,,,,,,,,,,,,,,
2013-05-28,,0.09,,,0.09,0.09,0.1,0.06,0.07,0.1,0.28,0.29,,,
2013-05-29,,0.08,,,0.06,0.1,0.11,0.06,,0.1,0.27,0.3,,,
2013-05-30,,0.08,,,0.07,0.1,0.13,0.06,0.07,0.09,0.28,0.31,,,
2013-05-31,,0.09,,,,0.11,0.13,0.05,0.07,0.1,0.29,0.28,,,
2013-06-03,,0.1,,,0.07,0.07,0.11,0.06,0.07,0.1,0.29,0.27,,,
2013-06-04,,0.11,,,0.07,0.09,0.12,0.07,0.08,0.08,0.26,0.3,0.33,,
2013-06-05,,0.09,,,0.05,0.09,0.12,0.06,0.08,0.09,0.27,0.29,0.32,,
2013-06-06,,0.1,,,,0.1,0.12,0.05,0.07,0.09,0.27,,,,
2013-06-07,,0.09,,,0.07,0.08,0.11,0.07,0.08,0.1,0.26,0.3,,,
2013-06-10,,0.09,,,,0.08,0.19,0.06,0.09,0.1,0.28,,,,
2013-06-11,,0.09,,,0.05,,0.2,0.07,0.09,0.09,0.29,0.31,0.33,,
2013-06-12,,0.08,,,0.07,0.09,0.14,0.04,0.09,0.09,0.29,0.3,0.3,,
2013-06-13,,0.09,,,,0.08,0.08,0.07,0.09,0.11,0.29,,,,
2013-06-14,,0.1,,,0.07,0.09,0.1,0.05,0.1,0.09,0.26,0.23,,,
2013-06-17,,0.11,,,0.07,0.12,0.17,0.07,0.09,0.11,0.25,0.21,,,
2013-06-18,,0.12,,,0.08,0.12,0.15,0.05,0.09,0.09,0.23,0.26,,,
2013-06-19,,0.1,,,0.08,0.11,0.14,0.07,0.08,0.09,0.28,,,,
2013-06-20,,0.1,,,0.08,0.1,0.1,0.06,0.09,0.11,0.28,,,,
2013-06-21,,0.1,,,0.07,0.12,0.16,0.06,0.09,0.12,0.28,0.32,,,
2013-06-24,,0.1,,,0.08,0.11,0.16,0.07,,,0.28,,,,
2013-06-25,,0.09,,,0.07,0.11,0.14,0.07,0.1,0.12,0.28,0.29,0.3,,
2013-06-26,,0.09,,,0.07,0.1,0.11,0.08,,0.1,0.29,,0.32,,
2013-06-27,,0.09,,,0.1,0.12,0.15,0.09,,0.11,0.3,,,,
2013-06-28,,0.07,,,0.06,0.11,0.13,0.08,,0.12,0.29,,,,
2013-07-01,,0.1,,,0.09,0.14,0.2,0.07,0.09,0.11,0.31,0.32,0.34,,
2013-07-02,,0.1,,,0.07,0.11,0.17,0.06,0.1,0.12,0.27,,,,
2013-07-03,,0.1,,,0.09,0.12,0.14,0.07,0.09,0.11,0.32,,,,
2013-07-04,,,,,,,,,,,,,,,
2013-07-05,,0.1,,,0.1,,0.15,0.07,0.08,,,,,,
2013-07-08,,0.1,,,0.09,0.11,0.14,0.06,0.09,0.12,0.29,0.32,,,
2013-07-09,,0.1,,,0.1,0.12,0.17,0.06,0.08,0.11,0.3,,0.33,,
2013-07-10,,0.09,,,0.08,0.1,0.16,0.05,0.07,0.1,0.3,0.43,,,
2013-07-11,,0.09,,,0.07,0.11,0.15,0.05,0.08,0.11,0.29,0.32,,,
2013-07-12,,0.09,,,0.07,0.11,0.14,0.06,0.08,0.11,0.31,,,,
2013-07-15,,0.09,,,0.08,0.09,0.13,0.05,0.09,0.12,0.29,0.4,,,
2013-07-16,,0.09,,,0.08,0.11,0.13,0.06,0.09,0.12,0.28,0.29,,,
2013-07-17,,0.09,,,0.06,0.1,0.13,0.07,0.09,0.12,0.33,0.32,0.31,,
2013-07-18,,0.09,,,0.06,0.06,0.11,0.05,0.06,0.11,0.28,0.34,,,
2013-07-19,,0.09,,,0.07,0.08,0.12,0.04,0.07,0.1,0.31,0.35,,,
2013-07-22,,0.09,,,0.05,0.07,0.13,0.05,0.09,0.11,0.29,,,,
2013-07-23,,0.09,,,0.14,0.09,0.13,0.04,0.06,0.11,0.27,,,,
2013-07-24,,0.09,,,0.08,0.13,0.16,0.05,0.08,0.11,0.22,,,,
2013-07-25,,0.09,,,0.03,0.06,0.12,0.06,0.08,0.09,0.27,,,,
2013-07-26,,0.09,,,0.07,0.09,0.13,0.06,0.08,0.1,0.26,,,,
2013-07-29,,0.08,,,0.07,0.09,0.12,0.06,0.08,0.1,0.32,,,,
2013-07-30,,0.09,,,0.07,0.09,0.12,0.05,0.08,0.09,0.3,,,,
2013-07-31,,0.09,,,0.05,0.07,0.1,0.05,0.06,0.08,0.28,,,,
2013-08-01,,0.08,,,0.05,0.08,0.12,0.05,0.07,0.08,0.22,,,,
2013-08-02,,0.09,,,0.05,0.09,0.14,0.06,0.07,0.09,0.27,,,,
2013-08-05,,0.08,,,0.06,0.08,0.11,0.06,0.08,0.1,0.34,,,,
2013-08-06,,0.09,,,0.06,0.08,0.12,0.05,0.07,0.09,0.23,,,,
2013-08-07,,0.09,,,0.06,0.07,0.13,0.05,0.07,0.09,0.26,0.3,,,
2013-08-08,,0.09,,,0.09,0.11,0.14,0.05,0.07,0.09,0.3,0.31,,,
2013-08-09,,0.08,,,0.07,0.11,0.13,0.05,0.07,0.1,0.28,0.31,0.3,,
2013-08-12,,0.08,,,0.07,0.1,0.13,0.06,0.07,0.1,0.25,0.16,,,
2013-08-13,,0.08,,,0.07,0.09,0.14,0.05,0.07,,0.23,0.26,0.26,,
2013-08-14,,0.09,,,0.06,0.1,0.15,0.06,,,0.24,0.31,0.39,,
2013-08-15,,0.08,,,0.15,0.11,0.13,0.06,0.06,0.09,0.28,,,,
2013-08-16,,0.09,,,0.07,0.11,0.14,0.06,,,0.29,,,,
2013-08-19,,0.09,,,0.09,0.09,0.13,0.05,,0.09,0.27,0.29,,,
2013-08-20,,0.09,,,0.06,0.09,0.13,0.05,0.07,0.09,0.26,0.31,0.37,,
2013-08-21,,0.08,,,0.07,0.1,0.14,0.05,0.07,0.09,0.27,0.27,0.26,,
2013-08-22,,0.09,,,0.06,0.08,0.11,0.05,0.07,0.09,0.24,0.33,0.41,,
2013-08-23,,0.08,,,0.05,0.08,0.12,0.05,0.07,0.08,0.27,0.32,0.37,,
2013-08-26,,0.08,,,0.05,0.08,0.1,0.06,,0.09,0.28,0.31,0.33,,
2013-08-27,,0.07,,,0.05,0.06,0.08,0.05,0.07,0.08,0.24,0.24,0.24,,
2013-08-28,,0.07,,,0.04,0.07,0.11,0.06,0.06,0.07,0.26,0.33,,,
2013-08-29,,0.08,,,0.14,0.09,0.11,0.05,,0.07,0.23,,,,
2013-08-30,,0.07,,,0.06,0.07,0.11,0.05,0.06,0.08,0.27,,,,
2013-09-02,,,,,,,,,,,,,,,
2013-09-03,,0.09,,,0.06,0.08,0.11,0.05,0.07,0.08,0.26,0.23,,,
2013-09-04,,0.08,,,,0.09,0.13,0.05,0.07,0.09,0.22,0.25,,,
2013-09-05,,0.08,,,0.05,0.08,0.12,0.05,0.06,0.08,0.22,0.25,0.28,,
2013-09-06,,0.08,,,0.07,0.09,0.12,0.05,,0.09,0.26,,,,
2013-09-09,,0.08,,,0.06,0.09,0.1,0.05,0.05,0.07,0.26,0.28,0.31,,
2013-09-10,,0.08,,,0.15,0.09,0.12,0.05,0.06,0.08,0.24,0.26,0.3,,
2013-09-11,,0.08,,,0.07,0.09,0.11,0.05,0.06,0.09,0.22,0.27,0.31,,
2013-09-12,,0.08,,,0.07,0.1,0.11,0.05,0.06,0.09,0.27,0.26,0.25,,
2013-09-13,,0.08,,,0.06,0.09,0.11,0.05,0.06,0.08,0.25,0.33,0.42,,
2013-09-16,,0.08,,,0.06,0.09,0.11,0.05,0.08,0.1,0.26,0.29,,,
2013-09-17,,0.08,,,0.05,0.08,0.11,0.04,0.04,0.08,0.26,,,,
2013-09-18,,0.08,,,0.05,0.1,0.1,0.04,0.03,0.07,0.3,0.31,0.32,,
2013-09-19,,0.09,,,0.05,0.08,0.11,0.05,,0.09,0.3,0.29,0.29,,
2013-09-20,,0.08,,,0.05,0.08,0.12,0.05,0.06,0.07,0.27,0.27,0.26,,
2013-09-23,,0.09,,0.01,0.1,0.07,0.11,0.05,0.06,0.08,0.26,,,,
2013-09-24,,0.09,,0.01,0.06,0.09,0.12,,0.06,0.07,0.25,,,,
2013-09-25,,0.08,,0.01,0.04,0.07,0.11,0.05,0.06,0.08,0.25,0.25,,,
2013-09-26,,0.08,,0.01,0.06,0.07,0.1,0.04,0.07,0.09,0.25,0.25,,,
2013-09-27,,0.08,,0.01,0.04,0.08,0.15,,,,0.22,0.25,,,
2013-09-30,,0.06,,0.01,0.05,0.07,0.1,0.03,0.05,0.1,0.25,,,,
2013-10-01,,0.08,,0.01,,0.09,0.1,0.05,0.05,0.08,0.24,0.29,0.34,,
2013-10-02,,0.07,,0.01,,0.1,0.11,0.05,0.06,0.08,0.25,0.22,0.23,,
2013-10-03,,0.08,,0.01,,,0.1,0.05,0.05,0.1,0.25,0.28,0.31,,
2013-10-04,,0.08,,0.01,0.15,,0.11,0.05,0.07,0.09,0.29,0.29,0.33,,
2013-10-07,,0.08,,0.01,0.15,0.16,0.17,0.06,0.08,0.1,0.27,0.28,,,
2013-10-08,,0.08,,0.01,0.09,0.1,0.11,0.07,0.09,0.11,0.28,0.29,0.29,,
2013-10-09,,0.09,,0.01,0.08,0.1,0.13,0.09,0.12,0.14,0.27,0.3,0.32,,
2013-10-10,,0.09,,0.01,0.21,0.22,0.22,0.15,0.17,0.14,0.34,0.3,0.33,,
2013-10-11,,0.1,,0.01,0.07,0.2,0.12,0.14,0.15,0.16,0.39,0.39,0.37,,
2013-10-14,,,,,,,,,,,,,,,
2013-10-15,,0.1,,0.01,0.13,0.22,0.06,0.14,0.13,0.14,0.36,0.39,0.42,,
2013-10-16,,0.11,,0.01,0.21,0.17,0.26,0.15,0.17,0.19,0.38,0.39,0.4,,
2013-10-17,,0.1,,0.01,0.08,0.1,0.08,0.09,0.13,0.18,0.37,0.32,0.22,,
2013-10-18,,0.1,,0.01,0.08,0.11,0.14,0.07,0.08,,0.32,,0.21,,
2013-10-21,,0.09,,0.02,0.07,0.09,0.12,0.03,0.07,,0.28,0.32,0.36,,
2013-10-22,,0.08,,0.02,0.06,0.08,0.11,0.06,0.06,0.08,0.25,0.27,0.35,,
2013-10-23,,0.08,,0.02,0.06,0.08,0.1,0.04,0.06,0.08,0.36,0.32,,,
2013-10-24,,0.08,,0.02,0.08,0.11,0.14,0.05,0.05,0.08,0.23,0.25,,,
2013-10-25,,0.08,,0.02,0.07,0.08,0.1,0.05,0.09,0.07,0.24,0.26,0.29,,
2013-10-28,,0.08,,0.02,0.05,0.07,0.1,0.04,,,0.27,0.24,0.22,,
2013-10-29,,0.08,,0.02,0.06,0.08,0.11,0.05,0.06,,0.28,0.24,,,
2013-10-30,,0.08,,0.02,0.05,0.07,0.1,0.06,0.07,,0.25,,0.23,,
2013-10-31,,0.07,,0.02,0.05,0.08,0.11,0.06,0.06,0.09,0.26,,0.3,,
2013-11-01,,0.08,,0.02,0.04,0.08,0.11,0.05,0.05,0.06,0.34,0.3,0.24,,
2013-11-04,,0.08,,0.03,0.13,0.1,0.12,0.05,0.07,,0.27,0.24,0.23,,
2013-11-05,,0.08,,0.03,0.05,0.06,0.09,,0.06,,0.23,0.25,0.23,,
2013-11-06,,0.08,,0.03,0.06,0.08,0.1,0.02,,,0.25,,,,
2013-11-07,,0.08,,0.03,0.06,,0.11,0.05,0.06,,0.24,,,,
2013-11-08,,0.08,,0.03,0.07,0.1,0.13,0.05,0.09,,0.23,,,,
2013-11-11,,,,,,,,,,,,,,,
2013-11-12,,0.08,,0.04,0.08,0.1,0.12,0.05,0.07,,0.24,0.22,0.22,,
2013-11-13,,0.08,,0.04,0.07,0.09,0.12,0.06,0.07,0.09,0.25,0.26,,,
2013-11-14,,0.09,,0.04,0.08,0.09,0.11,0.05,0.08,,0.24,0.32,0.31,,
2013-11-15,,0.09,,0.04,0.09,0.09,0.12,0.06,0.06,0.1,0.25,0.32,,,
2013-11-18,,0.09,,0.04,0.07,0.1,0.14,0.05,0.08,0.1,0.25,0.33,0.27,,
2013-11-19,,0.09,,0.05,0.06,0.07,0.09,0.05,0.08,0.1,0.22,0.27,,,
2013-11-20,,0.09,,0.05,0.06,0.07,0.13,0.06,0.08,0.09,0.29,0.26,0.26,,
2013-11-21,,0.09,,0.05,0.07,0.1,0.13,0.08,0.06,,0.34,0.32,0.29,,
2013-11-22,,0.09,,0.05,0.11,0.12,0.12,0.05,,,0.26,0.27,0.22,,
2013-11-25,,0.09,,0.05,0.06,0.08,0.11,0.06,0.08,,0.25,0.31,0.38,,
2013-11-26,,0.09,,0.05,0.05,0.09,0.14,0.06,0.09,0.09,0.24,,,,
2013-11-27,,0.09,,0.05,0.09,0.11,0.13,0.08,0.09,0.1,0.25,0.25,,,
2013-11-28,,,,,,,,,,,,,,,
2013-11-29,,0.07,,0.05,0.06,0.1,0.13,0.05,,,0.24,,,,
2013-12-02,,0.09,,0.05,0.07,0.1,0.14,0.05,,0.1,0.26,0.3,0.34,,
2013-12-03,,0.09,,0.05,0.08,0.1,0.14,0.05,0.07,0.1,0.25,0.28,0.3,,
2013-12-04,,0.09,,0.05,0.08,0.11,0.14,0.04,0.05,0.11,0.25,0.24,0.22,,
2013-12-05,,0.09,,0.05,0.08,0.1,0.15,0.05,0.06,0.08,0.25,0.26,,,
2013-12-06,,0.09,,0.05,0.07,0.09,0.12,0.06,0.07,0.09,0.25,0.27,,,
2013-12-09,,0.09,,0.05,,0.12,0.14,0.08,0.08,0.09,0.27,0.29,0.32,,
2013-12-10,,0.09,,0.05,0.06,0.12,0.14,0.07,0.08,0.09,0.25,0.41,,,
2013-12-11,,0.08,,0.05,0.06,0.08,0.14,0.08,0.08,0.1,0.25,0.4,,,
2013-12-12,,0.09,,0.05,0.07,0.1,0.13,0.08,0.08,0.08,0.21,0.31,,,
2013-12-13,,0.08,,0.05,,0.11,0.13,0.08,0.08,0.08,0.24,0.28,0.31,,
2013-12-16,,0.09,,0.05,0.05,0.08,0.11,0.08,0.08,0.09,0.24,0.22,,,
2013-12-17,,0.09,,0.05,0.09,0.13,0.17,0.05,0.07,0.09,0.25,0.27,,,
2013-12-18,,0.09,,0.05,0.06,0.09,0.12,0.05,0.07,0.1,0.25,0.3,0.32,,
2013-12-19,,0.09,,0.05,0.06,0.13,0.16,0.09,0.08,0.09,0.25,0.27,0.27,,
2013-12-20,,0.09,,0.05,0.07,0.09,0.13,0.07,0.07,0.1,0.32,0.39,0.46,,
2013-12-23,,0.09,,0.03,0.12,0.12,0.13,0.05,0.08,,0.24,,,,
2013-12-24,,0.08,,0.03,0.04,0.1,0.12,,0.08,0.09,,,,,
2013-12-25,,,,,,,,,,,,,,,
2013-12-26,,0.08,,0.03,0.05,0.09,0.12,,,,0.2,0.23,0.25,,
2013-12-27,,0.08,,0.03,,0.07,0.14,,,,0.21,,,,
2013-12-30,,0.08,,0.03,0.06,0.07,0.14,,0.07,0.09,0.24,,0.19,,
2013-12-31,,0.07,,0.03,0.08,,0.14,0.03,,,0.21,,,,
2014-01-01,,,,,,,,,,,,,,,
2014-01-02,,0.08,,0.03,0.05,0.09,0.14,0.05,0.06,0.09,0.21,0.27,0.33,,
2014-01-03,,0.08,,0.03,0.05,0.1,0.14,0.06,0.07,0.09,0.25,0.27,0.29,,
2014-01-06,,0.08,,0.03,0.07,0.11,0.12,0.05,0.07,,0.23,0.25,0.28,,
2014-01-07,,0.07,,0.03,0.07,0.11,0.14,0.05,0.07,0.11,0.22,0.25,0.28,,
2014-01-08,,0.07,,0.03,0.13,,0.17,0.04,0.06,0.11,0.25,0.26,0.29,,
2014-01-09,,0.07,,0.03,0.08,0.11,0.14,0.05,0.04,0.1,0.25,0.27,0.29,,
2014-01-10,,0.07,,0.03,0.06,0.08,0.1,0.05,0.06,0.09,0.27,0.27,0.28,,
2014-01-13,,0.07,,0.03,0.06,0.09,0.12,0.05,0.07,0.1,0.27,0.25,0.34,,
2014-01-14,,0.07,,0.03,0.06,0.07,0.1,0.05,0.06,0.09,0.23,0.23,0.22,,
2014-01-15,,0.07,,0.03,,0.07,0.1,0.05,0.07,0.09,0.24,0.27,0.3,,
2014-01-16,,0.07,,0.03,0.08,0.09,0.12,0.05,0.04,0.09,0.25,0.27,0.29,,
2014-01-17,,0.07,,0.03,,0.07,0.1,0.04,0.07,0.1,0.25,0.27,0.29,,
2014-01-20,,,,,,,,,,,,,,,
2014-01-21,,0.07,,0.03,0.07,0.09,0.11,0.06,,,0.27,0.29,0.3,,
2014-01-22,,0.07,,0.03,,0.09,0.13,0.04,0.08,0.1,0.24,0.26,0.28,,
2014-01-23,,0.07,,0.03,,0.1,0.14,0.04,0.04,0.08,0.24,0.28,,,
2014-01-24,,0.07,,0.03,0.07,0.1,0.12,0.03,0.05,0.09,0.23,0.28,,,
2014-01-27,,0.07,,0.03,0.04,0.07,0.11,0.04,0.08,0.11,0.23,,,,
2014-01-28,,0.07,,0.03,0.07,0.1,0.12,0.04,0.07,0.1,0.24,,,,
2014-01-29,,0.07,,0.03,,0.09,0.12,0.06,0.08,0.1,0.25,0.33,,,
2014-01-30,,0.07,,0.03,,0.1,0.13,0.05,0.05,0.07,0.27,0.29,,,
2014-01-31,,0.07,,0.03,,0.09,0.13,0.05,0.06,0.08,0.28,0.46,0.65,,
2014-02-03,,0.07,,0.03,,0.11,0.13,0.05,0.06,0.08,0.24,0.3,0.36,,
2014-02-04,,0.07,,0.03,,0.11,0.14,0.06,0.08,0.1,0.21,0.27,,,
2014-02-05,,0.07,,0.03,,0.12,0.15,0.06,0.08,0.1,0.23,0.26,0.28,,
2014-02-06,,0.07,,0.03,0.11,0.1,0.14,0.05,0.07,0.1,0.25,0.27,0.29,,
2014-02-07,,0.06,,0.03,,0.12,0.15,0.06,0.08,0.1,0.23,0.21,0.18,,
2014-02-10,,0.07,,0.03,0.06,0.1,0.15,0.07,0.1,0.12,0.23,0.2,,,
2014-02-11,,0.06,,0.03,0.08,0.12,0.14,0.05,0.08,0.12,0.34,0.27,0.2,,
2014-02-12,,0.07,,0.03,0.08,0.12,0.14,0.06,0.08,0.12,0.24,0.22,0.2,,
2014-02-13,,0.06,,0.03,0.06,0.12,0.15,0.06,0.09,0.11,0.25,0.22,0.19,,
2014-02-14,,0.06,,0.03,0.06,0.09,0.12,0.06,0.08,0.11,0.25,0.25,0.22,,
2014-02-17,,,,,,,,,,,,,,,
2014-02-18,,0.07,,0.04,0.07,0.1,0.12,0.06,0.09,0.12,0.26,0.23,0.19,,
2014-02-19,,0.07,,0.04,0.05,0.09,0.12,0.05,0.08,0.1,0.25,0.23,0.2,,
2014-02-20,,0.07,,0.04,0.07,0.11,0.14,0.05,,0.11,0.24,0.27,,,
2014-02-21,,0.07,,0.04,0.08,0.11,0.14,0.06,0.09,,0.25,,,,
2014-02-24,,0.07,,0.04,0.05,0.11,0.12,0.05,0.07,0.09,0.25,0.24,,,
2014-02-25,,0.07,,0.04,0.06,,0.11,0.06,0.08,0.1,0.24,0.25,0.25,,
2014-02-26,,0.07,,0.05,0.05,0.1,0.12,0.05,0.07,0.1,0.23,0.26,0.28,,
2014-02-27,,0.07,,0.05,0.07,0.1,0.13,0.06,0.07,0.09,0.24,0.17,,,
2014-02-28,,0.06,,0.05,0.06,0.09,0.13,0.05,0.07,0.09,0.26,0.29,0.31,,
2014-03-03,,0.07,,0.05,0.07,0.1,0.14,0.06,0.08,0.1,0.23,0.26,0.29,,
2014-03-04,,0.07,,0.05,0.05,0.08,0.13,0.06,0.07,0.09,0.23,0.29,,,
2014-03-05,,0.08,,0.05,0.06,0.09,0.13,,0.07,0.09,0.25,0.23,0.22,,
2014-03-06,,0.08,,0.05,0.09,0.08,0.12,0.08,0.08,0.1,0.22,0.24,0.26,,
2014-03-07,,0.08,,0.05,,0.09,0.13,0.07,0.08,0.1,0.23,0.27,0.3,,
2014-03-10,,0.08,,0.05,0.06,,0.11,0.05,0.07,0.1,0.24,0.21,0.23,,
2014-03-11,,0.08,,0.05,0.08,0.1,0.12,0.06,0.09,0.11,0.22,0.25,0.27,,
2014-03-12,,0.08,,0.05,0.08,0.1,0.12,0.07,0.08,0.09,0.25,0.14,0.34,,
2014-03-13,,0.08,,0.05,0.07,,0.13,0.05,0.07,0.09,0.26,0.3,0.29,,
2014-03-14,,0.08,,0.05,,,0.11,0.04,0.08,0.1,0.24,,0.29,,
2014-03-17,,0.08,,0.05,0.07,,0.1,0.07,0.09,0.1,0.31,0.28,0.25,,
2014-03-18,,0.08,,0.05,,0.11,0.12,0.06,0.08,0.09,0.24,0.28,0.32,,
2014-03-19,,0.08,,0.05,0.08,0.1,0.13,0.06,0.08,0.1,0.24,0.29,,,
2014-03-20,,0.08,,0.05,0.06,0.11,0.12,,,0.09,0.24,0.28,0.33,,
2014-03-21,,0.08,,0.05,0.08,0.1,0.12,0.06,0.07,0.1,0.23,0.25,0.27,,
2014-03-24,,0.09,,0.05,0.07,0.1,0.12,0.06,0.08,0.1,0.3,0.31,0.32,,
2014-03-25,,0.09,,0.05,0.06,0.09,0.11,,0.07,0.1,0.29,0.3,0.31,,
2014-03-26,,0.08,,0.05,0.07,0.09,0.1,0.06,0.08,0.1,0.25,0.27,0.29,,
2014-03-27,,0.08,,0.05,0.06,0.11,0.13,0.06,0.08,0.1,0.24,0.27,,,
2014-03-28,,0.08,,0.05,0.06,0.1,0.13,0.06,0.08,0.1,0.26,0.28,0.36,,
2014-03-31,,0.06,,0.05,0.07,0.1,0.14,0.06,0.08,0.1,0.24,0.23,,,
2014-04-01,,0.08,,0.05,0.09,0.13,0.17,0.05,0.08,0.1,0.26,0.21,0.23,,
2014-04-02,,0.09,,0.05,0.08,0.1,0.12,0.06,0.08,0.1,0.23,0.24,0.25,,
2014-04-03,,0.08,,0.05,0.08,0.1,0.13,0.05,0.07,0.09,0.23,0.26,0.29,,
2014-04-04,,0.08,,0.05,0.07,0.09,0.12,0.06,0.08,0.1,0.25,0.32,,,
2014-04-07,,0.09,,0.05,0.07,0.09,0.13,0.06,0.07,0.09,0.24,0.32,0.4,,
2014-04-08,,0.08,,0.05,,0.09,0.11,0.06,0.07,0.09,0.24,0.32,0.42,,
2014-04-09,,0.08,,0.05,0.06,0.09,0.11,0.05,0.08,0.1,0.23,0.26,0.29,,
2014-04-10,,0.08,,0.05,0.07,0.1,0.12,0.05,0.07,0.1,0.24,0.29,0.33,,
2014-04-11,,0.09,,0.05,0.06,0.1,0.14,0.05,0.07,0.1,0.23,,0.25,,
2014-04-14,,0.09,,0.05,,0.1,0.13,0.07,0.08,0.11,0.26,0.27,,,
2014-04-15,,0.1,,0.05,0.13,0.1,0.14,0.05,0.05,,0.26,0.28,0.31,,
2014-04-16,,0.09,,0.05,0.08,0.11,0.14,0.05,0.07,0.1,0.27,0.34,0.41,,
2014-04-17,,0.09,,,0.06,,0.12,0.07,0.08,0.1,0.26,0.27,,,
2014-04-18,,0.1,,,,,,,,,,,,,
2014-04-21,,0.1,,0.05,0.08,0.08,0.12,0.06,0.07,0.09,0.22,0.2,,,
2014-04-22,,0.1,,0.05,0.05,0.08,0.11,0.05,0.07,0.1,0.26,0.39,0.51,,
2014-04-23,,0.1,,0.05,0.05,0.08,0.11,0.06,0.07,0.1,0.24,0.27,0.3,,
2014-04-24,,0.1,,0.05,0.05,0.07,0.1,0.05,0.07,0.1,0.24,0.25,0.25,,
2014-04-25,,0.09,,0.05,0.06,,0.11,0.04,0.07,0.07,0.25,0.25,,,
2014-04-28,,0.09,,0.05,0.06,0.07,0.1,0.06,0.07,0.1,0.26,0.26,,,
2014-04-29,,0.1,,0.05,0.06,0.07,0.11,0.05,0.07,0.09,0.2,0.22,,,
2014-04-30,,0.09,,0.05,0.08,0.08,0.1,0.05,0.07,0.1,0.24,0.19,0.14,,
2014-05-01,,0.09,,0.05,0.08,0.08,0.11,0.05,0.07,0.1,0.23,0.21,0.18,,
2014-05-02,,0.09,,0.05,,0.09,0.1,0.06,0.07,0.09,0.24,0.26,0.29,,
2014-05-05,,0.09,,0.05,0.09,0.1,0.11,0.05,0.07,0.09,0.24,0.36,,,
2014-05-06,,0.09,,0.05,0.08,0.04,0.09,0.05,0.07,0.09,0.25,0.37,0.49,,
2014-05-07,,0.08,,0.05,0.06,0.09,0.12,0.05,0.08,0.09,0.24,0.27,0.29,,
2014-05-08,,0.08,,0.05,0.08,0.1,0.12,0.03,0.08,0.09,0.23,0.25,0.27,,
2014-05-09,,0.08,,0.05,0.08,0.1,0.12,0.05,0.07,0.1,0.25,0.36,,,
2014-05-12,,0.08,,0.05,0.06,0.08,0.11,0.07,0.08,0.09,0.23,0.26,0.29,,
2014-05-13,,0.09,,0.05,0.08,0.1,0.13,0.05,0.07,0.09,0.21,0.23,,,
2014-05-14,,0.08,,0.05,0.07,0.09,0.11,0.06,0.07,0.09,0.22,0.27,0.31,,
2014-05-15,,0.09,,0.05,0.11,0.1,0.12,0.06,0.08,0.1,0.24,0.27,0.29,,
2014-05-16,,0.09,,0.05,0.09,0.11,0.12,0.05,0.07,0.1,0.24,0.27,,,
2014-05-19,,0.09,,0.05,0.06,0.08,0.11,0.05,0.08,0.1,0.23,0.21,,,
2014-05-20,,0.09,,0.05,0.05,0.07,0.1,0.05,0.08,0.1,0.21,0.23,,,
2014-05-21,,0.09,,0.05,0.07,0.08,0.1,0.05,0.08,0.1,0.23,0.31,,,
2014-05-22,,0.09,,0.05,0.05,0.07,0.11,0.05,0.06,0.09,0.24,0.25,,,
2014-05-23,,0.09,,0.05,0.05,0.08,0.1,0.06,0.06,,0.21,0.33,0.45,,
2014-05-26,,,,,,,,,,,,,,,
2014-05-27,,0.09,,0.05,0.06,0.06,0.09,0.06,0.08,0.1,0.22,0.29,,,
2014-05-28,,0.09,,0.05,,0.07,0.1,0.06,0.07,0.1,0.23,0.3,0.38,,
2014-05-29,,0.09,,0.05,0.07,,0.11,0.06,0.08,0.1,0.23,0.26,,,
2014-05-30,,0.08,,0.05,0.04,0.06,0.09,0.05,0.07,0.1,0.24,0.21,0.18,,
2014-06-02,,0.09,,0.05,0.09,0.1,0.1,0.06,0.08,0.1,0.23,,,,
2014-06-03,,0.1,,0.05,0.11,0.11,0.1,0.07,0.09,0.1,0.24,0.25,0.27,,
2014-06-04,,0.09,,0.05,0.06,0.07,0.1,0.06,0.08,0.1,0.21,,,,
2014-06-05,,0.09,,0.05,0.05,0.07,0.11,0.05,0.08,0.1,0.22,0.25,0.29,,
2014-06-06,,0.09,,0.05,0.09,,0.1,0.06,0.07,0.09,0.23,0.23,0.23,,
2014-06-09,,0.09,,0.05,0.08,,0.12,0.05,0.07,0.09,0.22,0.24,0.26,,
2014-06-10,,0.09,,0.05,0.05,0.09,0.1,0.05,0.09,0.1,0.23,0.24,,,
2014-06-11,,0.09,,0.05,0.09,0.11,0.12,0.07,0.09,0.11,0.24,0.27,0.3,,
2014-06-12,,0.09,,0.05,,0.09,0.11,,0.08,0.09,0.24,0.26,0.28,,
2014-06-13,,0.1,,0.05,0.07,0.07,0.1,0.05,,0.1,0.25,0.28,,,
2014-06-16,,0.1,,0.05,0.08,0.09,0.1,0.09,0.07,0.1,0.24,0.26,0.28,,
2014-06-17,,0.1,,0.05,0.08,0.07,0.1,0.09,0.11,0.12,0.25,0.27,0.29,,
2014-06-18,,0.1,,0.05,0.06,0.08,0.12,0.05,0.07,0.1,0.25,0.28,0.3,,
2014-06-19,,0.1,,0.05,0.05,0.09,0.11,,0.08,0.1,0.25,,0.3,,
2014-06-20,,0.1,,0.05,0.06,0.08,0.11,0.06,0.08,0.1,0.23,0.25,0.26,,
2014-06-23,,0.1,,0.05,0.07,0.07,0.1,0.08,0.09,0.1,0.24,0.21,0.19,,
2014-06-24,,0.1,,0.05,0.05,0.08,0.11,0.07,0.08,0.1,0.24,,0.19,,
2014-06-25,,0.1,,0.05,0.05,0.07,0.1,0.05,0.07,0.1,0.23,,0.28,,
2014-06-26,,0.1,,0.05,0.08,,0.12,0.06,0.08,0.1,0.24,0.28,,,
2014-06-27,,0.1,,0.05,0.06,,0.11,0.08,0.09,,0.25,0.27,0.29,,
2014-06-30,,0.09,,0.05,0.06,0.09,0.11,0.06,0.08,0.1,0.25,0.28,,,
2014-07-01,,0.1,,0.05,0.07,0.09,0.11,0.06,0.08,0.1,0.3,0.35,0.41,,
2014-07-02,,0.1,,0.05,0.1,0.12,0.14,0.06,0.08,0.1,0.25,0.31,,,
2014-07-03,,0.09,,0.05,,0.09,0.13,0.05,0.07,0.1,0.26,,,,
2014-07-04,,,,,,,,,,,,,,,
2014-07-07,,0.1,,0.05,0.08,0.11,0.14,0.06,0.07,0.1,0.24,0.22,,,
2014-07-08,,0.09,,0.05,,0.08,0.13,0.06,0.08,0.1,0.25,0.23,0.2,,
2014-07-09,,0.09,,0.05,0.07,0.08,0.13,0.05,0.08,0.1,0.22,0.24,,,
2014-07-10,,0.09,,0.05,0.1,0.12,0.14,0.08,0.08,0.1,0.26,0.3,0.34,,
2014-07-11,,0.09,,0.05,0.09,0.1,0.11,0.06,0.05,0.09,0.24,0.24,,,
2014-07-14,,0.09,,0.05,0.06,0.09,0.13,0.1,0.08,0.1,0.24,,,,
2014-07-15,,0.09,,0.05,0.05,0.08,0.11,0.06,0.08,0.1,0.23,0.32,0.4,,
2014-07-16,,0.09,,0.05,0.12,,0.15,0.1,0.1,0.11,0.25,0.33,0.4,,
2014-07-17,,0.09,,0.05,0.1,0.11,0.13,0.08,0.08,0.1,0.24,,0.41,,
2014-07-18,,0.09,,0.05,,0.09,0.11,0.07,0.09,0.11,0.25,,0.27,,
2014-07-21,,0.1,,0.05,0.06,0.09,0.13,0.06,0.08,0.11,0.23,0.2,,,
2014-07-22,,0.09,,0.05,0.09,0.11,0.12,0.11,0.14,0.15,0.23,0.29,,,
2014-07-23,,0.09,,0.05,0.08,0.1,0.12,0.08,0.09,0.1,0.25,,,,
2014-07-24,,0.09,,0.05,0.1,0.08,0.12,0.07,0.08,0.09,0.25,,,,
2014-07-25,,0.09,,0.05,0.09,0.11,0.12,0.08,0.09,0.11,0.25,0.24,0.23,,
2014-07-28,,0.09,,0.05,0.09,0.11,0.13,0.07,0.08,0.1,0.21,0.22,0.25,,
2014-07-29,,0.09,,0.05,0.08,0.07,0.11,0.07,0.08,0.1,0.24,0.24,0.25,,
2014-07-30,,0.09,,0.05,0.07,0.1,0.12,0.08,0.08,0.11,0.24,,,,
2014-07-31,,0.08,,0.05,0.06,0.09,0.12,0.07,0.12,0.09,0.24,,,,
2014-08-01,,0.09,,0.05,0.08,0.11,0.13,0.06,0.08,0.09,0.24,0.23,,,
2014-08-04,,0.09,,0.05,0.11,,0.12,0.07,0.11,0.13,0.23,,,,
2014-08-05,,0.09,,0.05,0.08,,0.13,0.08,0.1,0.12,0.26,0.35,,,
2014-08-06,,0.09,,0.05,,0.08,0.1,0.08,0.1,0.12,0.23,0.22,0.2,,
2014-08-07,,0.09,,0.05,0.12,,0.13,0.07,0.07,0.12,0.25,0.27,,,
2014-08-08,,0.09,,0.05,0.08,0.09,0.11,0.08,0.08,0.1,0.24,0.3,,,
2014-08-11,,0.09,,0.05,0.13,0.11,0.14,0.07,0.1,0.11,0.23,,0.23,,
2014-08-12,,0.09,,0.05,0.07,0.1,0.12,0.07,0.08,0.1,0.25,,0.31,,
2014-08-13,,0.09,,0.05,,0.1,0.12,0.08,0.09,0.1,0.22,0.23,,,
2014-08-14,,0.09,,0.05,0.09,0.12,0.14,0.07,0.09,0.1,0.22,0.21,0.21,,
2014-08-15,,0.09,,0.05,,0.11,0.12,0.07,0.09,0.11,0.23,0.2,0.17,,
2014-08-18,,0.09,,0.05,0.1,0.12,0.13,0.07,0.09,0.12,0.24,0.26,0.29,,
2014-08-19,,0.09,,0.05,0.07,,0.12,0.09,0.1,0.11,0.25,0.35,,,
2014-08-20,,0.09,,0.05,0.09,,0.13,0.13,,0.09,0.25,0.3,,,
2014-08-21,,0.09,,0.05,0.09,0.11,0.15,0.12,0.11,0.11,0.23,0.25,0.28,,
2014-08-22,,0.09,,0.05,0.09,0.12,0.14,0.07,0.08,0.1,0.23,0.27,0.31,,
2014-08-25,,0.09,,0.05,0.09,0.12,0.13,0.08,0.09,0.11,0.26,0.35,,,
2014-08-26,,0.09,,0.05,0.07,0.11,0.13,0.07,0.1,0.12,0.21,0.28,0.35,,
2014-08-27,,0.09,,0.05,0.07,0.12,0.14,0.07,0.09,0.11,0.25,0.3,,,
2014-08-28,,0.09,,0.05,0.08,0.11,0.13,0.07,0.1,0.12,0.24,0.23,0.22,,
2014-08-29,,0.07,,0.05,0.07,0.12,0.13,0.06,0.09,0.11,0.25,0.29,,,
2014-09-01,,,,,,,,,,,,,,,
2014-09-02,,0.09,,0.05,0.07,0.11,0.13,0.07,0.08,0.09,0.26,0.28,0.3,,
2014-09-03,,0.09,,0.05,0.08,0.09,0.11,0.07,0.09,0.12,0.26,0.28,0.3,,
2014-09-04,,0.09,,0.05,0.1,0.12,0.14,0.1,0.09,0.1,0.23,0.26,0.28,,
2014-09-05,,0.09,,0.05,,0.11,0.13,0.06,,0.09,0.24,0.27,0.31,,
2014-09-08,,0.09,,0.05,0.12,,0.12,0.07,,0.1,0.23,0.25,0.26,,
2014-09-09,,0.09,,0.05,0.07,0.12,0.14,0.07,0.08,0.09,0.22,0.22,,,
2014-09-10,,0.09,,0.05,0.13,0.09,0.1,0.08,0.08,0.1,0.23,0.29,0.34,,
2014-09-11,,0.09,,0.05,0.09,0.1,0.12,0.06,0.08,0.1,0.24,0.27,0.3,,
2014-09-12,,0.09,,0.05,,0.09,0.15,0.07,0.08,0.1,0.24,0.27,0.31,,
2014-09-15,,0.09,,0.05,0.1,0.11,0.14,0.07,0.08,0.1,0.25,0.28,0.31,,
2014-09-16,,0.09,,0.05,0.08,0.1,0.11,0.07,0.08,0.1,0.25,0.28,0.3,,
2014-09-17,,0.09,,0.05,0.08,0.1,0.12,,0.09,0.11,0.24,0.25,0.27,,
2014-09-18,,0.09,,0.05,0.09,0.11,0.13,0.03,0.07,0.1,0.25,0.29,0.32,,
2014-09-19,,0.09,,0.05,0.08,0.1,0.12,,,,0.25,0.26,,,
2014-09-22,,0.09,,0.05,0.12,0.11,0.1,0.06,,,0.26,0.3,0.34,,
2014-09-23,,0.09,,0.05,0.08,0.1,0.12,0.06,0.08,0.1,0.23,0.26,0.27,,
2014-09-24,,0.09,,0.05,,0.09,0.11,0.06,0.08,,0.25,0.27,0.29,,
2014-09-25,,0.09,,0.05,,,0.1,0.06,0.06,,0.24,,0.3,,
2014-09-26,,0.09,,0.05,0.08,,0.13,0.04,0.07,0.1,0.24,,,,
2014-09-29,,0.08,,0.05,,,0.13,0.06,0.08,0.09,0.24,0.27,,,
2014-09-30,,0.07,,0.0,0.06,,0.11,0.04,0.05,0.05,0.26,0.27,,,
2014-10-01,,0.09,,0.05,0.07,0.09,0.12,0.05,0.07,0.09,0.25,0.36,,,
2014-10-02,,0.09,,0.05,0.08,0.09,0.1,0.06,0.08,0.11,0.24,0.29,,,
2014-10-03,,0.09,,0.05,0.08,0.1,0.13,0.06,0.08,0.11,0.24,0.29,,,
2014-10-06,,0.09,,0.05,0.08,0.11,0.13,0.06,0.07,0.09,0.26,0.33,0.4,,
2014-10-07,,0.09,,0.05,0.08,0.1,0.12,0.06,0.07,0.1,0.26,0.28,0.3,,
2014-10-08,,0.09,,0.05,0.09,,0.13,,,0.1,0.26,,,,
2014-10-09,,0.08,,0.05,0.09,0.11,0.13,0.06,0.08,0.1,0.27,0.31,0.32,,
2014-10-10,,0.09,,0.05,0.13,0.11,0.12,0.06,,0.1,0.24,0.29,0.34,,
2014-10-13,,,,,,,,,,,,,,,
2014-10-14,,0.09,,0.05,,,0.12,0.08,,0.1,0.25,0.28,0.34,,
2014-10-15,,0.09,,0.05,,0.11,0.14,0.07,,0.09,0.24,0.28,0.32,,
2014-10-16,,0.09,,0.05,0.1,0.1,0.09,0.07,0.07,0.09,0.27,0.35,0.35,,
2014-10-17,,0.09,,0.05,0.07,0.09,0.11,0.07,0.09,0.12,0.26,,,,
2014-10-20,,0.09,,0.05,,,0.13,0.07,0.07,,0.25,0.3,0.36,,
2014-10-21,,0.09,,0.05,0.08,,0.12,0.06,0.09,0.11,0.27,0.3,,,
2014-10-22,,0.09,,0.05,0.1,,0.14,0.06,0.08,0.09,0.28,0.31,0.33,,
2014-10-23,,0.09,,0.05,0.1,0.11,0.12,0.05,0.09,0.11,0.28,0.32,0.36,,
2014-10-24,,0.09,,0.05,0.07,0.09,0.11,0.06,0.06,,0.53,0.32,0.34,,
2014-10-27,,0.09,,0.05,0.07,0.09,0.11,0.07,0.07,0.08,0.26,0.29,0.32,,
2014-10-28,,0.09,,0.05,0.07,0.09,0.12,0.06,0.07,0.08,0.26,0.31,0.33,,
2014-10-29,,0.09,,0.05,,0.09,0.12,0.04,0.08,0.1,0.29,0.31,,,
2014-10-30,,0.09,,0.05,,0.11,0.13,0.06,0.08,0.11,0.27,0.29,,,
2014-10-31,,0.07,,0.05,0.07,0.09,0.11,0.06,0.07,0.07,0.26,0.31,,,
2014-11-03,,0.09,,0.03,0.09,0.11,0.13,0.07,0.09,0.12,0.27,0.28,0.43,,
2014-11-04,,0.1,,0.03,0.07,0.1,0.12,0.06,0.08,0.08,0.28,0.3,0.32,,
2014-11-05,,0.09,,0.03,0.08,0.09,0.12,0.07,0.09,0.11,0.28,0.3,,,
2014-11-06,,0.09,,0.03,0.08,0.12,0.13,0.11,0.07,0.09,0.27,0.3,0.33,,
2014-11-07,,0.09,,0.03,0.13,0.13,0.15,0.06,0.06,0.06,0.26,0.31,0.36,,
2014-11-10,,0.09,,0.03,,0.14,0.13,0.06,0.09,0.11,0.29,0.31,0.33,,
2014-11-11,,,,,,,,,,,,,,,
2014-11-12,,0.09,,0.03,0.08,0.11,0.12,0.07,0.08,0.09,0.3,0.32,0.35,,
2014-11-13,,0.09,,0.03,0.08,0.09,0.13,0.07,0.07,0.09,0.28,0.33,0.4,,
2014-11-14,,0.09,,0.03,,0.1,0.12,0.07,0.07,0.09,0.31,0.38,0.45,,
2014-11-17,,0.1,,0.07,0.1,0.11,0.14,0.08,0.09,0.09,0.31,0.36,0.41,,
2014-11-18,,0.11,,0.07,,0.11,0.12,0.07,0.09,0.09,0.32,0.35,0.38,,
2014-11-19,,0.1,,0.07,,0.09,0.13,0.07,0.07,0.1,0.31,0.4,,,
2014-11-20,,0.1,,0.07,0.09,0.12,0.14,0.06,0.11,0.12,0.32,0.35,,,
2014-11-21,,0.1,,0.07,0.1,0.12,0.14,0.08,0.08,,0.32,0.37,0.37,,
2014-11-24,,0.1,,0.07,,0.12,0.14,0.05,,,0.33,0.38,0.44,,
2014-11-25,,0.1,,0.07,0.09,0.12,0.13,0.07,0.08,0.09,0.34,,,,
2014-11-26,,0.1,,0.07,0.08,0.12,0.15,0.07,0.11,0.1,0.35,0.43,0.48,,
2014-11-27,,,,,,,,,,,,,,,
2014-11-28,,0.08,,0.07,,0.13,0.15,,,,0.32,0.4,,,
2014-12-01,,0.13,,0.1,,0.12,0.15,0.1,0.12,0.14,0.36,0.37,0.46,,
2014-12-02,,0.12,,0.1,0.11,0.12,0.13,0.09,0.12,0.14,0.35,0.38,0.41,,
2014-12-03,,0.12,,0.1,,0.13,0.14,0.09,0.11,0.13,0.35,0.42,0.46,,
2014-12-04,,0.12,,0.1,,0.12,0.15,0.1,0.09,0.11,0.31,0.37,0.42,,
2014-12-05,,0.12,,0.1,0.11,0.12,0.14,0.12,0.12,0.12,0.34,0.38,0.43,,
2014-12-08,,0.12,,0.1,0.12,0.13,0.14,0.11,0.08,0.11,0.38,0.4,0.42,,
2014-12-09,,0.12,,0.1,0.12,0.14,0.15,0.11,0.11,0.11,0.36,0.39,0.4,,
2014-12-10,,0.12,,0.1,0.11,0.16,0.14,0.12,0.11,0.11,0.38,0.42,0.45,,
2014-12-11,,0.12,,0.1,0.12,0.14,0.16,0.12,0.12,0.13,0.41,0.4,0.38,,
2014-12-12,,0.12,,0.1,0.12,0.14,0.16,0.1,0.11,0.12,0.4,0.43,0.47,,
2014-12-15,,0.11,,0.05,,0.15,0.16,0.08,0.1,0.11,0.43,0.51,0.5,,
2014-12-16,,0.12,,0.05,0.09,0.12,0.15,0.09,0.1,0.12,0.44,0.48,0.5,,
2014-12-17,,0.13,,0.05,0.09,0.14,0.16,0.13,0.14,0.14,0.48,0.49,,,
2014-12-18,,0.13,,0.05,,,0.15,0.12,0.14,0.17,0.51,0.52,0.54,,
2014-12-19,,0.13,,0.05,0.09,0.13,0.17,,0.1,,0.55,0.54,0.51,,
2014-12-22,,0.13,,0.05,0.12,0.14,0.17,0.05,,,0.58,0.61,0.65,,
2014-12-23,,0.13,,0.05,0.11,0.15,0.13,,,,0.62,0.62,0.62,,
2014-12-24,,0.13,,0.05,0.1,0.14,0.17,0.15,,,0.64,0.64,,,
2014-12-25,,,,,,,,,,,,,,,
2014-12-26,,0.13,,0.05,,0.13,0.17,,,,0.62,,,,
2014-12-29,,0.13,,0.05,0.1,0.14,0.17,0.17,,,0.63,0.61,,,
2014-12-30,,0.13,,0.05,,0.14,0.16,0.08,,,0.56,,,,
2014-12-31,,0.06,,0.05,,,0.18,,,,0.39,,,,
2015-01-01,,,,,,,,,,,,,,,
2015-01-02,,0.12,,0.05,0.12,0.14,0.16,0.13,,,0.51,0.36,0.68,,
2015-01-05,,0.12,,0.05,,0.13,0.16,0.09,0.11,,0.48,0.46,0.52,,
2015-01-06,,0.12,,0.05,,0.18,0.17,0.08,0.08,,0.42,0.4,,,
2015-01-07,,0.12,,0.05,0.12,0.14,0.17,0.09,0.14,,0.4,0.48,0.57,,
2015-01-08,,0.12,,0.05,0.15,0.14,0.16,0.08,0.08,,0.45,,0.57,,
2015-01-09,,0.12,,0.05,,0.15,0.17,,,0.09,0.44,0.47,0.45,,
2015-01-12,,0.12,,0.05,,0.14,0.17,0.13,0.13,0.11,0.4,0.47,0.53,,
2015-01-13,,0.12,,0.05,,0.14,0.17,0.13,0.13,0.14,0.44,0.49,0.47,,
2015-01-14,,0.12,,0.05,0.13,0.16,0.17,0.13,0.11,0.11,0.43,0.48,0.53,,
2015-01-15,,0.12,,0.05,,0.13,0.15,0.06,0.09,0.12,0.46,0.52,0.55,,
2015-01-16,,0.13,,0.05,0.14,0.13,0.14,0.09,0.09,0.12,0.4,0.4,,,
2015-01-19,,,,,,,,,,,,,,,
2015-01-20,,0.12,,0.05,0.1,0.13,0.17,0.08,0.1,0.13,0.43,0.46,0.5,,
2015-01-21,,0.12,,0.05,0.1,0.13,0.17,0.1,0.1,0.12,0.37,0.42,0.47,,
2015-01-22,,0.12,,0.05,,0.12,0.15,0.09,0.09,0.12,0.38,0.39,,,
2015-01-23,,0.12,,0.05,0.1,0.12,0.14,0.07,0.08,0.12,0.4,0.45,0.49,,
2015-01-26,,0.12,,0.05,,0.12,0.16,0.08,0.1,0.14,0.41,0.46,0.47,,
2015-01-27,,0.11,,0.05,0.1,0.13,0.16,0.09,0.11,0.13,0.42,0.47,,,
2015-01-28,,0.12,,0.05,,0.12,0.15,0.06,0.09,0.12,0.43,0.41,0.38,,
2015-01-29,,0.11,,0.05,,0.13,0.16,0.09,0.08,0.13,0.4,0.45,,,
2015-01-30,,0.06,,0.05,,0.12,0.15,,0.07,,0.37,0.46,,,
2015-02-02,,0.12,,0.05,,,0.16,0.09,0.11,,0.43,,0.44,,
2015-02-03,,0.12,,0.05,0.1,0.12,0.16,0.07,,,0.45,0.37,0.49,,
2015-02-04,,0.11,,0.05,,0.12,0.15,0.09,0.11,0.14,0.39,0.47,0.5,,
2015-02-05,,0.12,,0.05,,0.12,0.15,0.07,0.09,0.12,0.39,0.44,0.49,,
2015-02-06,,0.11,,0.05,,0.14,0.17,0.09,0.1,0.13,0.43,0.46,,,
2015-02-09,,0.12,,0.05,0.1,0.12,0.14,0.08,0.07,0.11,0.41,0.45,,,
2015-02-10,,0.12,,0.05,0.1,0.13,0.17,0.09,0.1,0.11,0.38,0.44,0.53,,
2015-02-11,,0.12,,0.05,0.1,,0.16,0.07,0.08,0.11,0.38,0.44,0.51,,
2015-02-12,,0.12,,0.05,0.1,0.13,0.16,0.08,0.09,0.11,0.4,0.37,0.49,,
2015-02-13,,0.12,,0.05,0.09,0.11,0.13,0.08,0.1,0.12,0.4,0.45,0.52,,
2015-02-16,,,,,,,,,,,,,,,
2015-02-17,,0.12,,0.05,0.11,0.15,0.19,0.08,0.09,0.12,0.42,0.42,,,
2015-02-18,,0.12,,0.05,0.09,0.11,0.14,0.08,0.08,0.12,0.43,0.46,0.48,,
2015-02-19,,0.12,,0.05,,0.11,0.15,0.02,0.09,0.11,0.43,0.46,0.5,,
2015-02-20,,0.12,,0.05,,0.11,0.14,0.07,0.1,0.14,0.39,0.43,,,
2015-02-23,,0.11,,0.05,0.09,0.11,0.14,0.08,0.04,0.14,0.37,0.42,0.52,,
2015-02-24,,0.11,,0.05,0.1,0.11,0.14,0.07,0.1,0.12,0.43,0.36,0.45,,
2015-02-25,,0.11,,0.05,,0.11,0.15,0.07,0.09,0.12,0.39,0.25,0.46,,
2015-02-26,,0.11,,0.05,0.09,0.11,0.14,0.08,0.1,0.12,0.47,0.47,0.48,,
2015-02-27,,0.06,,0.05,0.09,0.12,0.15,0.08,,,0.49,0.49,0.52,,
2015-03-02,,0.12,,0.05,0.1,0.12,0.14,0.07,,,0.42,0.45,,,
2015-03-03,,0.12,,0.05,0.09,0.11,0.14,,,,0.48,0.5,0.51,,
2015-03-04,,0.11,,0.05,,0.11,0.14,0.07,0.08,,0.48,0.52,0.58,,
2015-03-05,,0.11,,0.05,0.08,0.11,0.13,0.07,,,0.52,0.49,,,
2015-03-06,,0.12,,0.05,,0.11,0.14,0.08,,0.1,0.5,0.69,,,
2015-03-09,,0.12,,0.05,0.09,0.18,0.13,0.08,0.1,0.11,0.54,0.55,,,
2015-03-10,,0.12,,0.05,0.1,0.18,0.18,0.08,0.08,0.1,0.55,0.54,0.58,,
2015-03-11,,0.11,,0.05,0.1,0.14,0.14,0.08,,,0.53,0.66,,,
2015-03-12,,0.11,,0.05,0.1,0.11,0.14,0.06,,0.1,0.52,0.59,,,
2015-03-13,,0.11,,0.05,,0.1,0.12,0.1,,0.14,0.58,0.62,,,
2015-03-16,,0.12,,0.05,0.08,,0.15,0.09,,,0.61,0.61,0.61,,
2015-03-17,,0.12,,0.05,0.09,0.11,0.14,,0.09,,0.59,0.58,0.57,,
2015-03-18,,0.11,,0.05,0.09,0.11,0.14,,0.07,,0.58,0.66,0.75,,
2015-03-19,,0.12,,0.05,0.08,0.11,0.14,,,,0.58,0.6,,,
2015-03-20,,0.12,,0.05,0.09,0.11,0.13,0.08,,,0.58,0.55,,,
2015-03-23,,0.12,,0.05,0.08,0.12,0.15,0.09,0.1,,0.58,0.58,,,
2015-03-24,,0.11,,0.05,0.09,0.1,0.14,0.08,0.07,0.09,0.58,0.61,,,
2015-03-25,,0.12,,0.05,0.09,0.11,0.14,0.08,0.08,0.09,0.53,0.6,0.67,,
2015-03-26,,0.11,,0.05,,0.17,0.2,0.09,0.11,0.13,0.55,0.58,,,
2015-03-27,,0.12,,0.05,0.09,0.12,0.15,0.09,0.1,0.1,0.56,0.62,,,
2015-03-30,,0.12,,0.05,,,,0.08,0.11,,0.52,0.53,,,
2015-03-31,,0.06,,0.05,,0.13,0.16,0.06,0.08,,0.49,0.51,0.53,,
2015-04-01,,0.12,,0.05,0.08,0.12,0.15,0.08,0.09,0.11,0.53,0.57,0.65,,
2015-04-02,,0.12,,,,0.1,0.13,0.08,0.09,,0.5,0.54,0.59,,
2015-04-03,,0.12,,,,,,,,,,,,,
2015-04-06,,0.13,,0.05,0.09,0.1,0.13,0.07,0.08,,0.53,0.61,0.7,,
2015-04-07,,0.12,,0.05,0.08,0.11,0.14,0.07,0.09,0.1,0.5,0.6,0.69,,
2015-04-08,,0.12,,0.05,,0.11,0.13,0.08,0.08,0.11,0.48,0.56,0.64,,
2015-04-09,,0.12,,0.05,0.09,0.11,0.13,0.07,0.08,0.11,0.49,0.58,0.7,,
2015-04-10,,0.12,,0.05,0.1,0.12,0.15,0.06,0.09,0.11,0.59,0.52,0.6,,
2015-04-13,,0.13,,0.05,0.07,0.09,0.13,0.08,0.07,0.09,0.5,0.54,0.58,,
2015-04-14,,0.13,,0.05,0.08,0.09,0.11,0.08,0.08,0.08,0.52,0.53,,,
2015-04-15,,0.13,,0.05,0.09,0.1,0.12,0.07,0.09,0.11,0.57,0.56,0.61,,
2015-04-16,,0.13,,0.05,0.1,,0.12,0.08,0.08,0.1,0.49,0.57,,,
2015-04-17,,0.13,,0.05,0.07,,0.12,0.08,0.09,0.1,0.51,,,,
2015-04-20,,0.13,,0.05,0.1,0.13,0.15,0.07,0.08,0.11,0.51,0.54,0.51,,
2015-04-21,,0.13,,0.05,,,0.13,0.07,0.08,0.1,0.51,0.52,0.53,,
2015-04-22,,0.13,,0.05,0.07,0.09,0.12,0.07,0.09,0.11,0.5,0.56,0.67,,
2015-04-23,,0.13,,0.05,0.09,0.1,0.13,0.05,0.08,0.1,0.46,0.51,0.55,,
2015-04-24,,0.13,,0.05,0.1,,0.12,0.08,0.07,0.09,0.52,0.56,0.6,,
2015-04-27,,0.13,,0.05,0.09,,0.13,0.05,0.08,0.1,0.46,0.5,0.53,,
2015-04-28,,0.13,,0.05,0.07,0.09,0.12,0.07,0.06,0.09,0.46,0.52,0.53,,
2015-04-29,,0.13,,0.05,0.08,0.08,0.11,0.08,0.06,0.09,0.44,0.58,0.73,,
2015-04-30,,0.08,,0.05,0.06,0.08,0.12,0.08,0.09,0.1,0.45,0.55,0.64,,
2015-05-01,,0.13,,0.05,0.01,0.02,0.06,0.09,0.08,0.1,0.45,0.54,,,
2015-05-04,,0.13,,0.05,0.07,0.11,0.14,0.09,0.1,0.11,0.46,0.49,,,
2015-05-05,,0.13,,0.05,0.07,0.1,0.12,0.08,0.09,0.1,0.46,0.5,0.55,,
2015-05-06,,0.13,,0.05,0.08,0.1,0.13,0.07,0.09,0.1,0.44,0.49,0.55,,
2015-05-07,,0.13,,0.05,0.08,0.1,0.14,0.08,0.09,0.1,0.48,0.58,0.67,,
2015-05-08,,0.13,,0.05,0.09,0.17,0.19,0.09,0.12,0.15,0.46,0.53,0.58,,
2015-05-11,,0.13,,0.05,0.1,0.13,0.17,0.09,0.12,0.14,0.43,0.49,0.54,,
2015-05-12,,0.13,,0.05,0.08,0.12,0.14,0.06,0.09,0.13,0.43,0.51,0.55,,
2015-05-13,,0.13,,0.05,0.1,0.12,0.15,0.08,0.08,0.11,0.54,0.39,0.47,,
2015-05-14,,0.13,,0.05,0.09,0.11,0.15,0.09,0.12,0.12,0.45,0.49,,,
2015-05-15,,0.13,,0.05,0.1,0.12,0.14,0.07,0.09,0.1,0.44,0.51,0.56,,
2015-05-18,,0.13,,0.05,0.1,0.14,0.19,0.11,0.14,0.16,0.44,0.49,0.54,,
2015-05-19,,0.12,,0.05,0.09,0.13,0.17,0.08,0.09,0.13,0.42,0.46,0.53,,
2015-05-20,,0.12,,0.05,0.08,0.16,0.17,0.07,0.09,0.12,0.4,0.46,0.59,,
2015-05-21,,0.12,,0.05,0.08,0.12,0.14,0.08,0.06,,0.45,0.47,0.52,,
2015-05-22,,0.13,,0.05,0.15,0.12,0.16,0.08,,0.14,0.43,0.49,0.54,,
2015-05-25,,,,,,,,,,,,,,,
2015-05-26,,0.12,,0.05,,0.13,0.15,0.1,0.1,0.08,0.44,0.54,0.66,,
2015-05-27,,0.12,,0.05,0.09,0.12,0.17,0.08,,0.1,0.44,0.45,,,
2015-05-28,,0.12,,0.05,0.08,0.12,0.16,0.08,,,0.42,0.42,,,
2015-05-29,,0.08,,0.05,0.1,0.13,0.17,0.09,,,0.44,0.42,,,
2015-06-01,,0.12,,0.05,0.09,0.12,0.16,0.09,0.09,0.09,0.44,0.49,0.56,,
2015-06-02,,0.12,,0.05,0.09,0.13,0.18,0.08,0.09,0.09,0.45,0.5,0.54,,
2015-06-03,,0.13,,0.05,0.09,0.12,0.17,0.08,0.09,0.11,0.43,,0.58,,
2015-06-04,,0.13,,0.05,0.13,,0.17,0.07,0.05,0.1,0.44,0.44,,,
2015-06-05,,0.13,,0.05,0.1,0.13,0.17,,0.08,0.11,0.44,0.53,0.62,,
2015-06-08,,0.13,,0.05,0.12,,0.16,0.12,0.15,0.17,0.48,0.49,0.47,,
2015-06-09,,0.13,,0.05,0.1,0.14,0.19,0.09,0.12,0.15,0.45,0.5,0.56,,
2015-06-10,,0.13,,0.05,0.12,0.15,0.19,0.11,0.11,0.11,0.46,0.33,,,
2015-06-11,,0.13,,0.05,0.11,0.14,0.2,0.08,0.09,0.13,0.48,0.52,,,
2015-06-12,,0.13,,0.05,0.1,0.12,0.18,,0.08,0.13,0.45,0.49,0.51,,
2015-06-15,,0.13,,0.05,0.1,0.16,0.17,,,,0.45,0.52,,,
2015-06-16,,0.14,,0.05,0.11,0.15,0.2,0.09,0.07,0.1,0.47,0.49,0.51,,
2015-06-17,,0.14,,0.05,0.11,0.15,0.21,,0.15,0.19,0.48,0.49,,,
2015-06-18,,0.14,,0.05,0.11,0.15,0.19,0.08,0.08,0.13,0.46,0.51,,,
2015-06-19,,0.13,,0.05,0.12,0.16,0.2,0.08,,,0.46,0.51,0.55,,
2015-06-22,,0.13,,0.05,0.15,,0.2,0.11,0.14,0.18,0.46,0.48,,,
2015-06-23,,0.13,,0.05,0.11,0.14,0.17,,0.08,,0.43,0.49,0.55,,
2015-06-24,,0.13,,0.05,0.1,0.15,0.19,0.09,0.13,0.18,0.41,0.5,0.49,,
2015-06-25,,0.13,,0.05,0.12,0.14,0.17,0.1,,0.19,0.42,0.49,,,
2015-06-26,,0.13,,0.05,0.08,0.14,0.19,0.08,,,0.43,0.46,,,
2015-06-29,,0.14,,0.05,0.11,0.15,0.18,0.09,0.11,0.16,0.46,,,,
2015-06-30,,0.08,,0.05,0.08,0.14,0.18,0.09,0.14,0.18,0.41,,,,
2015-07-01,,0.13,,0.05,0.09,0.12,0.17,0.08,0.09,0.11,0.45,0.48,0.51,,
2015-07-02,,0.13,,0.05,0.11,0.14,0.18,0.08,0.09,0.12,0.46,0.49,0.51,,
2015-07-03,,0.13,,,,,,,,,,,,,
2015-07-06,,0.13,,0.05,0.09,0.09,0.12,0.1,0.11,,0.44,0.5,0.53,,
2015-07-07,,0.13,,0.05,0.12,0.19,0.18,0.09,,,0.45,0.52,0.58,,
2015-07-08,,0.13,,0.05,,0.13,0.18,0.1,0.09,,0.47,0.51,0.56,,
2015-07-09,,0.13,,0.05,,0.14,0.18,0.04,0.11,0.12,0.45,0.48,0.5,,
2015-07-10,,0.13,,0.05,0.11,0.12,0.14,0.11,,,0.45,0.58,0.71,,
2015-07-13,,0.13,,0.05,0.11,0.13,0.19,0.1,,,0.42,0.5,0.51,,
2015-07-14,,0.13,,0.05,0.15,0.14,0.2,0.09,0.1,0.11,0.47,0.48,0.49,,
2015-07-15,,0.13,,0.05,0.1,0.15,0.2,0.06,0.09,,0.44,0.48,0.53,,
2015-07-16,,0.14,,0.05,0.11,0.14,0.18,0.08,0.1,0.12,0.44,0.49,0.54,,
2015-07-17,,0.13,,0.05,0.11,0.15,0.19,0.08,,0.13,0.45,0.47,0.48,,
2015-07-20,,0.14,,0.05,0.11,0.15,0.2,0.07,,,0.44,0.49,0.52,,
2015-07-21,,0.13,,0.05,0.11,0.15,0.2,0.08,0.08,,0.45,0.46,,,
2015-07-22,,0.13,,0.05,0.12,0.15,0.28,0.08,0.12,0.15,0.44,0.5,0.56,,
2015-07-23,,0.13,,0.05,0.1,0.16,0.21,0.08,0.09,,0.43,0.52,0.55,,
2015-07-24,,0.13,,0.05,0.12,0.16,0.21,0.1,0.15,0.19,0.42,0.46,,,
2015-07-27,,0.14,,0.05,0.07,0.18,0.23,0.1,0.08,0.14,0.47,0.52,,,
2015-07-28,,0.14,,0.05,0.07,0.16,0.2,0.08,0.09,0.12,0.45,0.49,,,
2015-07-29,,0.14,,0.05,0.12,0.16,0.22,0.07,0.08,0.09,0.46,0.48,,,
2015-07-30,,0.14,,0.05,0.11,0.16,0.21,0.09,0.11,0.13,0.42,,,,
2015-07-31,,0.08,,0.05,0.11,0.16,0.21,0.08,0.1,0.11,0.45,0.44,0.42,,
2015-08-03,,0.14,,0.05,0.09,0.15,0.22,0.09,0.12,,0.43,0.47,0.52,,
2015-08-04,,0.14,,0.05,0.11,0.16,0.21,0.07,0.11,0.12,0.35,0.47,0.54,,
2015-08-05,,0.14,,0.05,0.09,0.18,0.29,0.13,0.11,0.15,0.41,,,,
2015-08-06,,0.14,,0.05,0.11,0.18,0.23,0.08,0.1,0.13,0.41,0.5,,,
2015-08-07,,0.14,,0.05,0.13,0.19,0.25,0.05,0.09,0.13,0.41,,,,
2015-08-10,,0.14,,0.05,0.11,0.19,0.24,0.11,0.14,0.18,0.43,0.48,0.53,,
2015-08-11,,0.15,,0.05,0.14,0.18,0.23,0.08,0.14,0.18,0.46,0.52,,,
2015-08-12,,0.15,,0.05,0.15,0.15,0.27,0.1,0.13,0.16,0.42,,,,
2015-08-13,,0.15,,0.05,0.12,0.19,0.24,0.09,0.13,0.17,0.43,0.45,0.48,,
2015-08-14,,0.14,,0.05,0.18,0.21,0.24,0.11,0.14,0.18,0.43,0.46,,,
2015-08-17,,0.15,,0.05,0.12,0.22,0.29,0.11,0.16,,0.42,0.46,,,
2015-08-18,,0.15,,0.05,0.12,0.21,0.3,0.11,0.16,0.22,0.42,0.49,,,
2015-08-19,,0.15,,0.05,0.18,0.22,0.3,0.11,0.16,0.23,0.44,0.5,,,
2015-08-20,,0.15,,0.05,0.17,0.23,0.26,0.1,0.16,0.22,0.42,0.5,,,
2015-08-21,,0.15,,0.05,0.11,0.19,0.26,0.12,,,0.43,0.49,0.55,,
2015-08-24,,0.15,,0.05,0.13,0.23,0.28,0.11,0.16,0.21,0.42,0.46,0.5,,
2015-08-25,,0.15,,0.05,0.13,0.21,0.28,0.11,0.15,0.19,0.43,0.5,0.51,,
2015-08-26,,0.14,,0.05,0.18,0.24,0.3,0.11,0.15,,0.42,0.43,,,
2015-08-27,,0.14,,0.05,0.14,0.22,0.28,0.11,0.15,0.18,0.44,0.49,,,
2015-08-28,,0.14,,0.05,,0.19,0.24,0.12,0.19,0.26,0.41,0.47,0.53,,
2015-08-31,,0.08,,0.05,0.11,0.21,0.29,0.1,0.13,,0.41,0.45,0.5,,
2015-09-01,,0.14,,0.05,0.13,0.22,0.3,0.11,0.15,0.19,0.39,0.38,,,
2015-09-02,,0.14,,0.05,,0.22,0.28,0.13,0.16,,0.42,0.46,,,
2015-09-03,,0.14,,0.05,,,0.28,0.12,0.15,0.2,0.41,0.47,0.52,,
2015-09-04,,0.14,,0.05,,0.2,0.27,,,,0.43,0.48,,,
2015-09-07,,,,,,,,,,,,,,,
2015-09-08,,0.14,,0.05,0.15,0.23,0.24,0.13,0.18,0.23,0.41,0.51,0.56,,
2015-09-09,,0.14,,0.05,0.13,0.21,0.29,0.12,,,0.41,0.5,0.59,,
2015-09-10,,0.14,,0.05,0.15,0.22,0.29,0.15,0.18,0.22,0.42,0.52,,,
2015-09-11,,0.14,,0.05,,0.22,0.28,0.14,0.21,0.25,0.45,0.46,,,
2015-09-14,,0.14,,0.05,0.15,0.21,0.27,0.16,0.19,0.25,0.46,0.52,0.58,,
2015-09-15,,0.14,,0.05,0.22,0.22,0.29,0.16,0.21,0.26,0.45,0.56,0.67,,
2015-09-16,,0.14,,0.05,,0.22,0.3,0.16,0.21,0.27,0.47,0.55,0.61,,
2015-09-17,,0.14,,0.05,,0.23,0.29,0.15,0.2,0.26,0.44,0.56,0.68,,
2015-09-18,,0.14,,0.05,0.15,0.22,0.3,0.11,,,0.44,0.52,0.59,,
2015-09-21,,0.14,,0.05,0.18,0.21,0.28,0.14,,,0.39,0.42,0.39,,
2015-09-22,,0.14,,0.05,0.12,0.19,0.26,,0.15,0.18,0.44,0.62,,,
2015-09-23,,0.14,,0.05,0.16,0.21,0.28,0.13,0.16,0.2,0.42,0.46,0.5,,
2015-09-24,,0.14,,0.05,0.14,0.2,0.26,0.13,0.13,0.19,0.41,0.45,0.49,,
2015-09-25,,0.13,,0.05,0.14,0.21,0.27,0.13,0.17,0.2,0.41,0.53,,,
2015-09-28,,0.13,,0.05,,,0.25,0.12,0.12,0.2,0.41,0.47,,,
2015-09-29,,0.13,,0.05,0.13,0.16,0.22,0.11,0.14,0.22,0.42,0.51,,,
2015-09-30,,0.07,,0.05,,0.2,0.27,0.12,0.13,0.2,0.39,0.48,,,
2015-10-01,,0.13,,0.05,0.1,0.21,0.26,0.11,0.14,0.2,0.43,0.45,0.5,,
2015-10-02,,0.13,,0.05,0.15,0.21,0.27,0.11,0.13,0.18,0.41,0.49,0.51,,
2015-10-05,,0.13,,0.05,0.14,0.21,0.27,0.11,0.14,0.19,0.42,0.45,,,
2015-10-06,,0.13,,0.05,0.15,0.22,0.27,0.11,0.13,0.2,0.41,0.46,,,
2015-10-07,,0.13,,0.05,0.1,0.21,0.28,0.12,0.14,0.18,0.38,0.45,0.51,,
2015-10-08,,0.13,,0.05,0.13,0.19,0.26,0.11,0.13,0.18,0.42,0.46,0.49,,
2015-10-09,,0.13,,0.05,,0.2,0.26,0.11,0.15,0.2,0.42,0.45,0.49,,
2015-10-12,,,,,,,,,,,,,,,
2015-10-13,,0.13,,0.05,0.14,0.21,0.27,0.1,0.13,0.2,0.4,0.47,0.5,,
2015-10-14,,0.13,,0.05,,0.2,0.26,0.15,0.15,0.18,0.39,0.47,0.55,,
2015-10-15,,0.13,,0.05,,0.16,0.23,0.1,0.14,0.18,0.4,0.45,0.5,,
2015-10-16,,0.13,,0.05,0.12,0.18,0.25,0.1,0.14,0.17,0.38,0.44,,,
2015-10-19,,0.13,,0.05,,0.17,0.24,0.1,0.13,0.18,0.41,0.46,0.51,,
2015-10-20,,0.13,,0.05,0.15,0.19,0.25,0.12,0.13,0.15,0.41,,,,
2015-10-21,,0.13,,0.05,0.13,0.18,0.24,0.1,0.15,0.2,0.37,0.4,,,
2015-10-22,,0.12,,0.05,0.14,0.19,0.24,0.12,0.16,0.19,0.39,0.49,,,
2015-10-23,,0.12,,0.05,0.12,0.18,0.24,0.15,0.14,0.18,0.43,0.5,0.57,,
2015-10-26,,0.12,,0.05,,0.17,0.25,0.09,0.13,0.18,0.41,0.47,0.53,,
2015-10-27,,0.12,,0.05,0.12,0.17,0.23,0.09,0.16,0.2,0.4,0.47,0.53,,
2015-10-28,,0.12,,0.05,,0.18,0.24,0.14,0.18,0.14,0.43,0.44,,,
2015-10-29,,0.12,,0.05,,0.19,0.25,0.09,0.14,0.19,0.4,0.45,,,
2015-10-30,,0.07,,0.05,,,0.26,0.07,0.12,,0.4,0.43,,,
2015-11-02,,0.12,,0.05,0.14,,0.28,0.1,0.15,0.19,0.42,0.44,0.49,,
2015-11-03,,0.12,,0.05,,0.19,0.24,0.1,0.14,0.14,0.41,0.47,0.53,,
2015-11-04,,0.12,,0.05,,0.18,0.25,0.08,0.13,0.17,0.4,0.47,0.54,,
2015-11-05,,0.12,,0.05,0.12,0.16,0.25,0.1,0.15,0.19,0.4,0.42,,,
2015-11-06,,0.12,,0.05,0.12,0.17,0.26,0.11,0.14,,0.42,0.48,,,
2015-11-09,,0.12,,0.05,0.12,,0.28,0.09,0.15,0.2,0.4,0.5,,,
2015-11-10,,0.12,,0.05,0.12,0.19,0.3,0.11,0.15,0.22,0.4,0.49,0.53,,
2015-11-11,,,,,,,,,,,,,,,
2015-11-12,,0.12,,0.05,0.13,,0.27,0.1,0.14,0.16,0.41,0.54,0.67,,
2015-11-13,,0.12,,0.05,0.12,,0.28,0.08,0.14,,0.41,0.57,,,
2015-11-16,,0.13,,0.05,0.13,0.2,0.3,0.1,0.14,,0.48,0.48,0.48,,
2015-11-17,,0.13,,0.05,,0.21,0.31,0.09,0.15,0.22,0.46,0.54,0.52,,
2015-11-18,,0.12,,0.05,,0.22,0.31,0.1,0.15,0.21,0.46,0.53,0.5,,
2015-11-19,,0.12,,0.05,0.14,0.21,0.31,0.11,0.14,0.24,0.45,0.55,0.58,,
2015-11-20,,0.12,,0.05,0.14,0.22,0.3,0.12,0.17,0.24,0.43,0.55,0.59,,
2015-11-23,,0.12,,0.05,0.16,0.24,0.34,0.11,0.17,0.22,0.46,0.58,,,
2015-11-24,,0.12,,0.05,0.12,0.23,0.33,0.13,,0.23,0.46,0.58,,,
2015-11-25,,0.12,,0.05,,0.24,0.35,0.11,0.18,0.23,0.46,,,,
2015-11-26,,,,,,,,,,,,,,,
2015-11-27,,0.12,,0.05,0.15,0.24,,,,,0.37,,,,
2015-11-30,,0.08,,0.05,,0.25,0.38,0.15,0.21,,0.49,0.61,,,
2015-12-01,,0.13,,0.05,0.15,0.28,0.43,0.16,0.22,0.29,0.48,0.6,0.6,,
2015-12-02,,0.13,,0.05,0.19,0.31,0.4,0.16,0.2,0.24,0.53,0.65,0.63,,
2015-12-03,,0.13,,0.05,0.17,0.31,0.41,0.18,0.24,0.31,0.53,0.78,0.52,,
2015-12-04,,0.13,,0.05,,0.36,0.46,0.17,0.25,,0.53,,,,
2015-12-07,,0.13,,0.05,0.24,0.38,0.48,0.2,0.27,0.32,0.59,0.64,,,
2015-12-08,,0.13,,0.05,,0.36,0.51,0.24,0.33,0.26,0.6,0.68,,,
2015-12-09,,0.14,,0.05,0.23,0.37,0.52,0.3,0.35,0.38,0.65,0.7,,,
2015-12-10,,0.14,,0.05,0.23,0.37,0.48,0.25,0.36,0.37,0.64,,,,
2015-12-11,,0.14,,0.05,,0.37,0.63,0.31,0.37,,0.72,,,,
2015-12-14,,0.15,,0.05,0.3,0.47,0.64,0.32,0.35,0.43,0.75,,,,
2015-12-15,,0.15,,0.05,0.32,0.44,0.56,0.32,0.37,,0.8,0.83,0.83,,
2015-12-16,,0.15,,0.05,0.35,0.46,0.58,0.34,,,0.81,0.87,0.94,,
2015-12-17,,0.37,,0.25,0.35,0.46,0.55,0.34,0.38,0.43,0.76,0.91,0.93,,
2015-12-18,,0.37,,0.25,0.39,0.48,0.56,0.41,0.42,,0.87,0.8,,,
2015-12-21,,0.36,,0.25,,0.49,0.58,0.33,,,0.84,,,,
2015-12-22,,0.36,,0.25,0.37,0.49,0.59,0.32,,,0.83,1.09,,,
2015-12-23,,0.36,,0.25,0.39,0.48,0.58,0.34,0.39,0.44,0.82,0.92,1.04,,
2015-12-24,,0.36,,0.25,0.39,,0.58,0.24,,,0.74,,,,
2015-12-25,,,,,,,,,,,,,,,
2015-12-28,,0.36,,0.25,,,0.57,,,,0.79,0.84,0.93,,
2015-12-29,,0.36,,0.25,,,0.57,0.32,0.34,,1.08,,,,
2015-12-30,,0.35,,0.25,,,0.57,0.33,0.38,0.42,0.82,,,,
2015-12-31,,0.2,,0.25,0.4,,0.54,0.34,0.38,0.42,0.86,,,,
2016-01-01,,,,,,,,,,,,,,,
2016-01-04,,0.36,,0.25,0.41,0.48,0.57,0.33,0.39,0.52,0.79,0.8,,,
2016-01-05,,0.36,,0.25,0.4,0.47,0.6,0.35,0.38,0.44,0.73,0.8,0.88,,
2016-01-06,,0.36,,0.25,0.35,0.47,0.62,0.33,0.38,0.43,0.74,0.79,0.85,,
2016-01-07,,0.36,,0.25,0.39,0.48,0.57,0.34,0.36,0.46,0.69,0.89,,,
2016-01-08,,0.36,,0.25,0.39,0.48,0.58,0.31,0.38,0.45,0.75,0.75,,,
2016-01-11,,0.36,,0.25,,0.52,0.62,0.32,0.38,0.43,0.75,0.79,,,
2016-01-12,,0.36,,0.25,0.33,0.45,0.56,0.36,0.4,0.45,0.74,0.75,0.86,,
2016-01-13,,0.36,,0.25,0.34,0.44,0.58,0.35,0.4,0.47,0.76,0.71,,,
2016-01-14,,0.36,,0.25,0.36,0.47,0.57,0.34,0.41,0.48,0.7,0.82,,,
2016-01-15,,0.36,,0.25,,0.48,0.56,0.36,0.41,0.49,0.77,0.89,,,
2016-01-18,,,,,,,,,,,,,,,
2016-01-19,,0.36,,0.25,0.38,0.46,0.55,0.33,0.41,0.47,0.74,0.82,0.9,,
2016-01-20,,0.37,,0.25,0.38,0.46,0.55,0.33,0.4,0.47,0.74,0.82,0.9,,
2016-01-21,,0.37,,0.25,0.37,0.47,0.57,0.34,0.4,0.48,0.75,0.88,,,
2016-01-22,,0.38,,0.25,0.41,0.48,0.56,0.34,0.42,0.49,0.76,0.89,0.98,,
2016-01-25,,0.38,,0.25,0.42,0.47,0.55,0.33,0.43,0.45,0.66,0.96,0.85,,
2016-01-26,,0.38,,0.25,0.41,0.46,0.54,0.35,0.41,0.53,0.79,0.91,1.03,,
2016-01-27,,0.38,,0.25,0.33,0.44,0.54,0.31,0.38,0.45,0.74,0.84,,,
2016-01-28,,0.38,,0.25,0.4,0.46,0.53,0.31,0.41,0.45,0.82,,,,
2016-01-29,,0.29,,0.25,,0.48,0.59,0.34,0.39,0.46,0.73,,,,
2016-02-01,,0.38,,0.25,0.4,0.46,0.53,0.36,0.42,0.47,0.79,0.8,0.89,,
2016-02-02,,0.38,,0.25,0.41,0.47,0.53,0.36,0.4,0.46,0.82,0.91,0.99,,
2016-02-03,,0.38,,0.25,0.39,0.43,0.51,0.36,0.4,0.45,0.84,0.88,,,
2016-02-04,,0.38,,0.25,0.4,0.45,0.52,0.34,0.4,0.43,0.78,0.79,0.94,,
2016-02-05,,0.38,,0.25,0.42,0.49,0.55,0.35,0.42,0.44,0.8,0.88,,,
2016-02-08,,0.38,,0.25,0.41,0.45,0.53,0.36,0.41,0.46,0.79,0.83,0.87,,
2016-02-09,,0.38,,0.25,,0.45,0.54,0.36,0.44,0.48,0.79,0.85,,,
2016-02-10,,0.38,,0.25,0.43,0.51,0.6,0.35,0.45,0.51,0.81,0.78,,,
2016-02-11,,0.38,,0.25,0.39,0.45,0.5,0.32,0.44,0.45,0.78,0.89,1.0,,
2016-02-12,,0.38,,0.25,0.41,0.47,0.53,0.35,0.41,0.44,0.72,0.81,,,
2016-02-15,,,,,,,,,,,,,,,
2016-02-16,,0.38,,0.25,0.4,0.46,0.52,0.36,0.43,0.5,0.77,,,,
2016-02-17,,0.37,,0.25,0.43,0.5,0.56,0.35,0.4,0.48,0.81,1.02,1.24,,
2016-02-18,,0.38,,0.25,0.4,0.45,0.54,0.34,0.39,0.47,0.74,0.84,0.93,,
2016-02-19,,0.38,,0.25,0.41,0.46,0.51,0.36,0.42,0.48,0.79,1.0,1.26,,
2016-02-22,,0.38,,0.25,0.41,0.46,0.52,0.36,0.43,0.49,0.81,0.9,0.99,,
2016-02-23,,0.38,,0.25,0.44,0.52,0.6,0.39,0.4,0.45,0.83,0.9,0.99,,
2016-02-24,,0.38,,0.25,0.42,0.47,0.54,0.36,0.42,0.47,0.82,0.91,0.99,,
2016-02-25,,0.37,,0.25,0.43,0.5,0.57,0.36,0.45,0.5,0.75,0.85,,,
2016-02-26,,0.37,,0.25,0.42,0.48,0.54,0.34,0.39,0.45,0.76,0.85,0.95,,
2016-02-29,,0.29,,0.25,,0.45,0.54,0.35,0.42,0.48,0.81,0.84,,,
2016-03-01,,0.36,,0.25,0.4,0.46,0.53,0.34,0.4,0.48,0.74,,,,
2016-03-02,,0.37,,0.25,0.43,0.5,0.57,0.35,0.42,0.52,0.78,,,,
2016-03-03,,0.37,,0.25,0.37,0.44,0.58,0.33,0.45,0.51,0.83,0.87,,,
2016-03-04,,0.36,,0.25,0.42,0.49,0.55,0.36,0.43,0.47,0.83,0.97,,,
2016-03-07,,0.36,,0.25,0.34,0.46,0.56,0.34,0.41,0.48,0.83,0.85,,,
2016-03-08,,0.36,,0.25,0.4,0.48,0.56,0.34,0.4,0.47,0.84,0.87,,,
2016-03-09,,0.36,,0.25,0.39,0.46,0.56,0.34,0.42,0.46,0.77,0.86,0.93,,
2016-03-10,,0.36,,0.25,0.42,0.49,0.56,0.34,0.42,0.43,0.78,0.84,0.9,,
2016-03-11,,0.36,,0.25,0.4,,0.57,0.35,0.42,0.48,0.76,0.78,,,
2016-03-14,,0.36,,0.25,0.43,,0.59,0.34,0.4,0.46,0.76,0.71,0.66,,
2016-03-15,,0.37,,0.25,0.42,0.5,0.57,0.33,0.39,0.46,0.83,0.74,0.65,,
2016-03-16,,0.37,,0.25,0.4,0.42,0.53,0.32,0.38,0.44,0.86,0.84,0.66,,
2016-03-17,,0.37,,0.25,0.41,0.45,0.56,0.32,0.39,0.45,0.84,0.81,0.79,,
2016-03-18,,0.37,,0.25,0.41,0.5,0.58,0.34,0.37,0.43,0.77,0.84,,,
2016-03-21,,0.37,,0.25,0.43,0.5,0.56,0.35,0.42,0.48,0.78,0.84,0.88,,
2016-03-22,,0.37,,0.25,0.34,0.41,0.49,0.34,0.4,0.46,0.84,,,,
2016-03-23,,0.37,,0.25,0.43,0.5,0.57,0.33,0.38,0.44,0.89,0.84,0.74,,
2016-03-24,,0.37,,,0.41,0.45,0.5,0.35,0.4,0.46,0.8,,,,
2016-03-25,,0.37,,,,,0.54,,,,,,,,
2016-03-28,,0.37,,0.25,0.39,0.45,0.53,0.34,0.37,0.48,0.75,,,,
2016-03-29,,0.37,,0.25,0.43,0.51,0.58,0.3,0.38,0.46,0.75,0.71,0.68,,
2016-03-30,,0.37,,0.25,0.44,0.51,0.58,0.3,0.38,0.46,0.78,0.86,0.79,,
2016-03-31,,0.25,,0.25,,,0.47,0.32,0.38,0.46,0.79,,,,
2016-04-01,,0.37,,0.25,0.39,0.4,0.49,0.33,0.38,0.48,0.74,,,,
2016-04-04,,0.37,,0.25,0.44,0.51,0.58,0.32,0.37,0.44,0.75,0.93,,,
2016-04-05,,0.37,,0.25,0.44,0.51,0.57,0.34,0.39,0.45,0.78,0.82,0.86,,
2016-04-06,,0.37,,0.25,0.36,0.36,0.45,0.33,0.39,0.5,0.82,0.8,,,
2016-04-07,,0.37,,0.25,0.43,0.5,0.57,0.34,0.39,0.45,0.74,0.71,,,
2016-04-08,,0.37,,0.25,,0.41,0.51,0.33,0.41,0.5,0.71,0.85,,,
2016-04-11,,0.37,,0.25,,0.49,0.57,0.33,0.38,0.48,0.78,0.83,0.89,,
2016-04-12,,0.37,,0.25,0.44,0.51,0.58,0.35,0.4,0.47,0.75,0.75,0.76,,
2016-04-13,,0.37,,0.25,,0.47,0.53,0.35,0.38,0.45,0.77,0.8,0.76,,
2016-04-14,,0.37,,0.25,0.32,0.42,0.52,0.36,0.41,0.47,0.74,0.83,0.89,,
2016-04-15,,0.37,,0.25,0.36,0.4,0.51,0.37,0.38,0.44,0.75,0.78,0.86,,
2016-04-18,,0.37,,0.25,0.36,0.42,0.51,0.34,0.39,0.51,0.72,0.83,,,
2016-04-19,,0.37,,0.25,0.44,0.51,0.57,0.33,0.42,0.45,0.83,0.82,0.89,,
2016-04-20,,0.37,,0.25,0.39,0.47,0.54,0.33,0.39,0.47,0.75,0.92,,,
2016-04-21,,0.37,,0.25,0.44,0.51,0.58,0.34,0.37,0.51,0.74,0.81,0.89,,
2016-04-22,,0.37,,0.25,0.43,0.5,0.58,0.37,0.39,0.49,0.8,0.85,,,
2016-04-25,,0.37,,0.25,0.44,0.51,0.58,0.34,0.4,0.49,0.76,,,,
2016-04-26,,0.37,,0.25,0.44,0.51,0.58,0.35,0.41,0.5,0.85,,,,
2016-04-27,,0.37,,0.25,0.44,0.51,0.58,0.35,0.36,0.5,0.86,0.76,0.65,,
2016-04-28,,0.37,,0.25,0.43,,0.56,0.4,0.41,0.49,0.84,0.74,0.8,,
2016-04-29,,0.3,,0.25,0.34,0.4,0.49,0.36,0.38,0.44,0.76,0.54,,,
2016-05-02,,0.37,,0.25,,0.48,0.54,0.35,0.41,0.48,0.74,0.74,0.66,,
2016-05-03,,0.37,,0.25,0.44,0.51,0.58,0.34,0.42,0.46,0.74,0.84,0.93,,
2016-05-04,,0.37,,0.25,0.43,0.5,0.57,0.35,0.38,0.43,0.77,0.77,0.76,,
2016-05-05,,0.37,,0.25,0.33,0.43,0.54,0.34,0.4,0.44,0.78,0.81,,,
2016-05-06,,0.37,,0.25,,,0.61,0.36,0.41,0.49,0.73,0.77,0.81,,
2016-05-09,,0.37,,0.25,,,0.54,0.31,0.39,0.46,0.74,0.87,,,
2016-05-10,,0.37,,0.25,0.32,0.41,0.51,0.36,0.45,0.51,0.69,0.78,0.87,,
2016-05-11,,0.37,,0.25,0.37,,0.56,0.35,0.4,0.46,0.78,0.85,0.92,,
2016-05-12,,0.37,,0.25,0.43,0.49,0.56,0.33,0.4,0.5,0.77,0.79,,,
2016-05-13,,0.37,,0.25,,0.49,0.55,0.35,0.41,0.46,0.71,0.83,0.67,,
2016-05-16,,0.37,,0.25,,0.44,0.54,0.34,0.41,0.49,0.72,0.75,0.68,,
2016-05-17,,0.37,,0.25,0.28,0.39,0.55,0.36,0.44,0.52,0.78,0.81,,,
2016-05-18,,0.37,,0.25,0.39,0.4,0.47,0.33,0.38,0.47,0.72,,,,
2016-05-19,,0.37,,0.25,0.42,,0.56,0.36,0.4,0.5,0.73,0.71,0.69,,
2016-05-20,,0.37,,0.25,,,0.6,0.36,0.42,0.49,0.73,0.71,,,
2016-05-23,,0.37,,0.25,0.44,0.52,0.6,0.37,0.43,0.5,0.74,0.8,,,
2016-05-24,,0.37,,0.25,0.32,0.45,0.58,0.36,0.43,0.49,0.83,0.71,0.66,,
2016-05-25,,0.37,,0.25,,0.58,0.68,0.39,0.46,0.53,0.78,0.96,1.1,,
2016-05-26,,0.37,,0.25,0.43,0.51,0.59,0.34,0.44,0.54,0.71,0.98,,,
2016-05-27,,0.37,,0.25,,,0.6,0.37,,0.46,0.88,,,,
2016-05-30,,,,,,,,,,,,,,,
2016-05-31,,0.29,,0.25,0.36,0.48,0.59,0.38,,,0.8,0.86,,,
2016-06-01,,0.37,,0.25,0.43,0.52,0.6,0.38,0.44,,0.72,0.69,0.67,,
2016-06-02,,0.37,,0.25,0.34,0.44,0.56,0.38,,0.52,0.75,1.12,,,
2016-06-03,,0.37,,0.25,0.35,0.46,0.57,0.38,0.46,0.53,0.74,,,,
2016-06-06,,0.37,,0.25,,0.44,0.53,0.38,0.45,0.51,0.75,0.81,0.86,,
2016-06-07,,0.37,,0.25,0.34,0.42,0.54,0.4,0.47,0.53,0.75,0.77,,,
2016-06-08,,0.37,,0.25,0.44,0.52,0.59,0.37,0.44,0.53,0.78,1.04,1.29,,
2016-06-09,,0.37,,0.25,0.33,0.45,0.53,0.46,,0.45,0.8,0.8,0.84,,
2016-06-10,,0.37,,0.25,0.34,0.42,0.51,,,,0.84,0.88,0.9,,
2016-06-13,,0.37,,0.25,0.44,0.51,0.58,,,,0.75,0.82,0.88,,
2016-06-14,,0.37,,0.25,0.4,0.47,0.53,,,,0.76,,,,
2016-06-15,,0.37,,0.25,0.35,0.44,0.54,0.37,0.41,0.46,0.73,0.77,0.81,,
2016-06-16,,0.38,,0.25,0.44,0.51,0.58,0.36,0.42,0.49,0.75,,,,
2016-06-17,,0.38,,0.25,,0.45,0.52,0.37,0.43,0.49,0.78,0.86,0.94,,
2016-06-20,,0.38,,0.25,0.32,,0.52,0.35,0.4,0.48,0.75,0.81,0.89,,
2016-06-21,,0.38,,0.25,0.44,0.51,0.57,0.35,0.41,0.49,0.8,0.85,,,
2016-06-22,,0.38,,0.25,,0.51,0.57,0.36,0.38,0.44,0.73,0.79,0.95,,
2016-06-23,,0.39,,0.25,0.41,0.45,0.52,0.36,0.42,0.48,0.84,1.02,,,
2016-06-24,,0.4,,0.25,0.4,0.47,0.54,0.38,,0.5,0.76,0.82,,,
2016-06-27,,0.41,,0.25,0.46,0.51,0.56,0.39,0.45,0.52,0.82,0.94,,,
2016-06-28,,0.41,,0.25,0.35,0.46,0.6,0.37,0.41,0.45,0.81,0.73,0.65,,
2016-06-29,,0.41,,0.25,0.41,0.48,0.57,0.4,0.42,0.48,0.88,0.86,,,
2016-06-30,,0.3,,0.25,0.38,,0.57,0.36,0.41,0.45,0.78,,,,
2016-07-01,,0.41,,0.25,0.4,,0.54,0.37,0.4,0.45,0.78,1.12,,,
2016-07-04,,,,,,,,,,,,,,,
2016-07-05,,0.4,,0.25,0.36,0.46,0.59,0.34,0.4,0.45,0.77,,,,
2016-07-06,,0.4,,0.25,0.39,0.46,0.61,0.39,0.41,0.46,0.72,0.84,0.88,,
2016-07-07,,0.4,,0.25,0.37,0.38,0.56,0.38,0.42,0.46,0.71,0.8,0.76,,
2016-07-08,,0.4,,0.25,,0.55,0.63,0.36,0.39,0.45,0.73,0.8,,,
2016-07-11,,0.4,,0.25,,0.51,0.61,0.36,0.41,0.5,0.74,0.73,0.73,,
2016-07-12,,0.4,,0.25,,0.57,0.65,0.37,0.41,0.47,0.71,0.93,,,
2016-07-13,,0.4,,0.25,0.37,0.49,0.6,0.39,0.41,0.45,0.72,0.77,,,
2016-07-14,,0.4,,0.25,0.38,,0.6,0.36,0.41,0.47,0.71,0.84,0.88,,
2016-07-15,,0.4,,0.25,0.4,0.49,0.62,0.35,0.39,0.46,0.83,0.77,,,
2016-07-18,,0.4,,0.25,0.44,,0.65,0.25,0.38,0.46,0.81,0.91,,,
2016-07-19,,0.4,,0.25,0.46,0.54,0.61,0.35,0.42,0.48,0.72,0.81,0.9,,
2016-07-20,,0.4,,0.25,0.46,0.53,0.6,0.34,0.39,0.47,0.76,0.76,0.75,,
2016-07-21,,0.4,,0.25,0.4,0.5,0.63,0.34,0.4,0.45,0.81,0.74,0.75,,
2016-07-22,,0.4,,0.25,0.4,0.48,0.64,0.35,0.41,0.47,0.72,0.81,,,
2016-07-25,,0.4,,0.25,0.37,0.5,0.62,0.35,0.36,0.45,0.77,0.95,,,
2016-07-26,,0.4,,0.25,0.36,0.5,0.63,0.36,0.43,0.49,0.77,0.86,0.85,,
2016-07-27,,0.4,,0.25,0.47,0.55,0.63,0.36,0.41,0.47,0.76,0.75,0.75,,
2016-07-28,,0.4,,0.25,0.43,0.53,0.63,0.31,0.37,0.43,0.75,0.82,,,
2016-07-29,,0.3,,0.25,,,0.7,0.35,0.38,0.44,0.74,0.8,,,
2016-08-01,,0.4,,0.25,0.32,0.53,0.67,0.37,0.45,0.53,0.78,0.78,,,
2016-08-02,,0.4,,0.25,0.46,0.53,0.59,0.39,0.44,0.5,0.7,0.78,0.75,,
2016-08-03,,0.4,,0.25,0.39,0.52,0.69,0.36,,,0.71,0.72,0.74,,
2016-08-04,,0.4,,0.25,0.44,,0.9,0.36,,0.48,0.68,0.83,,,
2016-08-05,,0.4,,0.25,0.4,0.53,0.67,0.36,0.42,0.48,0.71,0.74,0.76,,
2016-08-08,,0.4,,0.25,,,0.86,0.37,0.39,0.41,0.81,0.84,0.79,,
2016-08-09,,0.4,,0.25,0.38,0.57,0.86,0.36,0.46,0.51,0.75,0.87,1.02,,
2016-08-10,,0.4,,0.25,0.52,0.64,0.76,0.36,0.43,0.48,0.73,0.77,0.78,,
2016-08-11,,0.4,,0.25,0.44,0.56,0.72,0.37,0.42,0.48,0.73,,,,
2016-08-12,,0.4,,0.25,0.4,0.53,0.66,0.33,0.39,0.48,0.75,,,,
2016-08-15,,0.4,,0.25,0.36,0.55,0.73,0.37,0.43,0.48,0.73,0.75,0.78,,
2016-08-16,,0.4,,0.25,0.37,0.55,0.78,0.37,0.49,0.55,0.71,,,,
2016-08-17,,0.4,,0.25,0.47,0.55,0.62,0.37,0.44,0.52,0.7,0.74,0.78,,
2016-08-18,,0.4,,0.25,0.42,0.57,0.73,,0.47,0.54,0.73,0.81,0.91,,
2016-08-19,,0.4,,0.25,0.47,0.54,0.62,0.37,0.43,0.49,0.77,0.82,0.87,,
2016-08-22,,0.4,,0.25,,0.61,0.75,0.38,,0.57,0.77,0.87,0.91,,
2016-08-23,,0.4,,0.25,0.44,0.59,0.74,0.42,0.49,0.54,0.83,0.89,0.95,,
2016-08-24,,0.4,,0.25,0.42,0.53,0.64,0.37,0.43,0.56,0.77,0.87,0.9,,
2016-08-25,,0.4,,0.25,,0.6,0.75,0.38,0.41,0.5,0.78,0.85,,,
2016-08-26,,0.4,,0.25,0.42,0.59,0.75,0.37,0.43,0.51,0.72,0.75,,,
2016-08-29,,0.4,,0.25,0.42,0.56,0.7,0.36,0.43,0.5,0.75,0.81,,,
2016-08-30,,0.4,,0.25,0.42,0.6,0.78,0.36,0.43,0.47,0.8,0.79,,,
2016-08-31,,0.3,,0.25,0.41,0.58,0.74,0.43,0.37,,0.77,0.79,,,
2016-09-01,,0.4,,0.25,0.46,0.65,0.85,0.4,0.46,0.51,0.72,0.77,,,
2016-09-02,,0.4,,0.25,0.46,0.58,0.7,0.39,0.45,0.52,0.75,0.78,,,
2016-09-05,,,,,,,,,,,,,,,
2016-09-06,,0.4,,0.25,0.39,0.59,0.75,0.38,0.45,0.5,0.79,0.81,,,
2016-09-07,,0.4,,0.25,0.49,0.59,0.7,0.31,0.45,0.51,0.78,0.93,,,
2016-09-08,,0.4,,0.25,0.4,0.56,0.71,0.39,0.45,0.51,0.76,0.76,0.89,,
2016-09-09,,0.4,,0.25,0.46,0.62,0.89,0.41,0.44,0.51,0.8,0.85,0.89,,
2016-09-12,,0.4,,0.25,0.48,0.56,0.65,0.39,0.46,0.54,0.75,0.81,,,
2016-09-13,,0.4,,0.25,0.41,0.58,0.76,0.41,0.48,0.56,0.75,0.78,0.89,,
2016-09-14,,0.4,,0.25,,0.62,0.87,0.42,0.48,0.54,0.71,0.86,,,
2016-09-15,,0.4,,0.25,0.42,0.59,0.76,0.42,0.47,0.53,0.85,0.83,,,
2016-09-16,,0.4,,0.25,0.51,0.64,0.77,0.43,0.49,0.54,0.8,0.85,1.0,,
2016-09-19,,0.4,,0.25,0.45,0.58,0.73,0.4,0.46,0.52,0.76,0.8,,,
2016-09-20,,0.4,,0.25,0.43,0.61,0.79,0.41,0.47,0.53,0.77,0.92,1.07,,
2016-09-21,,0.4,,0.25,0.49,0.62,0.84,0.42,0.46,0.52,0.81,0.94,,,
2016-09-22,,0.4,,0.25,0.48,0.61,0.77,0.41,0.47,,0.84,0.92,1.0,,
2016-09-23,,0.4,,0.25,0.43,0.6,0.78,0.43,0.48,0.54,0.81,0.73,,,
2016-09-26,,0.4,,0.25,0.47,0.55,0.63,0.38,0.4,0.56,0.8,0.91,,,
2016-09-27,,0.4,,0.25,,0.56,0.64,0.42,0.48,0.54,0.73,0.86,,,
2016-09-28,,0.4,,0.25,,0.61,0.82,0.41,0.47,0.53,0.78,0.88,0.99,,
2016-09-29,,0.4,,0.25,0.48,,0.64,0.36,0.44,0.52,0.77,0.72,,,
2016-09-30,,0.29,,0.25,,0.6,0.71,0.39,0.45,0.52,0.74,,,,
2016-10-03,,0.4,,0.25,0.41,0.56,0.7,0.42,0.49,0.53,0.76,0.82,,,
2016-10-04,,0.4,,0.25,0.5,0.61,0.72,0.42,0.48,0.54,0.79,0.86,,,
2016-10-05,,0.4,,0.25,0.41,0.59,0.63,0.39,0.49,0.57,0.79,0.89,,,
2016-10-06,,0.4,,0.25,0.52,0.65,0.78,0.43,0.48,0.53,0.74,0.7,0.65,,
2016-10-07,,0.4,,0.25,0.51,0.63,0.75,0.39,0.48,0.54,0.78,0.77,0.67,,
2016-10-10,,,,,,,,,,,,,,,
2016-10-11,,0.41,,0.25,0.45,0.6,0.75,0.42,0.48,0.63,0.77,0.89,0.93,,
2016-10-12,,0.41,,0.25,0.41,0.57,0.73,0.49,0.49,0.62,0.81,0.85,,,
2016-10-13,,0.41,,0.25,0.43,0.6,0.78,0.42,0.53,0.6,0.95,0.82,0.92,,
2016-10-14,,0.41,,0.25,0.49,0.58,0.67,0.5,0.49,0.55,0.78,0.72,0.61,,
2016-10-17,,0.41,,0.25,0.51,0.63,0.78,0.44,0.53,0.64,0.76,0.83,0.9,,
2016-10-18,,0.41,,0.25,0.44,0.59,0.75,0.45,0.54,0.61,0.77,0.79,1.03,,
2016-10-19,,0.41,,0.25,0.43,0.59,0.74,0.46,0.49,0.64,0.8,0.84,1.04,,
2016-10-20,,0.41,,0.25,,0.62,0.72,0.41,0.49,0.6,0.75,0.85,0.95,,
2016-10-21,,0.41,,0.25,,,0.67,0.41,0.47,0.53,0.99,0.8,,,
2016-10-24,,0.41,,0.25,0.43,0.58,0.73,0.41,0.48,0.55,0.81,,,,
2016-10-25,,0.41,,0.25,0.43,0.57,0.72,0.4,0.51,0.6,0.74,0.86,1.13,,
2016-10-26,,0.41,,0.25,,0.62,0.72,0.4,0.46,0.51,0.76,0.78,0.69,,
2016-10-27,,0.41,,0.25,0.43,0.59,0.72,0.4,0.61,0.63,0.73,0.84,0.94,,
2016-10-28,,0.41,,0.25,0.48,0.58,0.67,0.41,0.49,0.6,0.76,0.88,,,
2016-10-31,,0.31,,0.25,,0.57,0.67,0.43,0.49,0.55,0.75,0.88,0.77,,
2016-11-01,,0.41,,0.25,0.42,0.58,0.73,0.4,0.47,0.54,0.71,0.82,,,
2016-11-02,,0.41,,0.25,0.48,0.59,0.71,0.43,0.54,0.6,0.72,0.72,0.69,,
2016-11-03,,0.41,,0.25,0.42,0.62,0.73,0.44,0.56,0.56,0.75,0.84,0.93,,
2016-11-04,,0.41,,0.25,,0.63,0.72,0.4,0.47,0.54,0.8,0.82,,,
2016-11-07,,0.41,,0.25,0.49,0.57,0.66,0.39,0.48,0.55,0.76,0.86,0.63,,
2016-11-08,,0.41,,0.25,0.49,0.58,0.67,0.43,0.53,0.59,0.79,,,,
2016-11-09,,0.41,,0.25,,,0.67,0.43,0.54,0.62,0.81,0.81,,,
2016-11-10,,0.41,,0.25,0.47,0.55,0.62,0.41,0.54,0.57,0.77,0.82,0.87,,
2016-11-11,,,,,,,,,,,,,,,
2016-11-14,,0.41,,0.25,0.5,0.62,0.74,0.43,0.53,0.63,0.71,0.8,,,
2016-11-15,,0.41,,0.25,0.49,0.59,0.68,0.42,0.54,0.62,0.74,0.9,0.96,,
2016-11-16,,0.41,,0.25,0.57,0.73,0.9,0.41,0.53,0.67,0.69,1.04,0.9,,
2016-11-17,,0.41,,0.25,0.43,0.57,0.72,0.44,0.58,0.62,0.78,0.95,,,
2016-11-18,,0.41,,0.25,0.49,0.58,0.67,0.43,0.56,0.64,0.8,1.03,,,
2016-11-21,,0.41,,0.25,0.43,0.63,0.75,0.42,0.56,0.65,0.8,0.95,1.04,,
2016-11-22,,0.41,,0.25,0.49,0.58,0.67,0.57,0.62,0.67,0.81,1.01,1.11,,
2016-11-23,,0.41,,0.25,,0.62,0.74,0.4,,,0.82,0.97,,,
2016-11-24,,,,,,,,,,,,,,,
2016-11-25,,0.41,,0.25,,,,0.25,,,,,,,
2016-11-28,,0.41,,0.25,0.49,0.58,0.67,0.43,0.54,0.66,0.85,0.93,,,
2016-11-29,,0.41,,0.25,0.49,0.59,0.68,0.56,0.62,0.69,0.86,0.63,,,
2016-11-30,,0.31,,0.25,0.48,0.62,0.73,0.47,0.56,0.72,0.87,,,,
2016-12-01,,0.41,,0.25,0.45,0.62,0.74,0.47,0.56,0.71,0.85,0.95,1.0,,
2016-12-02,,0.41,,0.25,,,0.77,0.5,0.62,0.7,0.83,0.94,1.0,,
2016-12-05,,0.41,,0.25,0.5,0.63,0.75,0.5,0.58,0.65,0.9,0.95,0.99,,
2016-12-06,,0.41,,0.25,0.46,0.61,0.73,0.51,0.62,0.73,0.88,1.01,1.0,,
2016-12-07,,0.41,,0.25,0.5,0.59,0.69,0.54,0.64,0.72,0.91,1.0,,,
2016-12-08,,0.41,,0.25,0.52,0.65,0.79,0.53,0.6,0.73,0.9,1.04,,,
2016-12-09,,0.41,,0.25,0.52,0.65,0.77,0.54,0.63,0.73,0.94,1.01,,,
2016-12-12,,0.41,,0.25,0.59,0.68,0.92,0.6,0.67,0.77,0.88,,,,
2016-12-13,,0.41,,0.25,0.69,0.82,0.96,0.59,0.66,0.73,0.97,1.01,,,
2016-12-14,,0.41,,0.25,0.6,0.74,0.88,0.68,0.68,0.74,1.01,1.11,,,
2016-12-15,,0.66,,0.5,0.69,0.74,1.03,0.63,0.69,0.7,1.03,1.17,1.3,,
2016-12-16,,0.66,,0.5,0.67,0.8,1.01,0.66,0.71,0.76,1.01,1.16,1.3,,
2016-12-19,,0.66,,0.5,0.7,0.78,0.91,0.62,0.69,0.77,1.0,1.17,,,
2016-12-20,,0.66,,0.5,0.64,0.8,0.93,0.62,0.71,0.8,1.06,,,,
2016-12-21,,0.66,,0.5,0.67,0.82,0.98,0.41,0.72,0.79,1.07,1.08,,,
2016-12-22,,0.66,,0.5,0.67,0.81,0.95,0.43,,,1.06,,,,
2016-12-23,,0.66,,0.5,,0.79,0.86,0.43,,,,,,,
2016-12-26,,,,,,,,,,,,,,,
2016-12-27,,0.66,,0.5,0.73,0.85,0.97,0.66,,,0.98,1.11,,,
2016-12-28,,0.66,,0.5,,0.82,0.91,0.64,,,1.0,,,,
2016-12-29,,0.66,,0.5,0.72,,0.87,0.65,,,1.02,,,,
2016-12-30,,0.55,,0.5,,,,0.63,,,1.01,,,,
2017-01-02,,,,,,,,,,,,,,,
2017-01-03,,0.66,,0.5,0.7,0.84,0.99,0.61,0.71,0.77,1.07,1.09,,,
2017-01-04,,0.66,,0.5,0.71,0.83,0.95,0.62,0.69,0.79,1.01,1.21,,,
2017-01-05,,0.66,,0.5,0.65,0.77,0.91,0.61,0.7,0.78,1.0,1.07,1.14,,
2017-01-06,,0.66,,0.5,0.73,0.81,0.9,0.62,0.66,0.71,1.02,1.06,,,
2017-01-09,,0.66,,0.5,0.74,0.82,0.9,0.66,0.71,0.76,0.97,1.13,1.29,,
2017-01-10,,0.66,,0.5,0.68,0.85,0.94,0.64,0.73,0.81,0.98,1.04,,,
2017-01-11,,0.66,,0.5,0.73,0.8,0.87,0.64,0.7,0.79,0.99,1.03,1.06,,
2017-01-12,,0.66,,0.5,0.61,0.7,0.82,0.61,0.69,0.81,1.0,1.09,,,
2017-01-13,,0.66,,0.5,,0.85,0.91,0.62,0.72,0.82,1.01,1.14,1.18,,
2017-01-16,,,,,,,,,,,,,,,
2017-01-17,,0.66,,0.5,0.72,0.8,0.87,0.66,0.75,0.82,0.98,1.1,1.12,,
2017-01-18,,0.66,,0.5,0.73,0.8,0.87,0.64,0.74,0.81,1.04,,,,
2017-01-19,,0.66,,0.5,0.73,0.81,0.89,0.67,0.7,0.79,0.97,1.16,1.18,,
2017-01-20,,0.66,,0.5,0.75,,0.95,0.65,0.71,0.83,1.01,,,,
2017-01-23,,0.66,,0.5,0.73,0.8,0.87,0.64,0.73,0.78,1.0,1.01,,,
2017-01-24,,0.66,,0.5,0.75,0.84,0.92,0.68,0.74,0.81,0.98,1.07,,,
2017-01-25,,0.66,,0.5,,0.79,0.86,0.65,0.75,0.83,0.98,1.1,,,
2017-01-26,,0.66,,0.5,,0.8,0.88,0.64,0.75,0.83,0.97,1.06,,,
2017-01-27,,0.66,,0.5,0.73,,0.89,0.63,0.72,0.81,0.95,,,,
2017-01-30,,0.66,,0.5,0.74,0.83,0.91,0.62,0.71,0.81,1.0,0.93,,,
2017-01-31,,0.56,,0.5,,0.84,0.92,0.62,0.7,0.79,1.03,,,,
2017-02-01,,0.66,,0.5,0.74,0.83,0.93,0.64,0.72,0.79,0.98,0.98,,,
2017-02-02,,0.66,,0.5,0.72,0.81,0.91,0.61,0.7,0.8,1.02,1.17,0.85,,
2017-02-03,,0.66,,0.5,0.74,,0.93,0.61,0.7,0.78,0.98,1.08,,,
2017-02-06,,0.66,,0.5,0.74,,0.91,0.65,0.74,0.79,0.97,0.95,0.86,,
2017-02-07,,0.66,,0.5,0.6,0.69,0.78,0.62,0.73,0.8,0.99,0.96,0.86,,
2017-02-08,,0.66,,0.5,,0.78,0.84,0.61,0.7,0.78,0.98,1.04,,,
2017-02-09,,0.66,,0.5,,,0.89,0.61,0.7,0.77,0.98,1.06,1.14,,
2017-02-10,,0.66,,0.5,,0.82,0.91,0.61,0.7,0.79,0.98,0.93,0.86,,
2017-02-13,,0.66,,0.5,,,0.87,0.62,0.68,0.75,0.97,1.05,1.14,,
2017-02-14,,0.66,,0.5,0.72,,0.87,0.61,0.72,0.77,0.98,1.06,1.15,,
2017-02-15,,0.66,,0.5,0.74,0.84,0.94,0.6,0.7,0.78,0.96,1.04,1.11,,
2017-02-16,,0.66,,0.5,,,0.86,0.6,0.68,0.77,0.97,,,,
2017-02-17,,0.66,,0.5,0.72,0.8,0.87,0.59,0.65,0.71,0.97,1.06,1.16,,
2017-02-20,,,,,,,,,,,,,,,
2017-02-21,,0.66,,0.5,0.72,0.79,0.86,0.61,0.67,0.73,0.99,1.09,,,
2017-02-22,,0.66,,0.5,0.72,0.79,0.86,0.62,0.7,0.78,1.0,1.1,1.2,,
2017-02-23,,0.66,,0.5,0.72,0.79,0.86,0.57,0.67,0.77,0.99,1.14,,,
2017-02-24,,0.66,,0.5,,0.79,0.86,0.6,0.69,0.77,0.99,0.94,,,
2017-02-27,,0.66,,0.5,0.64,0.63,0.72,0.62,0.69,0.77,0.97,1.06,1.16,,
2017-02-28,,0.57,,0.5,,0.73,0.81,0.63,0.71,0.77,1.0,0.92,0.85,,
2017-03-01,,0.66,,0.5,0.69,0.83,0.94,0.62,0.68,0.74,0.96,1.06,,,
2017-03-02,,0.66,,0.5,0.74,0.82,0.9,0.64,0.71,,1.03,1.13,1.23,,
2017-03-03,,0.66,,0.5,,0.78,0.85,0.65,,0.66,1.06,1.14,1.3,,
2017-03-06,,0.66,,0.5,0.73,0.81,0.89,0.67,0.77,0.82,1.05,1.16,1.28,,
2017-03-07,,0.66,,0.5,,0.8,0.88,0.71,0.77,0.83,1.0,1.17,1.26,,
2017-03-08,,0.66,,0.5,0.72,0.8,0.87,0.74,0.87,0.77,1.02,,,,
2017-03-09,,0.66,,0.5,0.73,0.8,0.88,0.78,0.95,0.97,1.11,1.16,1.21,,
2017-03-10,,0.66,,0.5,0.72,0.8,0.88,0.79,0.79,,1.13,1.24,,,
2017-03-13,,0.66,,0.5,0.84,0.96,1.01,0.91,0.86,0.84,1.16,1.2,1.24,,
2017-03-14,,0.66,,0.5,0.73,0.81,0.89,0.81,0.84,0.89,1.15,1.34,,,
2017-03-15,,0.66,,0.5,0.86,0.98,1.05,0.89,0.81,0.82,1.24,1.28,1.32,,
2017-03-16,,0.91,,0.75,0.96,1.0,1.05,0.81,0.86,0.91,1.22,,,,
2017-03-17,,0.91,,0.75,0.95,1.01,1.06,0.82,0.84,0.89,1.24,1.29,1.33,,
2017-03-20,,0.91,,0.75,,,1.05,0.81,0.86,0.91,1.22,1.27,1.32,,
2017-03-21,,0.91,,0.75,0.95,1.0,1.06,0.82,0.87,0.92,1.23,1.27,1.3,,
2017-03-22,,0.91,,0.75,0.95,1.0,1.05,0.81,,0.91,1.22,1.31,1.4,,
2017-03-23,,0.91,,0.75,,1.0,1.04,0.82,0.87,0.93,1.24,1.42,,,
2017-03-24,,0.91,,0.75,,1.0,1.05,0.82,0.85,0.91,1.23,1.25,1.26,,
2017-03-27,,0.91,,0.75,,,,0.85,0.85,0.91,1.22,1.44,,,
2017-03-28,,0.91,,0.75,,,1.05,0.82,0.87,0.92,1.24,,,,
2017-03-29,,0.91,,0.75,0.96,1.0,1.05,0.83,0.87,0.93,1.24,1.19,,,
2017-03-30,,0.91,,0.75,0.94,,1.02,0.81,0.86,0.93,1.2,1.27,,,
2017-03-31,,0.82,,0.75,,,,0.8,0.91,0.96,1.19,1.25,,,
2017-04-03,,0.91,,0.75,0.87,0.94,1.0,0.82,0.85,0.91,1.21,1.3,1.38,,
2017-04-04,,0.91,,0.75,0.95,0.99,1.04,0.82,0.85,0.9,1.24,1.29,,,
2017-04-05,,0.91,,0.75,0.89,0.95,1.01,0.82,0.85,0.91,1.24,1.26,,,
2017-04-06,,0.91,,0.75,0.83,0.88,0.95,0.83,0.85,0.92,1.2,1.26,1.32,,
2017-04-07,,0.91,,0.75,0.87,0.93,0.99,0.86,0.85,0.9,1.19,1.33,,,
2017-04-10,,0.91,,0.75,0.95,1.0,1.05,0.82,0.86,0.91,1.21,1.28,,,
2017-04-11,,0.91,,0.75,0.95,1.0,1.05,0.83,0.86,0.95,1.22,1.3,1.38,,
2017-04-12,,0.91,,0.75,0.95,1.0,1.05,0.82,0.86,0.91,1.2,1.27,1.35,,
2017-04-13,,0.91,,,0.83,0.92,0.99,0.81,0.86,0.91,1.19,1.25,1.32,,
2017-04-14,,0.91,,,,,,,,,,,,,
2017-04-17,,0.91,,0.75,0.88,0.95,1.02,0.83,0.87,0.93,1.19,1.27,1.35,,
2017-04-18,,0.91,,0.75,0.91,0.94,0.99,0.83,0.89,0.94,1.22,1.25,1.27,,
2017-04-19,,0.91,,0.75,0.95,0.99,1.03,0.83,0.88,0.94,1.2,1.16,1.1,,
2017-04-20,,0.91,,0.75,0.94,0.98,1.02,0.83,0.86,0.92,1.2,1.25,,,
2017-04-21,,0.91,,0.75,0.95,0.99,1.03,0.83,0.86,0.93,1.19,1.26,,,
2017-04-24,,0.91,,0.75,0.95,1.0,1.04,0.83,0.88,0.92,1.18,1.26,1.33,,
2017-04-25,,0.91,,0.75,0.95,1.0,1.05,0.82,0.86,0.91,1.18,1.3,,,
2017-04-26,,0.91,,0.75,0.95,1.0,1.05,0.82,0.84,0.9,1.22,1.28,,,
2017-04-27,,0.91,,0.75,,1.01,1.06,0.82,0.87,0.92,1.17,1.18,,,
2017-04-28,,0.83,,0.75,0.86,1.0,1.13,0.84,0.86,0.91,1.21,1.27,1.3,,
2017-05-01,,0.91,,0.75,0.91,0.95,1.01,0.83,0.88,0.94,1.19,1.29,,,
2017-05-02,,0.91,,0.75,0.93,0.97,1.03,0.83,0.86,0.92,1.2,1.29,,,
2017-05-03,,0.91,,0.75,0.96,,1.06,0.84,0.89,0.95,1.19,1.3,,,
2017-05-04,,0.91,,0.75,0.96,1.01,1.06,0.82,0.87,0.92,1.2,,,,
2017-05-05,,0.91,,0.75,0.95,1.0,1.05,0.83,0.87,0.93,1.19,1.32,,,
2017-05-08,,0.91,,0.75,0.96,1.01,1.06,0.83,0.89,,1.19,1.27,1.35,,
2017-05-09,,0.91,,0.75,0.95,,1.05,0.83,0.88,0.95,1.17,1.3,,,
2017-05-10,,0.91,,0.75,0.96,1.01,1.06,0.83,0.88,0.94,1.18,1.22,,,
2017-05-11,,0.91,,0.75,,1.01,1.06,0.83,0.88,0.95,1.19,1.31,,,
2017-05-12,,0.91,,0.75,0.95,1.0,1.04,0.84,0.88,0.94,1.2,1.27,,,
2017-05-15,,0.91,,0.75,0.95,,1.04,0.83,0.88,0.94,1.18,1.28,1.25,,
2017-05-16,,0.91,,0.75,0.95,,1.05,0.86,0.91,0.97,1.19,1.28,,,
2017-05-17,,0.91,,0.75,0.95,1.0,1.04,0.83,0.88,0.98,1.2,1.24,,,
2017-05-18,,0.91,,0.75,0.95,0.99,1.04,0.83,0.89,0.95,1.2,1.27,,,
2017-05-19,,0.91,,0.75,0.95,0.99,1.04,0.83,0.89,0.96,1.19,,,,
2017-05-22,,0.91,,0.75,,,1.05,0.83,0.89,0.94,1.2,1.27,1.33,,
2017-05-23,,0.91,,0.75,,,1.04,0.84,0.9,0.95,1.2,1.31,1.42,,
2017-05-24,,0.91,,0.75,0.96,1.0,1.05,0.87,0.92,0.97,1.21,1.32,1.43,,
2017-05-25,,0.91,,0.75,0.95,1.0,1.05,0.84,0.9,,1.22,,,,
2017-05-26,,0.91,,0.75,,0.99,1.04,0.86,0.92,0.97,1.22,,,,
2017-05-29,,,,,,,,,,,,,,,
2017-05-30,,0.91,,0.75,0.95,1.0,1.05,0.85,0.92,0.98,1.23,,,,
2017-05-31,,0.83,,0.75,0.95,1.01,1.06,0.86,0.91,0.97,1.23,1.3,,,
2017-06-01,,0.91,,0.75,0.96,1.01,1.06,0.9,,0.97,1.25,1.39,1.37,,
2017-06-02,,0.91,,0.75,0.95,1.0,1.06,0.86,0.92,0.98,1.24,1.31,1.35,,
2017-06-05,,0.91,,0.75,0.96,1.01,1.07,0.89,0.94,0.99,1.26,,,,
2017-06-06,,0.91,,0.75,0.95,1.0,1.05,0.88,0.92,0.97,1.25,1.31,1.37,,
2017-06-07,,0.91,,0.75,0.96,1.01,1.07,0.93,0.97,1.02,1.27,,1.38,,
2017-06-08,,0.91,,0.75,0.96,,1.06,0.93,0.98,1.03,1.27,1.33,1.38,,
2017-06-09,,0.91,,0.75,,1.01,1.06,1.01,0.99,1.05,1.3,,,,
2017-06-12,,0.91,,0.75,1.04,1.06,1.11,1.0,1.04,1.08,1.3,,1.51,,
2017-06-13,,0.91,,0.75,1.1,,1.17,1.02,1.05,1.09,1.33,,1.43,,
2017-06-14,,0.91,,0.75,1.14,1.17,1.2,1.04,1.07,1.14,1.31,1.31,,,
2017-06-15,,1.16,,1.0,1.0,1.05,1.1,1.07,1.11,1.15,1.41,1.45,1.5,,
2017-06-16,,1.16,,1.0,1.1,,1.17,1.11,1.1,1.13,1.4,1.48,,,
2017-06-19,,1.16,,1.0,1.18,1.22,1.25,1.12,1.09,1.14,1.44,,,,
2017-06-20,,1.16,,1.0,1.1,1.15,1.19,1.11,1.13,1.16,1.39,1.44,1.48,,
2017-06-21,,1.16,,1.0,1.18,1.21,1.24,1.1,1.13,1.16,1.42,1.46,,,
2017-06-22,,1.16,,1.0,1.19,1.22,1.25,1.08,1.1,1.15,1.39,1.44,1.49,,
2017-06-23,,1.16,,1.0,1.18,1.22,1.25,1.09,1.12,1.16,1.41,,,,
2017-06-26,,1.16,,1.0,,1.22,1.25,1.09,1.11,1.14,1.43,1.61,1.79,,
2017-06-27,,1.16,,1.0,1.09,1.13,1.18,1.12,1.16,1.19,1.41,,,,
2017-06-28,,1.16,,1.0,1.19,1.22,1.26,1.1,1.12,1.15,1.39,,,,
2017-06-29,,1.16,,1.0,1.19,1.22,1.25,1.11,,1.17,1.41,,,,
2017-06-30,,1.06,,1.0,1.08,1.12,,0.9,1.14,1.17,1.4,,,,
2017-07-03,,1.16,,1.0,1.18,,1.25,1.08,1.12,,1.34,,,,
2017-07-04,,,,,,,,,,,,,,,
2017-07-05,,1.16,,1.0,1.14,1.15,1.2,1.09,1.13,1.16,1.39,,,,
2017-07-06,,1.16,,1.0,1.09,1.12,1.17,1.08,1.12,1.16,1.4,1.48,,,
2017-07-07,,1.16,,1.0,1.19,1.23,1.26,1.1,1.12,1.16,1.4,1.47,,,
2017-07-10,,1.16,,1.0,1.09,1.13,1.18,1.09,1.12,1.16,1.42,1.46,1.48,,
2017-07-11,,1.16,,1.0,,1.22,1.25,1.1,1.13,1.17,1.4,1.44,1.48,,
2017-07-12,,1.16,,1.0,1.1,1.14,1.19,1.09,1.12,1.16,1.38,1.45,,,
2017-07-13,,1.16,,1.0,1.19,1.22,1.26,1.11,1.12,1.17,1.4,1.49,,,
2017-07-14,,1.16,,1.0,1.18,1.2,1.23,1.12,1.12,1.16,1.38,,,,
2017-07-17,,1.16,,1.0,1.12,1.15,1.17,1.13,1.12,1.16,1.41,1.37,,,
2017-07-18,,1.16,,1.0,1.18,1.21,1.24,1.16,1.18,1.21,1.41,1.41,1.41,,
2017-07-19,,1.16,,1.0,1.14,1.18,1.23,1.11,1.13,1.16,1.38,1.4,1.42,,
2017-07-20,,1.16,,1.0,1.13,1.18,1.23,1.1,1.14,1.18,1.38,1.39,,,
2017-07-21,,1.16,,1.0,1.14,1.18,1.21,1.07,1.12,1.17,1.38,,,,
2017-07-24,,1.16,,1.0,1.13,1.17,1.22,1.11,1.14,1.18,1.4,1.49,,,
2017-07-25,,1.16,,1.0,1.19,1.22,1.26,1.13,1.15,1.18,1.43,,,,
2017-07-26,,1.16,,1.0,1.14,1.18,1.23,1.13,1.17,1.2,1.4,1.42,,,
2017-07-27,,1.16,,1.0,1.18,,1.25,1.1,1.14,1.18,1.36,1.41,1.47,,
2017-07-28,,1.16,,1.0,1.19,1.22,1.26,1.09,1.13,1.16,1.38,,,,
2017-07-31,,1.07,,1.0,1.12,1.15,1.19,1.08,1.13,1.17,1.37,1.4,,,
2017-08-01,,1.16,,1.0,1.2,1.23,1.26,1.13,1.17,1.2,1.39,1.43,,,
2017-08-02,,1.16,,1.0,1.13,1.17,1.22,1.1,1.13,1.15,1.34,1.4,1.46,,
2017-08-03,,1.16,,1.0,1.21,1.24,1.28,1.09,1.14,1.18,1.35,1.43,,,
2017-08-04,,1.16,,1.0,1.2,1.24,1.27,1.12,1.14,1.18,1.4,1.47,,,
2017-08-07,,1.16,,1.0,1.14,1.18,1.22,1.12,1.15,1.19,1.38,1.41,,,
2017-08-08,,1.16,,1.0,1.1,1.15,1.21,1.12,1.15,1.18,1.41,1.45,,,
2017-08-09,,1.16,,1.0,1.19,1.22,1.26,1.1,1.14,1.19,1.42,1.45,,,
2017-08-10,,1.16,,1.0,1.14,1.18,1.23,1.1,1.13,1.17,1.43,1.44,,,
2017-08-11,,1.16,,1.0,1.18,,1.26,1.11,1.15,1.19,1.39,,,,
2017-08-14,,1.16,,1.0,1.15,1.19,1.24,1.09,1.14,1.2,1.4,1.43,,,
2017-08-15,,1.16,,1.0,1.07,1.12,1.17,1.1,1.15,1.19,1.38,1.43,,,
2017-08-16,,1.16,,1.0,1.19,1.23,1.27,1.1,1.13,1.16,1.41,1.45,,,
2017-08-17,,1.16,,1.0,1.15,1.19,1.23,1.1,1.14,1.18,1.38,1.43,,,
2017-08-18,,1.16,,1.0,,1.21,1.24,1.07,1.12,1.17,1.39,1.38,1.37,,
2017-08-21,,1.16,,1.0,1.19,1.23,1.26,1.11,1.15,1.19,1.38,1.44,,,
2017-08-22,,1.16,,1.0,1.19,1.23,1.26,1.1,1.13,1.16,1.38,1.41,,,
2017-08-23,,1.16,,1.0,1.2,1.24,1.27,1.1,,1.18,1.4,1.41,,,
2017-08-24,,1.16,,1.0,1.12,1.17,1.22,1.1,1.13,1.19,1.39,1.41,,,
2017-08-25,,1.16,,1.0,1.19,,1.26,1.1,,1.09,1.38,1.44,,,
2017-08-28,,1.16,,1.0,1.13,1.18,1.23,1.09,1.12,,1.38,1.44,,,
2017-08-29,,1.16,,1.0,,,1.27,1.1,1.13,,1.41,1.42,,,
2017-08-30,,1.16,,1.0,1.19,1.22,1.26,1.12,1.13,1.21,1.38,,,,
2017-08-31,,1.07,,1.0,1.06,1.2,1.25,1.11,1.14,1.18,1.41,1.41,,,
2017-09-01,,1.16,,1.0,1.2,1.23,1.27,1.11,1.12,1.16,1.37,1.44,,,
2017-09-04,,,,,,,,,,,,,,,
2017-09-05,,1.16,,1.0,1.16,1.18,1.23,1.09,1.13,1.17,1.37,1.4,,,
2017-09-06,,1.16,,1.0,1.19,1.22,1.25,1.1,1.13,1.17,1.39,1.43,,,
2017-09-07,,1.16,,1.0,1.18,1.21,1.24,1.11,1.12,1.17,1.38,1.39,,,
2017-09-08,,1.16,,1.0,1.21,,1.27,1.1,1.13,1.17,1.38,1.41,1.43,,
2017-09-11,,1.16,,1.0,1.19,1.21,1.23,1.11,1.14,1.17,1.38,1.4,,,
2017-09-12,,1.16,,1.0,1.19,1.23,1.26,1.11,1.14,1.17,1.39,1.41,,,
2017-09-13,,1.16,,1.0,1.19,1.2,1.24,1.11,1.12,1.18,1.38,1.44,,,
2017-09-14,,1.16,,1.0,1.09,1.14,1.19,1.11,1.14,1.2,1.39,1.44,,,
2017-09-15,,1.16,,1.0,1.18,1.2,1.22,1.11,1.13,1.19,1.38,1.42,,,
2017-09-18,,1.16,,1.0,,,1.28,1.11,1.15,1.18,1.37,1.43,,,
2017-09-19,,1.16,,1.0,1.19,1.23,1.27,1.12,1.15,1.19,1.38,1.43,,,
2017-09-20,,1.16,,1.0,1.13,1.18,1.23,1.12,1.15,1.18,1.38,,,,
2017-09-21,,1.16,,1.0,1.19,,1.28,1.16,1.12,1.2,1.36,,,,
2017-09-22,,1.16,,1.0,1.19,1.2,1.24,1.1,1.14,1.18,1.38,1.44,1.54,,
2017-09-25,,1.16,,1.0,1.2,1.25,1.29,1.13,1.17,1.2,1.41,,,,
2017-09-26,,1.16,,1.0,1.13,1.18,1.23,1.11,,,1.4,1.43,,,
2017-09-27,,1.16,,1.0,1.2,1.25,1.3,1.11,,1.19,1.38,1.44,,,
2017-09-28,,1.16,,1.0,1.18,1.22,1.26,1.1,,1.18,1.35,1.4,,,
2017-09-29,,1.06,,1.0,1.12,1.21,,1.09,1.14,1.19,1.37,1.42,,,
2017-10-02,,1.16,,1.0,1.19,1.2,1.25,1.1,1.19,1.2,1.41,1.43,,,
2017-10-03,,1.16,,1.0,1.19,1.22,1.24,1.1,1.17,1.21,1.38,1.44,1.52,,
2017-10-04,,1.16,,1.0,1.16,1.19,1.24,1.11,1.17,1.24,1.39,1.43,1.48,,
2017-10-05,,1.16,,1.0,1.12,1.15,1.21,1.1,1.19,1.25,1.39,1.44,1.5,,
2017-10-06,,1.16,,1.0,1.19,1.21,1.24,1.1,1.14,1.18,1.39,1.44,1.49,,
2017-10-09,,,,,,,,,,,,,,,
2017-10-10,,1.16,,1.0,1.16,1.19,1.25,1.1,1.13,1.17,1.38,1.43,1.48,,
2017-10-11,,1.16,,1.0,1.09,1.17,1.26,1.12,1.18,1.21,1.37,1.48,1.54,,
2017-10-12,,1.16,,1.0,1.14,1.2,1.26,1.13,1.19,1.23,1.35,1.47,1.6,,
2017-10-13,,1.16,,1.0,1.22,1.27,1.32,1.13,1.16,1.16,1.39,1.43,1.6,,
2017-10-16,,1.16,,1.0,1.1,1.16,1.22,1.13,1.17,1.2,1.38,1.43,,,
2017-10-17,,1.16,,1.0,1.11,1.17,1.23,1.15,1.18,1.21,1.37,1.43,1.46,,
2017-10-18,,1.16,,1.0,1.2,1.24,1.29,1.13,1.16,1.19,1.38,1.48,1.58,,
2017-10-19,,1.16,,1.0,1.17,1.21,1.27,1.14,1.17,1.22,1.39,1.5,1.6,,
2017-10-20,,1.16,,1.0,1.11,1.17,1.23,1.15,1.17,1.21,1.38,1.48,1.69,,
2017-10-23,,1.16,,1.0,1.18,1.22,1.28,1.11,1.16,1.21,1.39,1.48,1.57,,
2017-10-24,,1.16,,1.0,1.13,1.22,1.27,1.12,1.17,1.24,1.37,1.45,1.56,,
2017-10-25,,1.16,,1.0,1.15,1.2,1.27,1.15,1.18,1.25,1.38,1.45,1.58,,
2017-10-26,,1.16,,1.0,1.2,,1.31,1.15,1.16,1.22,1.38,1.47,1.57,,
2017-10-27,,1.16,,1.0,1.15,1.21,1.28,1.14,1.15,1.24,1.39,1.43,1.47,,
2017-10-30,,1.16,,1.0,1.13,1.19,1.26,1.15,1.19,1.23,1.39,1.5,,,
2017-10-31,,1.07,,1.0,1.19,1.2,1.23,1.12,1.19,,1.39,1.48,,,
2017-11-01,,1.16,,1.0,1.19,1.24,1.29,1.15,1.19,1.23,1.38,1.47,,,
2017-11-02,,1.16,,1.0,1.2,1.25,1.3,1.13,1.18,1.22,1.39,1.51,,,
2017-11-03,,1.16,,1.0,1.19,1.24,1.3,1.14,1.19,1.24,1.43,1.5,,,
2017-11-06,,1.16,,1.0,1.21,1.27,1.32,1.16,1.21,1.27,1.39,1.49,,,
2017-11-07,,1.16,,1.0,1.21,1.27,1.33,1.19,1.19,1.25,1.4,1.5,,,
2017-11-08,,1.16,,1.0,1.22,1.27,1.32,1.15,1.19,1.25,1.41,1.5,,,
2017-11-09,,1.16,,1.0,1.11,1.18,1.25,1.15,1.21,1.27,1.41,1.48,,,
2017-11-10,,1.16,,1.0,,,,,,,,,,,
2017-11-13,,1.16,,1.0,1.21,1.26,1.31,1.13,1.2,1.26,1.38,1.5,,,
2017-11-14,,1.16,,1.0,1.15,1.26,1.32,1.16,1.21,1.27,1.41,1.49,1.57,,
2017-11-15,,1.16,,1.0,1.22,1.27,1.33,1.16,1.25,1.28,1.38,1.5,,,
2017-11-16,,1.16,,1.0,1.12,1.16,1.2,1.16,1.24,1.29,1.4,1.5,,,
2017-11-17,,1.16,,1.0,1.21,1.28,1.34,1.16,1.23,1.3,1.4,1.54,1.57,,
2017-11-20,,1.16,,1.0,1.23,1.3,1.36,1.14,1.26,1.31,1.42,1.55,1.54,,
2017-11-21,,1.16,,1.0,1.22,1.27,1.33,1.18,,,1.42,1.54,1.58,,
2017-11-22,,1.16,,1.0,,1.27,1.32,1.15,,1.31,1.41,1.51,1.52,,
2017-11-23,,,,,,,,,,,,,,,
2017-11-24,,1.16,,1.0,,,,,,,,,,,
2017-11-27,,1.16,,1.0,,1.28,1.35,1.17,1.26,1.31,1.5,1.55,,,
2017-11-28,,1.16,,1.0,1.22,1.29,1.36,1.17,1.24,1.32,1.44,1.56,,,
2017-11-29,,1.16,,1.0,1.25,1.34,1.39,1.19,1.26,1.31,1.45,1.8,,,
2017-11-30,,1.07,,1.0,1.27,1.36,1.38,1.2,1.28,1.32,1.44,1.57,,,
2017-12-01,,1.16,,1.0,1.24,1.32,1.39,1.18,1.27,1.34,1.49,1.59,,,
2017-12-04,,1.16,,1.0,,1.37,1.43,1.23,1.31,1.38,1.53,1.58,,,
2017-12-05,,1.16,,1.0,1.23,1.29,1.36,1.24,1.29,1.35,1.6,1.6,1.75,,
2017-12-06,,1.16,,1.0,1.3,1.41,1.46,1.26,1.3,1.37,1.55,1.56,1.6,,
2017-12-07,,1.16,,1.0,1.24,1.35,1.44,1.27,1.3,1.33,1.53,1.59,1.63,,
2017-12-08,,1.16,,1.0,1.32,1.38,1.44,1.3,1.31,1.39,1.55,1.65,,,
2017-12-11,,1.16,,1.0,,1.42,1.47,1.28,1.33,1.38,1.62,1.63,,,
2017-12-12,,1.17,,1.0,1.39,1.48,1.52,1.36,1.42,1.48,1.63,1.7,,,
2017-12-13,,1.17,,1.0,1.42,1.47,1.52,1.33,1.36,1.45,1.61,1.67,1.72,,
2017-12-14,,1.41,,1.25,1.35,1.47,1.55,1.39,1.42,1.47,1.65,1.74,1.83,,
2017-12-15,,1.41,,1.25,1.48,1.55,1.65,1.4,,1.49,1.69,1.86,,,
2017-12-18,,1.42,,1.25,,1.54,1.6,1.46,1.49,,1.75,1.81,,,
2017-12-19,,1.42,,1.25,1.42,1.5,1.57,1.5,1.5,1.53,1.79,1.89,2.0,,
2017-12-20,,1.42,,1.25,1.53,1.65,1.68,,1.5,1.55,1.86,1.94,2.02,,
2017-12-21,,1.42,,1.25,1.44,1.54,1.59,1.5,1.5,1.55,1.89,1.94,2.0,,
2017-12-22,,1.42,,1.25,1.51,1.58,1.62,1.65,,,1.93,1.97,,,
2017-12-25,,,,,,,,,,,,,,,
2017-12-26,,1.42,,1.25,1.46,1.53,1.62,,,,1.96,,,,
2017-12-27,,1.42,,1.25,1.45,1.54,1.6,1.65,,,1.98,1.99,,,
2017-12-28,,1.42,,1.25,1.48,1.55,1.62,1.64,,,1.99,1.97,,,
2017-12-29,,1.33,,1.25,1.58,,1.65,1.49,,,1.93,,,,
2018-01-01,,,,,,,,,,,,,,,
2018-01-02,,1.42,,1.25,1.52,1.44,1.68,1.46,1.53,1.58,1.85,1.95,,,
2018-01-03,,1.42,,1.25,1.44,1.55,1.62,1.5,1.53,1.57,1.9,1.89,,,
2018-01-04,,1.42,,1.25,1.47,1.55,1.65,1.5,1.53,1.59,1.85,1.93,2.02,,
2018-01-05,,1.42,,1.25,1.47,1.52,1.56,1.5,1.53,1.58,1.81,1.9,2.0,,
2018-01-08,,1.42,,1.25,1.47,1.56,1.61,1.48,1.54,1.57,1.81,1.89,1.98,,
2018-01-09,,1.42,,1.25,1.48,1.56,1.64,1.47,1.54,1.58,1.76,1.83,1.9,,
2018-01-10,,1.42,,1.25,1.43,1.5,1.57,1.5,1.53,1.58,1.78,1.84,1.9,,
2018-01-11,,1.42,,1.25,1.48,1.53,1.58,1.52,1.53,1.57,1.77,1.83,1.87,,
2018-01-12,,1.42,,1.25,1.48,1.56,1.65,1.51,1.47,1.58,1.77,1.85,1.93,,
2018-01-15,,,,,,,,,,,,,,,
2018-01-16,,1.42,,1.25,1.49,1.55,1.62,1.48,1.54,1.58,1.78,1.88,1.98,,
2018-01-17,,1.42,,1.25,1.47,1.52,1.57,1.5,1.54,1.59,1.76,1.88,1.99,,
2018-01-18,,1.42,,1.25,1.49,1.56,1.63,1.5,1.53,1.57,1.75,1.81,1.86,,
2018-01-19,,1.42,,1.25,1.49,1.56,1.64,1.51,1.53,1.58,1.77,1.8,1.82,,
2018-01-22,,1.42,,1.25,1.5,1.58,1.66,1.61,1.54,1.59,1.77,1.78,,,
2018-01-23,,1.42,,1.25,,1.58,1.63,1.51,1.55,1.6,1.79,1.89,1.98,,
2018-01-24,,1.42,,1.25,1.51,1.61,1.7,1.5,1.53,1.61,1.75,1.85,2.0,,
2018-01-25,,1.42,,1.25,,1.53,1.59,1.5,1.54,1.62,1.79,1.84,1.89,,
2018-01-26,,1.42,,1.25,,,1.64,1.5,1.54,1.61,1.76,1.82,1.88,,
2018-01-29,,1.42,,1.25,1.49,1.57,1.65,1.49,1.55,1.6,1.76,1.87,1.95,,
2018-01-30,,1.42,,1.25,1.47,1.52,1.58,1.51,1.56,1.62,1.76,,,,
2018-01-31,,1.34,,1.25,1.46,1.57,1.69,1.5,1.56,1.63,1.74,1.84,1.99,,
2018-02-01,,1.42,,1.25,1.47,1.59,1.69,1.5,1.55,1.6,1.75,1.85,,,
2018-02-02,,1.42,,1.25,1.46,1.59,1.7,1.49,1.55,1.62,1.75,1.81,,,
2018-02-05,,1.42,,1.25,1.42,1.61,1.73,1.51,1.56,1.65,1.75,1.77,,,
2018-02-06,,1.42,,1.25,1.5,1.6,1.69,1.5,1.55,1.63,1.78,1.85,,,
2018-02-07,,1.42,,1.25,1.47,1.53,1.59,1.5,1.56,1.64,1.76,1.78,1.81,,
2018-02-08,,1.42,,1.25,1.49,1.6,1.66,1.51,1.56,1.67,1.78,1.89,2.0,,
2018-02-09,,1.42,,1.25,1.49,1.62,1.72,1.5,1.6,1.69,1.83,1.93,2.03,,
2018-02-12,,1.42,,1.25,1.48,1.54,1.61,1.52,1.6,1.69,1.8,1.92,2.05,,
2018-02-13,,1.42,,1.25,1.51,1.6,1.67,1.53,1.6,1.67,1.83,1.95,2.06,,
2018-02-14,,1.42,,1.25,1.44,1.63,1.84,1.53,1.61,1.7,1.83,1.96,2.09,,
2018-02-15,,1.42,,1.25,1.52,1.66,1.8,1.53,1.62,1.71,1.87,1.96,2.04,,
2018-02-16,,1.42,,1.25,1.55,1.7,1.86,1.55,1.61,1.66,1.91,1.97,,,
2018-02-19,,,,,,,,,,,,,,,
2018-02-20,,1.42,,1.25,1.57,1.72,1.85,1.57,1.66,1.75,1.88,2.01,2.15,,
2018-02-21,,1.42,,1.25,1.56,1.69,1.79,1.56,1.66,1.77,1.89,2.01,2.13,,
2018-02-22,,1.42,,1.25,1.58,1.75,1.91,1.52,1.64,1.75,1.93,1.98,,,
2018-02-23,,1.42,,1.25,,1.75,1.93,1.57,1.65,1.7,1.93,2.08,,,
2018-02-26,,1.42,,1.25,,1.76,1.94,1.57,1.65,1.72,1.95,2.13,2.32,,
2018-02-27,,1.42,,1.25,1.58,1.74,1.91,1.57,1.67,1.74,1.92,2.02,,,
2018-02-28,,1.35,,1.25,1.62,1.77,1.89,1.66,1.75,1.76,1.94,2.09,2.25,,
2018-03-01,,1.42,,1.25,1.6,1.81,1.96,1.77,1.69,1.74,1.94,2.15,2.26,,
2018-03-02,,1.42,,1.25,1.64,1.78,1.91,1.65,1.74,1.76,2.02,2.1,2.19,,
2018-03-05,,1.42,,1.25,1.58,1.8,2.01,1.6,1.68,1.75,2.03,2.11,2.2,,
2018-03-06,,1.42,,1.25,1.6,1.84,2.04,1.62,1.75,1.87,2.04,2.14,2.2,,
2018-03-07,,1.42,,1.25,1.63,1.71,1.79,1.67,1.79,1.85,2.05,2.16,2.28,,
2018-03-08,,1.42,,1.25,1.67,1.85,2.02,1.75,1.84,1.88,2.08,2.15,2.22,,
2018-03-09,,1.42,,1.25,1.67,1.86,2.09,1.75,1.83,1.91,2.12,2.28,2.45,,
2018-03-12,,1.42,,1.25,1.71,1.88,2.05,1.75,1.84,1.88,2.15,2.32,2.48,,
2018-03-13,,1.42,,1.25,1.64,1.87,2.05,1.78,1.83,1.9,2.18,2.38,2.59,,
2018-03-14,,1.42,,1.25,1.69,1.87,1.92,1.78,1.84,1.91,2.22,2.36,2.52,,
2018-03-15,,1.43,,1.25,1.66,1.9,2.09,1.81,1.84,1.91,2.28,2.35,2.42,,
2018-03-16,,1.43,,1.25,1.65,1.88,2.1,1.81,1.85,1.9,2.32,2.4,2.48,,
2018-03-19,,1.43,,1.25,1.77,1.94,2.09,1.83,1.88,1.94,2.31,2.43,2.56,,
2018-03-20,,1.44,,1.25,1.8,1.97,2.18,1.86,1.85,1.9,2.34,2.53,,,
2018-03-21,,1.44,,1.25,1.82,1.96,2.25,1.78,1.87,1.93,2.36,2.44,2.51,,
2018-03-22,,1.68,,1.5,1.83,2.0,2.21,1.86,1.87,1.91,2.41,2.54,2.66,,
2018-03-23,,1.68,,1.5,1.85,1.99,2.15,1.84,1.87,1.94,2.37,2.54,,,
2018-03-26,,1.68,,1.5,1.75,,1.92,1.85,1.9,1.95,2.4,2.56,,,
2018-03-27,,1.68,,1.5,1.87,2.07,2.2,1.89,1.87,1.99,2.39,2.54,,,
2018-03-28,,1.68,,1.5,1.87,2.07,2.24,1.84,1.88,2.02,2.38,2.52,2.67,,
2018-03-29,,1.68,,,1.86,2.01,2.21,1.86,1.89,2.02,2.41,2.44,,,
2018-03-30,,1.67,,,,2.03,2.31,,,,,,,,
2018-04-02,1.8,1.68,,1.5,1.85,2.01,2.3,1.83,1.9,,2.4,2.62,,1.77,1.77
2018-04-03,1.83,1.69,,1.5,1.8,2.02,2.31,1.81,1.88,2.01,2.4,2.57,2.73,1.81,1.81
2018-04-04,1.74,1.69,,1.5,1.75,2.01,2.24,1.83,1.91,2.05,2.41,2.54,2.67,1.7,1.7
2018-04-05,1.75,1.69,,1.5,1.79,2.02,2.25,1.87,1.89,1.98,2.39,2.49,2.59,1.7,1.7
2018-04-06,1.75,1.69,,1.5,1.75,,2.29,1.82,1.9,1.99,2.35,2.53,,1.7,1.7
2018-04-09,1.75,1.69,,1.5,1.85,2.06,2.23,1.81,1.91,2.0,2.35,2.52,2.69,1.7,1.7
2018-04-10,1.75,1.69,,1.5,1.82,2.0,2.29,1.8,1.89,2.0,2.38,2.46,,1.7,1.7
2018-04-11,1.76,1.69,,1.5,1.86,2.01,2.27,1.83,1.88,2.0,2.33,2.46,,1.7,1.7
2018-04-12,1.73,1.69,,1.5,1.79,1.9,2.01,1.81,1.88,2.0,2.33,2.41,,1.68,1.68
2018-04-13,1.72,1.69,,1.5,1.83,,2.29,1.81,1.87,1.99,2.35,2.4,,1.68,1.68
2018-04-16,1.77,1.69,,1.5,,1.98,2.12,1.82,1.86,1.97,2.33,2.47,,1.7,1.7
2018-04-17,1.76,1.69,,1.5,1.86,2.04,2.22,1.83,1.86,2.01,2.3,2.44,,1.7,1.7
2018-04-18,1.75,1.69,,1.5,1.85,2.04,2.24,1.82,1.9,2.01,2.29,2.38,,1.69,1.69
2018-04-19,1.73,1.69,,1.5,1.83,2.05,2.31,1.81,1.87,2.02,2.22,2.34,2.46,1.67,1.67
2018-04-20,1.72,1.7,,1.5,,1.86,1.95,1.87,1.89,1.96,2.28,2.3,,1.67,1.67
2018-04-23,1.7,1.7,,1.5,1.79,1.9,2.0,1.82,1.88,2.03,2.25,2.37,,1.67,1.67
2018-04-24,1.71,1.7,,1.5,1.84,2.03,2.26,1.81,1.9,1.99,2.29,2.43,,1.68,1.68
2018-04-25,1.71,1.7,,1.5,1.84,2.02,2.22,1.81,1.9,2.0,2.28,2.44,2.63,1.67,1.67
2018-04-26,1.72,1.7,,1.5,1.84,2.01,2.22,1.82,1.9,1.99,2.28,2.37,2.47,1.67,1.67
2018-04-27,1.72,1.7,,1.5,1.77,,1.95,1.83,1.9,2.04,2.3,2.38,,1.68,1.68
2018-04-30,1.77,1.69,,1.5,1.85,2.04,2.22,1.9,1.88,1.99,2.28,2.44,,1.71,1.72
2018-05-01,1.76,1.7,,1.5,1.79,1.9,2.01,1.83,1.98,2.14,2.26,,,1.7,1.7
2018-05-02,1.75,1.7,,1.5,1.71,1.97,2.23,1.84,1.93,2.01,2.28,2.44,,1.7,1.7
2018-05-03,1.74,1.7,,1.5,1.81,1.99,2.17,1.84,1.9,2.03,2.3,2.36,2.59,1.7,1.7
2018-05-04,1.72,1.7,,1.5,1.75,2.02,2.2,1.85,1.9,2.01,2.29,2.35,2.41,1.68,1.68
2018-05-07,1.71,1.7,,1.5,1.85,2.05,2.27,1.81,1.92,2.03,2.34,2.33,,1.67,1.67
2018-05-08,1.72,1.7,,1.5,,2.02,2.19,1.8,1.9,2.03,2.24,2.23,2.2,1.68,1.68
2018-05-09,1.72,1.7,,1.5,1.73,1.97,2.25,1.79,1.89,2.03,2.25,2.36,2.48,1.68,1.68
2018-05-10,1.73,1.7,,1.5,,2.02,2.19,1.77,1.88,2.01,2.24,2.39,2.52,1.69,1.69
2018-05-11,1.73,1.7,,1.5,,1.8,1.85,1.79,1.9,2.01,2.23,2.36,,1.7,1.7
2018-05-14,1.75,1.7,,1.5,,2.04,2.23,1.8,1.92,1.96,2.24,2.39,2.45,1.7,1.7
2018-05-15,1.79,1.7,,1.5,1.86,2.04,2.17,1.81,1.91,2.01,2.26,2.41,2.55,1.73,1.73
2018-05-16,1.75,1.7,,1.5,1.79,2.0,2.17,1.81,1.93,2.03,2.22,2.38,,1.7,1.7
2018-05-17,1.74,1.7,,1.5,,2.02,2.19,1.82,1.93,2.04,2.25,2.38,2.48,1.71,1.71
2018-05-18,1.73,1.7,,1.5,1.92,,2.23,1.82,1.92,2.03,2.24,2.42,2.65,1.69,1.69
2018-05-21,1.69,1.7,,1.5,1.88,2.03,2.17,1.81,1.91,2.01,2.25,,,1.66,1.66
2018-05-22,1.65,1.7,,1.5,1.79,1.88,1.98,1.81,1.93,2.02,2.2,2.32,,1.63,1.63
2018-05-23,1.67,1.7,,1.5,1.79,,1.99,1.83,1.92,2.03,2.26,2.3,,1.63,1.63
2018-05-24,1.74,1.7,,1.5,1.84,2.02,2.21,1.84,1.94,2.05,2.25,2.34,,1.71,1.71
2018-05-25,1.73,1.7,,1.5,1.84,2.01,2.21,1.84,1.93,2.02,2.23,2.28,2.32,1.7,1.7
2018-05-28,,,,,,,,,,,,,,,
2018-05-29,1.72,1.7,,1.5,1.86,,2.23,1.84,1.94,2.03,2.24,2.4,2.57,1.7,1.7
2018-05-30,1.72,1.7,,1.5,1.87,2.02,2.18,1.85,1.94,2.03,2.26,2.37,,1.7,1.7
2018-05-31,1.81,1.7,,1.5,1.86,2.02,2.17,1.86,1.95,2.03,2.23,2.36,,1.78,1.78
2018-06-01,1.81,1.7,,1.5,1.79,1.98,2.16,1.86,1.94,2.01,2.23,2.44,2.7,1.77,1.77
2018-06-04,1.8,1.7,,1.5,1.84,2.04,2.19,1.87,1.94,2.02,2.2,2.44,2.68,1.76,1.76
2018-06-05,1.75,1.7,,1.5,1.88,2.02,2.17,1.87,1.95,2.04,2.24,2.47,2.6,1.72,1.72
2018-06-06,1.73,1.7,,1.5,1.83,2.02,2.16,1.87,1.97,2.07,2.25,2.46,2.61,1.7,1.7
2018-06-07,1.71,1.7,,1.5,,2.01,2.16,1.85,1.97,2.07,2.26,2.41,2.61,1.69,1.69
2018-06-08,1.69,1.7,,1.5,1.94,2.06,2.17,1.92,1.99,2.06,2.29,2.42,2.61,1.67,1.67
2018-06-11,1.69,1.7,,1.5,,2.06,2.2,1.94,,2.08,2.29,2.44,2.59,1.66,1.66
2018-06-12,1.67,1.7,,1.5,1.85,2.04,2.2,1.94,2.02,2.1,2.3,2.37,2.44,1.65,1.65
2018-06-13,1.71,1.7,,1.5,,2.03,2.13,1.95,2.01,2.09,2.33,2.46,2.59,1.68,1.68
2018-06-14,1.9,1.9,,1.75,,2.04,2.25,1.99,2.0,2.07,2.34,2.47,2.59,1.87,1.87
2018-06-15,1.91,1.9,,1.75,,2.05,2.17,1.97,2.03,2.1,2.34,,,1.87,1.87
2018-06-18,1.9,1.9,,1.75,1.96,2.04,2.18,1.96,2.02,2.1,2.34,2.42,2.51,1.85,1.85
2018-06-19,1.88,1.91,,1.75,1.97,2.05,2.13,1.97,2.01,2.08,2.32,2.45,2.6,1.84,1.84
2018-06-20,1.87,1.92,,1.75,1.89,2.07,2.23,1.96,2.02,2.07,2.36,2.48,2.58,1.83,1.83
2018-06-21,1.87,1.92,,1.75,,2.03,2.22,1.94,2.0,2.09,2.34,2.44,2.55,1.83,1.83
2018-06-22,1.92,1.92,,1.75,1.96,2.07,2.17,1.95,2.03,2.11,2.32,2.44,2.55,1.9,1.9
2018-06-25,1.91,1.92,,1.75,1.95,2.09,2.23,1.95,2.01,2.11,2.33,2.48,2.63,1.89,1.89
2018-06-26,1.9,1.92,,1.75,2.0,2.13,2.25,2.0,2.01,,2.33,2.45,2.56,1.89,1.89
2018-06-27,1.9,1.91,,1.75,,2.09,2.19,1.93,2.01,2.12,2.35,2.46,,1.88,1.88
2018-06-28,1.93,1.91,,1.75,1.98,2.06,2.15,2.0,2.05,2.1,2.34,2.36,,1.9,1.9
2018-06-29,2.12,1.91,,1.75,,,2.2,,2.01,,2.35,2.42,2.53,2.1,2.1
2018-07-02,2.04,1.91,,1.75,1.97,2.09,2.21,1.98,2.03,,2.33,2.4,2.56,2.0,2.0
2018-07-03,2.0,1.91,,1.75,1.93,2.06,2.21,1.94,2.0,,2.3,2.34,,1.97,1.98
2018-07-04,,,,,,,,,,,,,,,
2018-07-05,1.97,1.91,,1.75,1.99,2.1,2.2,1.95,2.02,,2.29,2.42,,1.95,1.95
2018-07-06,1.93,1.91,,1.75,1.96,2.02,2.1,1.96,2.03,2.11,2.32,,,1.9,1.9
2018-07-09,1.89,1.91,,1.75,1.97,2.1,2.22,1.91,1.89,,2.3,2.39,2.48,1.87,1.87
2018-07-10,1.89,1.91,,1.75,1.99,2.09,2.18,1.98,2.05,2.12,2.29,2.36,2.44,1.87,1.87
2018-07-11,1.89,1.91,,1.75,1.96,2.04,2.11,1.97,2.02,2.13,2.29,2.41,2.59,1.86,1.86
2018-07-12,1.9,1.91,,1.75,1.94,2.07,2.19,1.97,2.03,2.14,2.3,2.38,2.45,1.87,1.87
2018-07-13,1.9,1.91,,1.75,1.93,2.06,2.19,,2.1,2.14,2.28,2.35,2.42,1.87,1.87
2018-07-16,1.95,1.91,,1.75,1.95,2.06,2.13,1.97,2.04,2.11,2.32,2.35,2.38,1.92,1.92
2018-07-17,1.92,1.91,,1.75,1.94,2.02,2.1,,2.1,2.1,2.26,2.36,2.45,1.9,1.91
2018-07-18,1.9,1.91,,1.75,1.92,2.14,2.21,,2.05,2.14,2.29,2.36,,1.87,1.87
2018-07-19,1.9,1.91,,1.75,,,2.19,1.96,2.04,2.12,2.26,2.39,2.53,1.88,1.88
2018-07-20,1.88,1.91,,1.75,1.96,2.04,2.12,,2.04,2.13,2.27,2.33,2.42,1.86,1.86
2018-07-23,1.87,1.91,,1.75,1.96,2.04,2.11,1.96,2.02,2.11,2.26,2.34,2.42,1.86,1.86
2018-07-24,1.9,1.91,,1.75,,2.09,2.22,1.99,2.06,2.13,2.24,2.36,2.48,1.89,1.89
2018-07-25,1.87,1.91,,1.75,,2.09,2.2,1.93,1.97,2.05,2.28,2.39,2.51,1.86,1.86
2018-07-26,1.9,1.91,,1.75,1.96,2.04,2.12,1.91,2.01,2.11,2.26,2.35,,1.89,1.89
2018-07-27,1.88,1.91,,1.75,,2.08,2.18,1.92,2.0,2.12,2.27,2.39,2.51,1.87,1.87
2018-07-30,1.88,1.91,,1.75,,2.04,2.12,1.97,2.01,2.14,2.27,2.39,,1.86,1.86
2018-07-31,1.93,1.91,,1.75,1.98,2.11,2.23,,2.01,2.11,2.27,2.39,,1.91,1.91
2018-08-01,1.88,1.91,,1.75,1.97,2.1,2.24,1.97,2.02,2.12,2.26,2.22,2.43,1.86,1.86
2018-08-02,1.91,1.91,,1.75,1.92,2.1,2.24,1.94,2.01,2.11,2.26,2.34,2.41,1.9,1.9
2018-08-03,1.86,1.91,,1.75,1.99,2.1,2.21,1.94,2.03,2.12,2.25,2.37,,1.83,1.83
2018-08-06,1.86,1.91,,1.75,1.99,2.12,2.24,1.93,2.01,2.09,2.25,2.25,2.35,1.84,1.84
2018-08-07,1.87,1.91,,1.75,1.95,2.09,2.23,1.97,1.98,2.09,2.2,2.4,2.36,1.86,1.86
2018-08-08,1.88,1.91,,1.75,1.89,2.07,2.23,1.94,2.0,2.11,2.26,2.33,2.39,1.87,1.87
2018-08-09,1.91,1.91,,1.75,1.93,2.08,2.21,1.95,2.0,2.13,2.22,2.33,,1.9,1.9
2018-08-10,1.9,1.91,,1.75,1.96,2.06,2.15,1.98,2.04,2.1,2.24,2.36,2.49,1.87,1.87
2018-08-13,1.91,1.91,,1.75,1.97,2.05,2.13,1.94,2.04,2.12,2.25,2.35,2.45,1.89,1.89
2018-08-14,1.93,1.91,,1.75,2.02,2.08,2.15,1.95,2.06,2.12,2.26,,,1.91,1.91
2018-08-15,1.98,1.91,,1.75,2.05,,2.19,,2.03,2.11,2.25,2.34,2.42,1.97,1.97
2018-08-16,1.99,1.92,,1.75,2.05,,2.24,1.96,2.04,2.12,2.24,,,1.98,1.98
2018-08-17,1.9,1.92,,1.75,2.06,,2.25,1.94,2.0,2.05,2.22,2.3,2.38,1.9,1.9
2018-08-20,1.9,1.92,,1.75,1.98,2.07,2.16,1.98,2.06,2.14,2.24,2.34,,1.89,1.89
2018-08-21,1.9,1.92,,1.75,1.98,,2.15,1.9,2.01,2.11,2.25,2.35,,1.88,1.88
2018-08-22,1.9,1.92,,1.75,1.93,2.02,2.12,1.95,2.04,2.13,2.19,2.36,,1.89,1.89
2018-08-23,1.94,1.92,,1.75,,,2.21,1.94,2.01,,2.19,2.31,2.43,1.92,1.92
2018-08-24,1.95,1.92,,1.75,1.97,,2.15,1.98,,,2.23,2.34,2.45,1.94,1.94
2018-08-27,1.95,1.92,,1.75,1.98,2.09,2.2,1.97,,,2.28,2.32,,1.94,1.94
2018-08-28,1.95,1.92,,1.75,,2.08,2.18,1.97,,,2.23,2.26,2.28,1.94,1.94
2018-08-29,1.93,1.92,,1.75,1.97,2.05,2.13,2.01,2.06,2.16,2.23,2.34,2.45,1.92,1.92
2018-08-30,1.93,1.92,,1.75,1.96,,2.28,2.0,2.0,2.15,2.19,2.33,,1.92,1.92
2018-08-31,1.97,1.91,,1.75,1.98,,2.15,2.02,,,2.25,2.34,,1.95,1.95
2018-09-03,,,,,,,,,,,,,,,
2018-09-04,1.95,1.92,,1.75,2.0,2.09,2.18,1.99,2.07,2.15,2.27,2.37,2.55,1.93,1.93
2018-09-05,1.95,1.92,,1.75,1.97,2.13,2.28,1.97,,,2.27,2.34,2.43,1.93,1.93
2018-09-06,1.94,1.92,,1.75,2.03,2.1,2.3,2.0,,,2.22,2.48,2.45,1.91,1.91
2018-09-07,1.94,1.92,,1.75,1.99,2.1,2.19,2.04,2.18,,2.24,2.37,2.49,1.91,1.91
2018-09-10,1.94,1.92,,1.75,,,2.19,2.02,2.1,,2.25,2.36,2.47,1.92,1.92
2018-09-11,1.94,1.92,,1.75,1.99,2.12,2.21,2.05,,,2.25,2.37,2.49,1.92,1.92
2018-09-12,1.94,1.92,,1.75,1.97,2.11,2.22,2.01,2.09,2.16,2.28,2.39,2.5,1.92,1.92
2018-09-13,1.94,1.92,,1.75,2.05,,2.24,1.99,,,2.32,2.43,2.55,1.91,1.91
2018-09-14,1.95,1.92,,1.75,,,2.22,2.06,,,2.29,2.41,,1.91,1.91
2018-09-17,2.0,1.92,,1.75,1.99,2.15,2.23,2.03,,,2.34,2.42,,1.97,1.97
2018-09-18,1.94,1.92,,1.75,2.06,2.14,2.22,2.09,,,2.35,2.45,2.55,1.91,1.91
2018-09-19,1.92,1.92,,1.75,2.04,2.15,2.23,2.09,,,2.36,2.46,2.57,1.9,1.9
2018-09-20,1.92,1.92,,1.75,2.04,2.16,2.25,2.18,2.24,,2.36,2.47,2.62,1.9,1.9
2018-09-21,1.92,1.92,,1.75,,2.11,2.21,2.1,2.17,,2.38,2.48,2.58,1.9,1.9
2018-09-24,1.95,1.93,,1.75,2.05,2.14,2.24,2.07,2.13,2.2,2.4,2.47,,1.94,1.94
2018-09-25,1.93,1.93,,1.75,,,2.26,2.09,2.14,2.21,2.44,,,1.91,1.91
2018-09-26,1.92,1.93,,1.75,,,2.27,2.11,2.18,,2.41,2.5,,1.91,1.91
2018-09-27,2.16,2.18,,2.0,,,2.35,2.15,2.18,2.23,2.44,2.47,,2.15,2.15
2018-09-28,2.25,2.18,,2.0,2.21,,2.33,2.13,2.19,,2.44,2.51,,2.24,2.24
2018-10-01,2.22,2.18,,2.0,2.17,2.2,2.26,2.15,2.2,2.25,2.46,2.51,2.56,2.2,2.2
2018-10-02,2.2,2.18,,2.0,2.17,2.2,2.28,2.19,2.23,2.28,2.45,2.6,2.76,2.18,2.18
2018-10-03,2.2,2.18,,2.0,2.16,2.23,2.3,2.21,2.22,2.24,2.46,2.53,2.6,2.18,2.18
2018-10-04,2.18,2.18,,2.0,2.18,2.25,2.32,2.22,2.24,2.22,2.47,2.52,2.55,2.17,2.17
2018-10-05,2.16,2.18,,2.0,2.17,2.22,2.3,2.21,2.21,,2.47,2.6,2.64,2.14,2.14
2018-10-08,,,,,,,,,,,,,,,
2018-10-09,2.15,2.18,,2.0,2.19,2.25,2.3,2.22,2.3,2.4,2.48,2.55,2.62,2.13,2.13
2018-10-10,2.15,2.18,,2.0,,2.27,2.33,2.2,2.22,2.26,2.43,2.58,2.71,2.14,2.14
2018-10-11,2.17,2.18,,2.0,,2.24,2.32,2.21,2.22,2.27,2.46,2.53,2.71,2.16,2.16
2018-10-12,2.18,2.18,,2.0,,2.25,2.34,2.24,2.23,,2.44,2.55,2.65,2.16,2.16
2018-10-15,2.21,2.18,,2.0,2.23,2.3,2.38,2.22,2.26,2.3,2.47,2.55,2.64,2.19,2.19
2018-10-16,2.18,2.18,,2.0,2.2,2.27,2.37,2.2,2.25,2.3,2.48,2.56,2.64,2.17,2.17
2018-10-17,2.18,2.19,,2.0,2.2,2.26,2.31,2.24,2.27,2.3,2.45,2.57,2.66,2.17,2.17
2018-10-18,2.19,2.19,,2.0,2.22,2.3,2.39,2.22,2.27,2.3,2.49,2.57,2.65,2.18,2.18
2018-10-19,2.19,2.19,,2.0,2.21,2.28,2.36,2.27,2.35,2.44,2.49,2.59,,2.17,2.17
2018-10-22,2.18,2.19,,2.0,2.23,2.31,2.42,2.25,2.3,2.35,2.49,2.52,,2.17,2.17
2018-10-23,2.17,2.2,,2.0,2.2,2.31,2.43,2.23,2.29,2.33,2.47,2.56,2.7,2.15,2.15
2018-10-24,2.18,2.2,,2.0,2.21,2.32,2.41,2.28,2.31,2.33,2.42,2.57,2.67,2.16,2.16
2018-10-25,2.19,2.2,,2.0,2.27,2.35,2.44,2.29,2.32,2.37,2.47,2.62,2.78,2.17,2.17
2018-10-26,2.19,2.2,,2.0,2.26,2.35,2.44,2.23,,2.34,2.48,2.59,2.69,2.17,2.17
2018-10-29,2.18,2.2,,2.0,2.27,2.38,2.54,2.23,2.3,2.36,2.5,2.62,2.74,2.17,2.17
2018-10-30,2.18,2.2,,2.0,,2.35,2.49,2.21,2.29,2.34,2.49,2.6,2.71,2.17,2.17
2018-10-31,2.22,2.2,,2.0,,2.38,2.51,2.24,,,2.5,2.62,,2.19,2.19
2018-11-01,2.22,2.2,,2.0,2.21,2.37,2.51,2.32,,,2.49,2.65,2.82,2.2,2.2
2018-11-02,2.25,2.19,,2.0,2.28,2.4,2.51,2.25,,,2.51,2.61,2.68,2.24,2.24
2018-11-05,2.24,2.2,,2.0,2.2,2.35,2.49,2.27,2.32,,2.53,2.63,2.74,2.23,2.23
2018-11-06,2.22,2.2,,2.0,2.26,2.39,2.52,2.22,2.29,2.36,2.53,2.66,2.79,2.22,2.22
2018-11-07,2.18,2.2,,2.0,2.26,,2.51,2.28,2.33,,2.53,2.63,2.74,2.16,2.16
2018-11-08,2.21,2.2,,2.0,2.29,,2.55,2.28,2.32,,2.54,2.68,2.87,2.2,2.2
2018-11-09,2.2,2.19,,2.0,2.25,2.36,2.47,2.29,2.34,2.37,2.53,2.66,2.83,2.19,2.19
2018-11-12,,,,,,,,,,,,,,,
2018-11-13,2.2,2.2,,2.0,2.23,,2.53,2.2,1.98,,2.53,2.65,2.77,2.17,2.17
2018-11-14,2.2,2.2,,2.0,2.26,,2.48,2.29,2.35,2.41,2.55,2.67,2.8,2.17,2.17
2018-11-15,2.28,2.2,,2.0,2.77,,2.8,2.31,2.36,2.42,2.56,2.7,2.85,2.26,2.26
2018-11-16,2.26,2.2,,2.0,2.24,,2.49,2.34,2.4,2.46,2.56,2.72,2.98,2.25,2.25
2018-11-19,2.24,2.2,,2.0,2.3,2.45,2.59,2.32,2.4,2.46,2.59,2.7,2.8,2.22,2.22
2018-11-20,2.2,2.2,,2.0,2.32,2.5,2.67,2.31,2.39,2.47,2.58,2.82,2.92,2.18,2.18
2018-11-21,2.18,2.2,,2.0,2.29,2.43,2.57,2.25,2.38,2.46,2.65,2.81,2.97,2.17,2.17
2018-11-22,,,,,,,,,,,,,,,
2018-11-23,2.23,2.2,,2.0,,2.34,,,2.38,,,,3.06,2.22,2.22
2018-11-26,2.2,2.2,,2.0,2.32,2.48,2.65,2.3,2.4,2.48,2.64,2.75,2.87,2.18,2.18
2018-11-27,2.19,2.2,,2.0,2.27,2.46,2.65,,,2.5,2.88,2.84,3.0,2.17,2.17
2018-11-28,2.19,2.2,,2.0,2.27,2.33,2.48,2.3,2.41,2.47,2.71,2.85,2.95,2.19,2.19
2018-11-29,2.24,2.2,,2.0,,2.44,2.56,2.34,2.42,2.5,2.76,2.84,3.0,2.23,2.23
2018-11-30,2.28,2.2,,2.0,2.3,,2.6,2.27,2.39,2.46,2.69,2.9,3.04,2.27,2.27
2018-12-03,2.23,2.19,,2.0,2.29,2.48,2.67,2.31,2.39,2.47,2.74,2.93,3.04,2.22,2.22
2018-12-04,2.27,2.2,,,,2.5,2.69,2.42,2.42,2.48,2.72,2.81,2.88,2.23,2.23
2018-12-05,,2.2,,,,2.5,2.68,,,,,,,,
2018-12-06,2.34,2.2,,2.0,2.34,2.51,2.72,2.42,2.43,2.49,2.82,2.95,3.13,2.31,2.31
2018-12-07,2.3,2.19,,2.0,,2.51,2.64,2.3,,2.46,2.83,3.09,,2.28,2.28
2018-12-10,2.22,2.2,,2.0,2.29,,2.54,2.39,2.45,2.51,2.88,2.99,3.04,2.2,2.2
2018-12-11,2.19,2.19,,2.0,,2.54,2.7,2.41,2.45,,2.91,2.99,3.05,2.17,2.17
2018-12-12,2.2,2.19,,2.0,,2.51,2.67,2.44,2.5,2.55,2.91,3.0,3.09,2.17,2.17
2018-12-13,2.21,2.19,,2.0,,,2.56,2.47,2.52,2.56,2.9,2.96,3.0,2.18,2.18
2018-12-14,2.21,2.19,,2.0,2.38,2.57,2.77,2.46,2.52,,2.89,3.0,3.02,2.19,2.19
2018-12-17,2.31,2.2,,2.0,,2.56,2.72,2.47,2.51,2.51,2.95,3.03,3.12,2.28,2.28
2018-12-18,2.32,2.2,,2.0,,2.61,2.76,2.48,2.54,2.58,2.94,3.03,3.13,2.3,2.3
2018-12-19,2.3,2.2,,2.0,,2.58,2.72,2.5,2.52,2.55,2.96,3.03,3.13,2.29,2.29
2018-12-20,2.41,2.4,,2.25,2.55,2.66,2.77,2.5,2.49,2.55,3.03,3.11,3.2,2.4,2.4
2018-12-21,2.4,2.4,,2.25,2.42,,2.56,2.49,2.49,2.55,3.07,3.09,3.13,2.39,2.39
2018-12-24,2.41,2.4,,2.25,,,,,,,2.94,,,2.41,2.41
2018-12-25,,,,,,,,,,,,,,,
2018-12-26,2.44,2.4,,2.25,,,2.78,,,,3.09,3.0,,2.43,2.43
2018-12-27,2.44,2.4,,2.25,,,2.77,,,,3.0,,,2.43,2.43
2018-12-28,2.46,2.4,,2.25,,,,2.42,,,3.05,,,2.45,2.45
2018-12-31,3.0,2.4,,2.25,2.42,,2.67,2.5,,,2.95,3.15,,2.95,2.95
2019-01-01,,,,,,,,,,,,,,,
2019-01-02,3.15,2.4,,2.25,2.39,2.57,2.69,2.5,2.54,2.57,2.94,3.03,,3.1,3.1
2019-01-03,2.7,2.4,,2.25,2.39,2.51,2.64,2.5,2.51,2.56,2.85,3.02,3.1,2.7,2.7
2019-01-04,2.45,2.4,,2.25,,2.55,2.67,2.47,2.52,2.57,2.89,2.92,2.95,2.43,2.43
2019-01-07,2.41,2.4,,2.25,2.47,2.59,2.66,2.48,2.52,2.56,2.87,3.01,3.1,2.38,2.38
2019-01-08,2.42,2.4,,2.25,2.49,2.53,2.56,2.49,2.53,2.57,2.86,3.01,3.07,2.4,2.4
2019-01-09,2.45,2.4,,2.25,2.43,,2.6,2.48,2.54,2.6,2.83,3.01,3.11,2.44,2.44
2019-01-10,2.43,2.4,,2.25,,2.53,2.63,2.48,2.52,2.57,2.85,2.98,3.04,2.41,2.41
2019-01-11,2.41,2.4,,2.25,2.47,2.58,2.67,2.51,2.54,2.57,2.8,2.88,2.96,2.38,2.38
2019-01-14,2.4,2.4,,2.25,2.45,2.61,2.67,2.53,2.51,2.57,2.86,2.91,3.06,2.38,2.38
2019-01-15,2.46,2.4,,2.25,,2.54,2.64,2.48,2.52,2.53,2.79,2.9,2.98,2.41,2.41
2019-01-16,2.43,2.4,,2.25,,2.44,2.52,2.43,2.49,2.55,2.8,2.91,3.0,2.37,2.37
2019-01-17,2.41,2.4,,2.25,,,2.62,2.51,2.49,2.57,2.78,2.9,2.95,2.37,2.37
2019-01-18,2.42,2.4,,2.25,2.4,,2.49,,2.49,2.51,2.76,2.87,,2.37,2.37
2019-01-21,,,,,,,,,,,,,,,
2019-01-22,2.41,2.4,,2.25,2.41,2.47,2.53,2.49,2.5,2.52,2.79,2.88,2.98,2.37,2.37
2019-01-23,2.4,2.4,,2.25,,,2.5,2.4,2.48,2.57,2.76,2.89,2.97,2.38,2.38
2019-01-24,2.41,2.4,,2.25,2.43,,2.52,2.4,2.45,2.5,2.77,2.87,2.92,2.4,2.4
2019-01-25,2.4,2.4,,2.25,,2.51,2.58,2.45,2.51,2.55,2.79,2.87,3.02,2.38,2.38
2019-01-28,2.39,2.4,,2.25,,2.56,2.59,2.43,2.48,2.53,2.77,2.89,3.01,2.37,2.37
2019-01-29,2.4,2.4,,2.25,2.44,2.57,2.6,2.47,2.48,2.54,2.76,2.98,2.96,2.37,2.37
2019-01-30,2.39,2.4,,2.25,2.41,,2.5,2.51,2.46,2.52,2.74,2.88,3.03,2.36,2.36
2019-01-31,2.58,2.4,,2.25,,2.48,2.54,2.42,2.46,2.52,2.76,2.81,2.85,2.55,2.55
2019-02-01,2.47,2.4,,2.25,2.43,2.51,2.57,2.4,2.46,2.5,2.76,2.83,2.87,2.44,2.44
2019-02-04,2.4,2.4,,2.25,,,2.53,2.43,2.47,2.5,2.76,2.87,2.99,2.38,2.38
2019-02-05,2.4,2.4,,2.25,2.42,,2.55,2.39,2.43,2.46,2.73,2.8,2.87,2.37,2.37
2019-02-06,2.38,2.4,,2.25,2.4,2.45,2.51,2.45,2.46,2.48,2.76,2.83,2.89,2.35,2.35
2019-02-07,2.38,2.4,,2.25,2.36,2.44,2.5,2.41,2.46,2.49,2.74,2.89,3.05,2.36,2.36
2019-02-08,2.37,2.4,,2.25,,,2.53,2.45,2.49,2.51,2.73,2.81,2.9,2.35,2.35
2019-02-11,2.4,2.4,,2.25,,2.41,2.43,2.41,2.46,2.51,2.74,2.81,2.87,2.4,2.4
2019-02-12,2.39,2.4,,2.25,2.4,2.42,2.44,2.42,2.46,2.49,2.71,2.77,2.84,2.36,2.36
2019-02-13,2.38,2.4,,2.25,2.39,2.42,2.45,2.42,2.45,,2.69,2.77,2.85,2.36,2.36
2019-02-14,2.39,2.4,,2.25,,2.48,2.52,2.43,2.46,2.48,2.71,2.77,,2.36,2.36
2019-02-15,2.43,2.4,,2.25,2.41,2.44,2.46,2.44,2.45,2.48,2.73,2.82,2.92,2.41,2.41
2019-02-18,,,,,,,,,,,,,,,
2019-02-19,2.4,2.4,,2.25,,,2.52,2.46,2.46,2.5,2.72,2.78,2.83,2.37,2.37
2019-02-20,2.39,2.4,,2.25,2.42,2.44,2.46,2.41,,,2.72,2.79,2.85,2.37,2.37
2019-02-21,2.39,2.4,,2.25,2.45,2.46,2.48,2.42,2.45,2.49,2.72,2.77,2.82,2.37,2.37
2019-02-22,2.4,2.4,,2.25,2.41,2.48,2.51,2.44,2.46,2.49,2.73,2.78,2.83,2.37,2.37
2019-02-25,2.38,2.4,,2.25,,,2.44,2.43,2.45,2.48,2.72,2.82,2.95,2.37,2.37
2019-02-26,2.38,2.4,,2.25,,,2.43,2.46,2.45,2.49,2.7,2.71,2.71,2.37,2.37
2019-02-27,2.37,2.4,,2.25,2.41,2.43,2.45,2.46,2.47,2.5,2.73,2.83,2.93,2.37,2.37
2019-02-28,2.58,2.4,,2.25,,2.47,2.58,2.42,,2.5,2.73,2.86,3.0,2.55,2.55
2019-03-01,2.38,2.4,,2.25,2.4,2.46,2.6,2.43,2.45,2.5,2.7,2.7,2.69,2.36,2.36
2019-03-04,2.38,2.4,,2.25,2.41,2.45,2.49,2.43,2.45,2.47,2.73,2.83,2.94,2.36,2.36
2019-03-05,2.38,2.4,,2.25,2.39,2.44,2.49,2.39,2.44,2.49,2.71,2.84,2.97,2.36,2.36
2019-03-06,2.38,2.4,,2.25,2.42,2.44,2.46,2.42,,2.51,2.72,2.81,2.9,2.36,2.36
2019-03-07,2.38,2.4,,2.25,2.44,2.47,2.49,2.41,2.45,2.47,2.71,2.97,3.33,2.37,2.37
2019-03-08,2.39,2.4,,2.25,,2.44,2.47,2.43,,2.49,2.72,2.78,2.84,2.36,2.36
2019-03-11,2.38,2.4,,2.25,,2.46,2.49,2.42,2.45,2.48,2.71,2.76,2.82,2.36,2.36
2019-03-12,2.39,2.4,,2.25,,2.43,2.46,2.42,2.46,2.49,2.75,2.79,2.86,2.37,2.37
2019-03-13,2.4,2.4,,2.25,2.4,2.42,2.46,2.42,2.46,2.49,2.72,2.8,2.88,2.38,2.38
2019-03-14,2.42,2.4,,2.25,2.42,2.38,2.41,2.42,2.45,2.48,2.75,2.88,3.01,2.39,2.39
2019-03-15,2.46,2.4,,2.25,2.4,2.45,2.51,2.46,2.46,2.49,2.74,2.85,2.99,2.43,2.43
2019-03-18,2.41,2.4,,2.25,,2.47,2.52,2.45,2.46,2.48,2.73,2.79,2.85,2.38,2.38
2019-03-19,2.42,2.4,,2.25,,2.47,2.5,2.48,2.47,2.51,2.74,2.87,2.99,2.4,2.4
2019-03-20,2.47,2.41,,2.25,2.44,2.47,2.5,2.44,2.45,2.49,2.73,2.81,2.87,2.46,2.46
2019-03-21,2.44,2.41,,2.25,,2.46,2.5,2.42,2.48,2.5,2.72,2.79,2.84,2.42,2.43
2019-03-22,2.4,2.41,,2.25,,,2.32,2.46,2.45,2.5,2.72,2.77,2.83,2.38,2.38
2019-03-25,2.4,2.4,,2.25,2.42,2.46,2.49,2.46,2.49,,2.72,2.8,2.88,2.37,2.37
2019-03-26,2.4,2.4,,2.25,2.48,,2.51,2.46,2.46,2.47,2.72,2.76,2.79,2.37,2.37
2019-03-27,2.4,2.41,,2.25,2.49,,2.51,2.47,,,2.76,2.9,,2.38,2.38
2019-03-28,2.43,2.41,,2.25,2.48,,2.43,2.46,2.46,2.47,2.73,2.85,,2.42,2.42
2019-03-29,2.65,2.43,,2.25,,,2.43,2.43,2.45,,2.7,2.7,,2.58,2.58
2019-04-01,2.46,2.41,,2.25,2.42,2.46,2.49,2.48,2.49,2.5,2.71,2.78,2.77,2.41,2.41
2019-04-02,2.46,2.41,,2.25,2.38,2.41,2.43,2.46,2.49,2.5,2.72,2.85,2.99,2.43,2.43
2019-04-03,2.47,2.41,,2.25,2.41,2.47,2.53,2.44,2.46,2.47,2.68,2.71,2.75,2.43,2.43
2019-04-04,2.46,2.41,,2.25,2.4,2.44,2.48,2.47,2.46,2.47,2.69,2.75,,2.43,2.43
2019-04-05,2.46,2.41,,2.25,2.41,2.45,2.47,2.47,2.49,2.5,2.69,2.74,2.78,2.43,2.43
2019-04-08,2.46,2.41,,2.25,2.4,2.44,2.47,2.43,2.46,2.47,2.68,2.73,2.78,2.43,2.43
2019-04-09,2.45,2.41,,2.25,,2.45,2.47,2.44,,2.46,2.68,2.73,2.77,2.42,2.42
2019-04-10,2.45,2.41,,2.25,2.41,,2.46,2.43,2.46,2.47,2.71,2.73,2.75,2.42,2.42
2019-04-11,2.44,2.41,,2.25,2.44,2.46,2.47,2.42,2.45,2.46,2.69,2.74,2.79,2.4,2.4
2019-04-12,2.44,2.41,,2.25,2.46,2.45,2.46,2.43,2.46,,2.72,2.74,2.76,2.4,2.4
2019-04-15,2.47,2.41,,2.25,,,2.43,2.42,2.44,2.47,2.7,2.74,2.77,2.43,2.43
2019-04-16,2.47,2.41,,2.25,2.4,2.44,2.47,2.44,2.45,2.46,2.69,2.75,2.81,2.43,2.43
2019-04-17,2.5,2.42,,2.25,,,2.47,2.44,2.45,2.46,2.71,2.93,3.15,2.47,2.47
2019-04-18,2.5,2.43,,,2.43,2.42,2.45,2.49,2.5,2.5,2.7,2.72,2.74,2.46,2.46
2019-04-19,,2.44,,,,,,,,,,,,,
2019-04-22,2.46,2.44,,2.25,2.42,,2.45,2.41,2.43,2.44,2.73,2.76,2.78,2.43,2.43
2019-04-23,2.46,2.44,,2.25,,2.45,2.55,2.41,2.43,2.45,2.67,2.73,2.79,2.45,2.45
2019-04-24,2.44,2.44,,2.25,,2.44,2.46,2.44,,,2.68,2.7,2.72,2.41,2.41
2019-04-25,2.45,2.44,,2.25,,2.42,2.43,2.41,2.44,2.48,2.68,2.72,2.76,2.41,2.41
2019-04-26,2.46,2.44,,2.25,2.43,2.46,2.5,2.41,2.43,2.44,2.68,2.74,2.79,2.45,2.45
2019-04-29,2.48,2.45,,2.25,2.41,,2.44,2.4,2.42,2.43,2.7,2.72,,2.46,2.46
2019-04-30,2.76,2.45,,2.25,2.43,,2.46,2.42,2.42,2.43,2.7,2.75,2.8,2.75,2.75
2019-05-01,2.54,2.45,,2.25,2.43,2.45,2.46,2.44,2.45,2.46,2.68,2.74,2.79,2.5,2.5
2019-05-02,2.5,2.41,,2.25,,2.43,2.45,2.42,2.45,2.46,2.7,2.75,2.78,2.46,2.46
2019-05-03,2.43,2.4,,2.25,2.4,2.42,2.44,2.42,2.43,2.44,2.69,2.76,,2.41,2.41
2019-05-06,2.42,2.4,,2.25,2.41,2.43,2.45,2.45,2.42,2.46,2.67,2.72,2.77,2.4,2.4
2019-05-07,2.44,2.4,,2.25,2.4,2.42,2.43,2.4,2.43,2.46,2.67,2.71,2.74,2.41,2.41
2019-05-08,2.43,2.39,,2.25,2.41,2.41,2.42,2.4,2.41,2.42,2.66,2.74,,2.4,2.4
2019-05-09,2.41,2.38,,2.25,2.39,2.41,2.43,2.44,,,2.65,2.71,2.75,2.38,2.38
2019-05-10,2.4,2.38,,2.25,2.46,2.52,2.58,2.43,,,2.77,2.73,,2.36,2.37
2019-05-13,2.38,2.38,,2.25,2.42,2.41,2.42,2.4,2.41,2.46,2.66,2.78,,2.35,2.35
2019-05-14,2.39,2.38,,2.25,2.4,2.39,2.42,2.43,2.43,2.45,2.66,2.72,2.77,2.36,2.36
2019-05-15,2.48,2.4,,2.25,2.37,2.38,2.39,2.42,2.43,2.44,2.66,2.7,2.74,2.45,2.45
2019-05-16,2.43,2.39,,2.25,2.37,2.4,2.43,2.43,2.42,2.42,2.66,2.7,2.74,2.4,2.4
2019-05-17,2.42,2.39,,2.25,2.45,,2.36,2.42,2.43,2.43,2.66,2.69,2.72,2.39,2.39
2019-05-20,2.39,2.39,,2.25,2.41,,2.43,2.41,2.41,2.42,2.74,2.68,2.75,2.36,2.36
2019-05-21,2.38,2.39,,2.25,2.42,2.41,2.43,2.43,2.43,2.43,2.65,2.7,2.77,2.36,2.36
2019-05-22,2.37,2.38,,2.25,2.46,2.57,2.53,2.4,2.4,,2.65,2.69,2.71,2.34,2.34
2019-05-23,2.37,2.38,,2.25,,2.48,2.47,2.39,2.4,2.41,2.65,,,2.34,2.34
2019-05-24,2.37,2.38,,2.25,2.42,2.39,2.39,2.4,,,2.64,2.69,,2.34,2.34
2019-05-27,,,,,,,,,,,,,,,
2019-05-28,2.41,2.39,,2.25,,,2.45,2.39,2.41,2.42,2.67,2.7,2.72,2.38,2.38
2019-05-29,2.4,2.39,,2.25,2.43,2.43,2.43,2.41,2.42,2.41,2.63,2.68,2.73,2.39,2.39
2019-05-30,2.4,2.39,,2.25,2.39,2.4,2.4,2.4,2.4,,2.63,2.66,2.7,2.39,2.39
2019-05-31,2.49,2.4,,2.25,,2.39,2.39,2.42,2.4,2.41,2.64,2.66,2.69,2.48,2.48
2019-06-03,2.4,2.38,,2.25,2.39,,2.39,2.38,2.39,2.39,2.64,2.7,2.75,2.37,2.37
2019-06-04,2.39,2.38,,2.25,2.41,,2.38,2.38,2.37,2.36,2.63,2.67,2.68,2.36,2.36
2019-06-05,2.4,2.38,,2.25,2.36,,2.33,2.38,2.37,2.36,2.6,,,2.36,2.36
2019-06-06,2.4,2.37,,2.25,2.33,2.33,2.33,2.38,2.37,2.37,2.59,2.62,2.66,2.37,2.37
2019-06-07,2.39,2.37,,2.25,2.39,,2.33,2.38,,,2.61,2.57,,2.37,2.37
2019-06-10,2.39,2.37,,2.25,2.36,2.34,2.32,,,,2.61,2.64,,2.37,2.37
2019-06-11,2.38,2.37,,2.25,,,2.36,2.34,2.32,2.29,2.59,2.77,,2.36,2.36
2019-06-12,2.37,2.37,,2.25,2.32,,2.3,2.38,,,2.56,2.59,2.6,2.36,2.36
2019-06-13,2.35,2.37,,2.25,2.34,,2.31,2.36,2.31,2.33,2.58,2.59,2.6,2.34,2.34
2019-06-14,2.35,2.36,,2.25,2.32,,2.31,2.38,2.33,2.3,2.57,2.6,2.63,2.32,2.32
2019-06-17,2.41,2.38,,2.25,2.33,2.31,2.3,2.36,2.33,2.32,2.58,2.63,2.65,2.38,2.38
2019-06-18,2.39,2.37,,2.25,2.32,,2.28,2.34,2.35,2.32,2.57,,,2.36,2.36
2019-06-19,2.36,2.37,,2.25,2.34,,2.29,2.32,,,2.56,,,2.34,2.34
2019-06-20,2.36,2.37,,2.25,2.32,2.3,2.28,2.35,2.27,2.24,2.53,2.53,,2.33,2.33
2019-06-21,2.37,2.38,,2.25,2.38,2.3,2.26,2.34,2.31,2.23,2.56,2.51,,2.35,2.35
2019-06-24,2.39,2.38,,2.25,2.34,2.3,2.27,2.33,2.3,2.27,2.55,2.56,2.57,2.38,2.38
2019-06-25,2.41,2.38,,2.25,2.33,,2.25,2.35,2.31,2.28,2.55,2.62,,2.4,2.4
2019-06-26,2.43,2.38,,2.25,2.31,,2.23,2.33,,2.26,2.54,2.55,2.55,2.43,2.43
2019-06-27,2.42,2.38,,2.25,2.33,,2.26,2.29,,,2.55,2.55,2.55,2.4,2.4
2019-06-28,2.5,2.4,,2.25,2.32,,2.22,2.28,,,2.54,2.63,,2.5,2.5
2019-07-01,2.42,2.39,,2.25,2.3,,,2.31,2.27,2.23,2.55,2.56,2.55,2.38,2.38
2019-07-02,2.51,2.4,,2.25,2.32,,2.26,2.31,,,2.54,2.53,2.55,2.49,2.49
2019-07-03,2.56,2.41,,2.25,2.36,2.31,2.26,2.36,,,2.53,2.52,2.5,2.55,2.55
2019-07-04,,,,,,,,,,,,,,,
2019-07-05,2.59,2.42,,2.25,2.35,,,,,,2.53,,,2.58,2.58
2019-07-08,2.48,2.41,,2.25,2.31,,2.26,2.27,2.22,2.2,2.55,2.54,2.52,2.46,2.46
2019-07-09,2.45,2.41,,2.25,2.35,,2.3,2.25,2.23,2.22,2.53,2.51,2.52,2.45,2.45
2019-07-10,2.46,2.41,,2.25,2.32,,2.28,2.33,2.29,2.25,2.52,2.52,2.5,2.45,2.45
2019-07-11,2.41,2.4,,2.25,,,2.3,2.23,2.2,2.19,2.52,2.54,,2.4,2.4
2019-07-12,2.36,2.38,,2.25,2.32,2.31,2.28,,2.22,,2.51,2.5,2.48,2.34,2.34
2019-07-15,2.46,2.4,,2.25,2.38,2.18,2.22,2.21,2.18,2.19,2.5,2.5,2.51,2.43,2.43
2019-07-16,2.47,2.41,,2.25,2.29,2.25,2.22,2.3,2.24,2.17,2.51,2.51,,2.44,2.44
2019-07-17,2.47,2.41,,2.25,2.27,2.2,2.18,2.24,2.18,2.15,2.49,2.48,,2.45,2.45
2019-07-18,2.46,2.41,,2.25,2.27,2.19,2.18,2.19,2.19,,2.5,2.47,,2.44,2.44
2019-07-19,2.41,2.41,,2.25,2.33,2.24,2.18,2.28,2.21,,2.52,2.58,,2.4,2.4
2019-07-22,2.4,2.4,,2.25,2.39,2.4,2.39,2.26,2.21,2.15,2.56,2.47,2.46,2.38,2.38
2019-07-23,2.4,2.4,,2.25,2.27,2.2,2.19,2.15,2.22,2.19,2.48,2.46,2.44,2.38,2.38
2019-07-24,2.41,2.4,,2.25,,2.19,2.17,2.15,2.17,2.19,2.48,,,2.4,2.4
2019-07-25,2.42,2.4,,2.25,2.26,2.19,2.14,2.25,2.19,2.18,2.49,2.46,2.43,2.41,2.41
2019-07-26,2.41,2.4,,2.25,2.31,,2.25,2.22,,,2.46,2.45,2.44,2.4,2.4
2019-07-29,2.4,2.4,,2.25,2.25,2.16,2.16,,,,2.45,2.41,,2.39,2.39
2019-07-30,2.39,2.39,,2.25,2.24,2.17,2.16,2.21,2.15,,2.43,2.38,,2.38,2.38
2019-07-31,2.55,2.4,,2.25,2.1,,2.11,,,,2.44,2.43,2.41,2.53,2.53
2019-08-01,2.19,2.14,,2.0,2.08,2.08,2.08,2.18,2.17,2.15,2.36,2.39,2.42,2.19,2.19
2019-08-02,2.19,2.14,,2.0,2.13,2.14,2.15,,,,2.34,2.33,2.31,2.18,2.18
2019-08-05,2.13,2.13,,2.0,2.15,2.1,2.08,2.14,,2.11,2.41,2.38,2.38,2.12,2.12
2019-08-06,2.11,2.13,,2.0,2.09,2.1,2.11,,,,2.33,2.37,2.41,2.1,2.1
2019-08-07,2.1,2.12,,2.0,2.11,2.11,2.08,2.11,2.09,,2.35,2.32,2.27,2.09,2.09
2019-08-08,2.09,2.12,,2.0,2.13,2.11,2.08,2.11,,2.08,2.35,2.34,2.35,2.07,2.07
2019-08-09,2.11,2.12,,2.0,2.11,2.11,2.08,2.11,2.08,,2.33,2.34,2.34,2.1,2.1
2019-08-12,2.12,2.12,,2.0,2.08,,2.11,2.09,,,2.34,2.29,2.27,2.11,2.11
2019-08-13,2.16,2.12,,2.0,2.08,2.06,2.05,,2.04,2.03,2.33,,,2.16,2.16
2019-08-14,2.13,2.12,,2.0,2.18,2.11,2.08,2.12,2.09,2.06,2.31,2.31,2.28,2.12,2.12
2019-08-15,2.18,2.13,,2.0,,2.13,2.08,2.03,2.05,2.03,2.3,2.3,2.29,2.17,2.17
2019-08-16,2.13,2.13,,2.0,2.07,2.04,2.01,2.07,2.02,2.0,2.29,2.29,2.3,2.12,2.12
2019-08-19,2.11,2.13,,2.0,2.08,2.08,2.07,2.05,,,2.32,2.28,2.29,2.1,2.1
2019-08-20,2.13,2.13,,2.0,2.07,2.04,2.02,,,,2.3,2.26,,2.12,2.12
2019-08-21,2.1,2.12,,2.0,2.0,2.04,2.0,2.03,,,2.29,2.28,2.27,2.08,2.08
2019-08-22,2.09,2.12,,2.0,2.08,2.05,2.02,2.02,2.02,,2.36,2.35,,2.07,2.07
2019-08-23,2.1,2.12,,2.0,2.12,2.07,2.03,,,,2.27,2.25,2.23,2.07,2.07
2019-08-26,2.1,2.12,,2.0,,2.08,2.03,2.1,,,2.26,2.24,,2.08,2.08
2019-08-27,2.15,2.12,,2.0,2.05,2.05,2.03,,,,2.26,2.26,,2.14,2.14
2019-08-28,2.12,2.12,,2.0,2.06,2.05,2.03,2.02,,,2.23,2.23,2.27,2.11,2.11
2019-08-29,2.12,2.12,,2.0,2.05,2.06,2.05,,,,2.25,2.23,2.2,2.11,2.11
2019-08-30,2.16,2.13,,2.0,,,2.03,,,,2.25,2.25,2.26,2.15,2.15
2019-09-02,,,,,,,,,,,,,,,
2019-09-03,2.17,2.13,,2.0,,2.05,2.03,2.04,,1.99,2.24,2.23,2.23,2.15,2.15
2019-09-04,2.21,2.13,,2.0,2.08,2.07,2.05,,,,2.24,2.24,2.24,2.2,2.2
2019-09-05,2.21,2.13,,2.0,2.07,2.05,2.02,2.02,,1.97,2.23,2.23,2.23,2.2,2.2
2019-09-06,2.15,2.12,,2.0,2.12,2.09,2.05,2.03,,,2.22,2.23,2.24,2.15,2.15
2019-09-09,2.12,2.13,,2.0,2.07,,2.04,2.03,,,2.22,2.22,2.22,2.11,2.11
2019-09-10,2.14,2.13,,2.0,2.07,,,2.04,,,2.21,2.22,2.22,2.13,2.13
2019-09-11,2.15,2.13,,2.0,,2.06,2.04,2.04,,1.98,2.21,2.21,2.21,2.14,2.14
2019-09-12,2.2,2.13,,2.0,2.0,2.02,2.04,2.04,2.02,1.98,2.22,2.22,2.21,2.18,2.18
2019-09-13,2.2,2.14,,2.0,,,2.09,2.05,,,2.23,2.24,2.25,2.19,2.19
2019-09-16,2.43,2.25,,2.0,2.12,2.06,2.05,2.04,,1.98,2.26,2.28,2.3,2.42,2.42
2019-09-17,5.25,2.3,,2.0,,2.08,2.07,2.11,,,2.55,2.46,,5.25,5.25
2019-09-18,2.55,2.25,,2.0,1.99,,2.04,2.07,,,2.35,2.35,,2.5,2.5
2019-09-19,1.95,1.9,,1.7,1.95,,1.99,2.06,,,2.27,2.29,2.31,1.9,1.91
2019-09-20,1.86,1.9,,1.7,,2.02,2.06,2.06,,2.0,2.23,2.25,2.27,1.85,1.85
2019-09-23,1.85,1.9,,1.7,1.91,1.99,2.04,1.96,1.94,1.92,2.25,2.25,2.28,1.82,1.82
2019-09-24,1.96,1.9,,1.7,1.99,2.0,2.01,1.9,1.9,1.9,2.22,2.24,2.26,1.94,1.94
2019-09-25,2.01,1.9,,1.7,1.92,1.97,1.99,1.91,1.9,1.89,2.2,2.25,,2.0,2.0
2019-09-26,1.85,1.85,,1.7,1.97,2.03,2.01,1.91,1.9,1.9,2.24,2.25,2.26,1.82,1.82
2019-09-27,1.82,1.83,,1.7,,,1.95,1.92,1.9,,2.21,2.22,2.23,1.8,1.8
2019-09-30,2.35,1.9,,1.7,,,1.97,1.98,1.94,1.9,2.19,2.2,2.21,2.35,2.35
2019-10-01,1.88,1.88,,1.7,1.85,,1.94,1.92,1.91,1.89,2.19,2.2,2.22,1.84,1.84
2019-10-02,1.85,1.85,,1.7,1.87,1.96,2.05,1.94,1.89,1.89,2.18,2.19,2.2,1.82,1.82
2019-10-03,1.84,1.83,,1.7,1.82,,1.97,1.9,1.9,1.89,2.17,2.21,2.22,1.81,1.81
2019-10-04,1.82,1.82,,1.7,1.93,,1.98,1.9,1.9,1.86,2.18,2.25,2.21,1.79,1.79
2019-10-07,1.83,1.82,,1.7,1.86,,1.88,1.86,1.86,1.81,2.13,2.14,2.15,1.8,1.8
2019-10-08,1.85,1.82,,1.7,1.76,,1.81,1.87,,1.83,2.12,2.16,2.17,1.82,1.82
2019-10-09,1.85,1.82,,1.7,1.84,,1.83,1.86,1.84,1.82,2.11,2.18,2.2,1.82,1.82
2019-10-10,1.85,1.82,,1.7,1.77,,1.86,1.89,1.81,1.79,2.12,2.16,2.2,1.82,1.82
2019-10-11,1.85,1.82,,1.7,1.87,,1.91,1.94,,,2.09,2.19,2.16,1.82,1.82
2019-10-14,,,,,,,,,,,,,,,
2019-10-15,2.0,1.9,,1.7,1.87,,1.97,1.9,,1.78,2.11,2.11,2.11,1.95,1.96
2019-10-16,2.05,1.9,,1.7,,,1.9,1.87,,,2.08,2.11,2.13,2.02,2.02
2019-10-17,1.95,1.85,,1.7,1.89,,1.92,1.88,,,2.07,2.13,2.15,1.93,1.93
2019-10-18,1.88,1.85,,1.7,1.9,,1.91,1.87,1.82,,2.1,2.1,2.09,1.85,1.85
2019-10-21,1.86,1.85,,1.7,,,1.81,1.87,,,2.08,2.1,2.11,1.83,1.83
2019-10-22,1.87,1.85,,1.7,,,1.87,1.89,1.85,1.76,2.08,2.09,2.1,1.85,1.85
2019-10-23,1.87,1.85,,1.7,,,1.84,1.86,1.82,1.75,2.05,2.07,2.08,1.84,1.84
2019-10-24,1.86,1.85,,1.7,,,1.83,1.86,1.82,1.79,2.0,2.09,2.12,1.84,1.85
2019-10-25,1.84,1.83,,1.7,,,1.89,1.83,1.79,,2.05,2.06,2.07,1.81,1.81
2019-10-28,1.82,1.83,,1.7,,,1.77,1.8,1.79,1.78,2.0,2.03,2.08,1.8,1.8
2019-10-29,1.81,1.82,,1.7,1.79,,1.84,1.78,1.75,1.73,2.01,2.12,2.17,1.78,1.78
2019-10-30,1.82,1.82,,1.7,1.73,1.78,1.83,,1.75,1.75,1.98,,2.04,1.8,1.8
2019-10-31,1.76,1.58,,1.45,1.66,1.68,1.71,1.66,1.67,1.67,1.87,1.92,1.98,1.73,1.73
2019-11-01,1.58,1.57,,1.45,1.64,1.7,1.76,1.66,1.63,1.57,1.89,1.97,2.08,1.55,1.55
2019-11-04,1.56,1.56,,1.45,,1.73,1.8,1.65,1.63,,1.84,1.91,1.98,1.54,1.54
2019-11-05,1.58,1.56,,1.45,1.69,1.74,1.78,1.67,1.69,1.66,1.84,1.89,1.94,1.55,1.55
2019-11-06,1.57,1.55,,1.45,1.62,1.75,1.86,1.56,1.56,1.56,1.84,1.92,,1.53,1.53
2019-11-07,1.56,1.55,,1.45,1.64,1.75,1.87,1.63,1.59,,1.87,1.86,1.92,1.53,1.53
2019-11-08,1.56,1.55,,1.45,1.64,,1.7,1.61,1.62,1.63,1.83,1.89,1.96,1.53,1.53
2019-11-11,,,,,,,,,,,,,,,
2019-11-12,1.57,1.55,,1.45,1.65,,1.74,1.64,1.63,,1.84,1.85,1.93,1.54,1.54
2019-11-13,1.57,1.55,,1.45,1.58,,1.75,1.61,1.6,,1.85,1.92,1.98,1.54,1.54
2019-11-14,1.58,1.55,,1.45,1.58,,1.74,1.62,1.61,,1.84,1.89,1.97,1.55,1.55
2019-11-15,1.59,1.55,,1.45,1.55,,1.63,1.63,1.6,,1.82,1.9,1.98,1.55,1.55
2019-11-18,1.56,1.55,,1.45,,1.77,1.86,1.61,1.6,1.59,1.83,1.87,1.94,1.52,1.52
2019-11-19,1.57,1.55,,1.45,1.59,,1.72,1.59,1.63,1.63,1.84,1.88,1.95,1.53,1.53
2019-11-20,1.57,1.55,,1.45,1.58,1.6,1.68,1.61,1.65,1.6,1.85,1.92,2.0,1.54,1.54
2019-11-21,1.58,1.55,,1.45,1.57,1.67,1.77,,1.7,,1.83,1.89,1.92,1.55,1.55
2019-11-22,1.58,1.55,,1.45,1.6,,1.79,1.58,1.63,1.68,1.84,1.93,2.03,1.56,1.56
2019-11-25,1.56,1.55,,,,,1.8,,1.71,,1.91,2.02,2.08,1.54,1.54
2019-11-26,1.54,1.55,,1.45,,1.84,1.87,,1.76,,1.91,2.0,,1.51,1.51
2019-11-27,1.55,1.55,,1.45,,,,1.58,,,1.85,1.93,2.01,1.5,1.5
2019-11-28,,,,,,,,,,,,,,,
2019-11-29,1.65,1.56,,1.45,,1.73,1.79,,,,,,,1.62,1.62
2019-12-02,1.63,1.56,,1.45,1.67,,1.81,1.61,1.61,,1.89,1.94,1.99,1.6,1.6
2019-12-03,1.55,1.55,,1.45,,,1.74,1.73,,,1.85,1.93,2.01,1.51,1.51
2019-12-04,1.54,1.55,,,1.58,,1.69,1.66,1.75,1.84,1.85,1.98,2.13,1.5,1.5
2019-12-05,1.55,1.55,,1.45,,1.64,1.66,1.59,1.58,1.63,1.9,1.91,2.03,1.52,1.52
2019-12-06,1.55,1.55,,1.45,1.58,1.61,1.64,1.58,,,1.98,1.97,1.89,1.52,1.52
2019-12-09,1.56,1.55,,1.45,1.62,,1.75,1.59,1.61,,1.9,1.94,1.98,1.53,1.53
2019-12-10,1.55,1.55,,1.45,1.65,1.72,1.8,1.59,1.6,,1.93,1.95,1.95,1.51,1.51
2019-12-11,1.54,1.55,,1.45,1.66,,1.77,1.57,1.61,,1.91,1.97,2.01,1.5,1.5
2019-12-12,1.53,1.55,,1.45,,,,1.58,1.61,,1.96,2.01,2.03,1.49,1.49
2019-12-13,1.54,1.55,,,,,1.71,1.7,1.61,,2.0,2.04,2.08,1.5,1.5
2019-12-16,1.62,1.56,,1.45,,,1.72,1.61,1.61,,2.07,2.06,2.05,1.6,1.6
2019-12-17,1.54,1.55,,1.45,1.7,1.8,1.83,1.59,1.61,,2.07,2.12,2.15,1.5,1.5
2019-12-18,1.53,1.55,,1.45,,1.72,1.77,1.63,1.64,1.67,2.09,2.11,2.18,1.5,1.5
2019-12-19,1.53,1.55,,1.45,1.61,,1.75,1.61,1.65,1.68,2.11,2.17,2.21,1.5,1.5
2019-12-20,1.53,1.55,,1.45,1.68,,1.8,1.75,1.72,1.68,2.08,2.1,,1.49,1.49
2019-12-23,1.52,1.55,,1.45,1.71,1.8,1.89,,,,2.05,2.11,2.11,1.5,1.5
2019-12-24,1.52,1.55,,1.45,,1.9,1.9,,,,2.04,2.08,2.12,1.5,1.5
2019-12-25,,,,,,,,,,,,,,,
2019-12-26,1.52,1.55,,1.45,,,,1.65,1.74,,2.01,,,1.49,1.49
2019-12-27,1.53,1.55,,1.45,,,1.65,1.48,,,2.02,,,1.5,1.5
2019-12-30,1.54,1.55,,1.45,,,,,,,2.02,,,1.51,1.51
2019-12-31,1.55,1.55,,1.45,,,1.79,,,,,,,1.55,1.55
2020-01-01,,,,,,,,,,,,,,,
2020-01-02,1.54,1.55,,1.45,1.59,,1.74,1.59,1.6,1.61,1.86,1.9,1.95,1.5,1.5
2020-01-03,1.55,1.55,,1.45,1.55,1.59,1.7,1.57,1.59,1.6,1.84,1.89,1.95,1.52,1.52
2020-01-06,1.55,1.55,,1.45,1.55,1.59,1.68,1.58,1.59,1.6,1.85,1.91,1.94,1.52,1.52
2020-01-07,1.56,1.55,,1.45,1.56,,1.66,1.59,1.58,1.62,1.82,1.93,2.04,1.53,1.53
2020-01-08,1.55,1.55,,1.45,1.53,1.59,1.64,1.56,1.59,1.61,1.8,1.86,1.92,1.52,1.52
2020-01-09,1.55,1.55,,1.45,,,1.7,1.57,1.58,1.61,1.79,1.78,1.85,1.52,1.52
2020-01-10,1.55,1.54,,1.45,,,1.61,1.56,1.58,1.59,1.79,1.9,1.86,1.52,1.52
2020-01-13,1.54,1.54,,1.45,,,,1.55,1.58,1.58,1.79,1.8,1.82,1.52,1.52
2020-01-14,1.55,1.54,,1.45,,,1.65,1.55,1.56,1.54,1.79,1.83,1.94,1.52,1.52
2020-01-15,1.56,1.54,,1.45,,,1.63,1.56,1.54,1.57,1.78,,,1.53,1.53
2020-01-16,1.55,1.54,,1.45,1.58,,1.67,1.55,1.56,1.58,1.78,1.81,1.9,1.52,1.52
2020-01-17,1.54,1.55,,1.45,,1.55,1.58,1.56,1.56,1.69,1.76,1.81,1.84,1.52,1.52
2020-01-20,,,,,,,,,,,,,,,
2020-01-21,1.54,1.55,,1.45,,,1.64,1.55,1.56,1.57,1.77,1.85,1.93,1.51,1.51
2020-01-22,1.54,1.55,,1.45,1.57,,1.64,1.53,1.56,1.56,1.76,1.8,1.83,1.51,1.51
2020-01-23,1.54,1.55,,1.45,1.56,1.6,1.63,1.56,1.55,1.56,1.74,1.8,1.89,1.51,1.51
2020-01-24,1.53,1.55,,,1.55,,1.61,1.57,1.53,1.55,1.73,1.76,1.79,1.51,1.51
2020-01-27,1.53,1.55,,1.45,1.56,,1.65,1.54,1.56,1.57,1.77,1.77,1.8,1.51,1.51
2020-01-28,1.53,1.55,,1.45,1.54,,1.58,1.54,1.56,1.57,1.72,1.76,1.84,1.51,1.51
2020-01-29,1.53,1.55,,1.45,1.54,,1.58,1.56,1.55,1.56,1.73,1.76,1.8,1.51,1.51
2020-01-30,1.58,1.6,,1.5,1.6,,1.63,1.57,1.55,1.55,1.74,1.75,,1.55,1.55
2020-01-31,1.6,1.59,,1.5,1.64,1.73,1.72,1.59,1.58,1.59,1.73,1.75,,1.57,1.57
2020-02-03,1.59,1.59,,1.5,1.59,,1.65,1.58,1.52,1.53,1.75,1.79,1.86,1.57,1.57
2020-02-04,1.6,1.59,,1.5,1.6,,1.64,,1.55,1.56,1.71,1.75,1.79,1.58,1.58
2020-02-05,1.59,1.59,,1.5,1.55,1.6,1.65,,1.52,1.54,1.74,1.78,1.83,1.57,1.57
2020-02-06,1.59,1.59,,1.5,1.63,1.66,1.68,1.55,1.56,1.55,1.73,1.78,1.83,1.57,1.57
2020-02-07,1.58,1.58,,1.5,1.63,1.66,1.66,1.55,1.56,1.52,1.72,1.74,1.76,1.56,1.56
2020-02-10,1.58,1.58,,1.5,1.58,1.62,1.66,1.56,1.54,1.56,1.71,1.74,1.77,1.56,1.56
2020-02-11,1.58,1.58,,1.5,1.58,,1.59,1.5,1.57,1.53,1.71,1.74,1.85,1.56,1.56
2020-02-12,1.57,1.58,,1.5,,1.6,1.61,1.54,1.53,1.57,1.74,1.91,1.88,1.55,1.55
2020-02-13,1.57,1.58,,1.5,,1.58,1.59,1.56,1.57,1.56,1.72,1.74,1.76,1.55,1.55
2020-02-14,1.58,1.58,,,,,1.59,1.57,1.59,1.58,1.73,1.74,,1.56,1.56
2020-02-17,,,,,,,,,,,,,,,
2020-02-18,1.6,1.59,,1.5,,,1.63,1.57,1.57,1.57,1.74,1.79,1.84,1.58,1.58
2020-02-19,1.59,1.59,,1.5,1.59,1.59,1.6,1.55,1.58,1.6,1.72,1.83,1.82,1.57,1.57
2020-02-20,1.6,1.59,,1.5,1.58,,1.57,1.54,1.58,1.58,1.74,1.76,1.78,1.59,1.59
2020-02-21,1.58,1.58,,1.5,1.58,1.58,1.58,1.55,1.56,1.58,1.77,1.78,1.79,1.56,1.56
2020-02-24,1.58,1.58,,1.5,,1.55,1.55,1.55,1.56,1.58,1.75,1.77,1.79,1.56,1.56
2020-02-25,1.59,1.58,,1.5,1.57,1.56,1.55,1.56,1.55,1.56,1.74,1.8,1.85,1.57,1.57
2020-02-26,1.58,1.58,,1.5,1.56,1.55,1.54,1.57,1.57,1.57,1.74,1.77,,1.57,1.57
2020-02-27,1.58,1.58,,1.5,1.52,1.53,1.49,1.55,1.55,1.56,1.76,1.75,1.75,1.57,1.57
2020-02-28,1.6,1.58,,1.5,1.56,1.52,1.47,1.51,1.5,1.47,1.74,1.75,1.76,1.59,1.59
2020-03-02,1.59,1.59,,1.5,1.4,,1.31,,1.29,1.27,1.73,1.77,1.81,1.57,1.57
2020-03-03,1.64,1.59,,1.5,1.52,,1.28,1.47,1.35,1.25,1.71,1.78,1.86,1.63,1.63
2020-03-04,1.23,1.09,,1.0,1.07,,1.03,1.05,0.99,,1.39,1.44,1.5,1.22,1.22
2020-03-05,1.12,1.09,,1.0,1.05,,1.01,1.03,1.0,0.96,1.37,1.43,1.5,1.11,1.11
2020-03-06,1.1,1.09,,1.0,1.0,,0.86,1.03,1.04,1.0,1.36,1.39,1.43,1.08,1.08
2020-03-09,1.09,1.09,,1.0,,,0.79,1.1,0.99,0.88,1.41,1.45,1.45,1.08,1.08
2020-03-10,1.11,1.09,,1.0,,,0.89,1.01,0.94,0.86,1.53,1.58,1.56,1.1,1.1
2020-03-11,1.15,1.09,,1.0,,,0.93,1.13,1.05,0.91,1.68,1.7,1.7,1.14,1.14
2020-03-12,1.2,1.1,,1.0,,1.22,1.19,1.19,1.18,1.17,1.89,2.22,2.49,1.2,1.2
2020-03-13,1.1,1.1,,1.0,1.09,1.09,1.09,1.22,1.12,1.11,2.09,2.07,2.04,1.08,1.08
2020-03-16,0.26,0.25,,0.0,1.29,1.35,1.35,1.29,1.28,1.34,3.56,3.3,3.04,0.23,0.23
2020-03-17,0.54,0.25,,0.0,,1.25,1.25,1.47,1.73,1.65,2.98,2.75,2.53,0.5,0.5
2020-03-18,0.1,0.25,,0.0,,,,1.54,1.58,1.6,3.07,3.58,3.23,0.1,0.1
2020-03-19,0.06,0.2,,0.0,0.36,,0.58,1.22,1.48,1.8,3.44,3.66,3.87,0.05,0.05
2020-03-20,0.04,0.15,,0.0,2.06,2.13,2.12,1.39,1.71,1.98,3.27,3.69,,0.03,0.03
2020-03-23,0.02,0.15,,0.0,,,,1.39,1.54,1.83,3.25,,2.71,0.01,0.01
2020-03-24,0.01,0.12,,0.0,2.3,2.46,2.35,1.76,1.53,1.41,3.57,3.54,3.51,0.01,0.01
2020-03-25,0.01,0.1,,0.0,1.93,1.84,2.53,1.72,1.6,1.82,3.29,,,0.01,0.01
2020-03-26,0.01,0.1,,0.0,2.21,2.52,2.44,1.35,1.35,2.18,3.61,3.53,3.46,0.01,0.01
2020-03-27,0.01,0.1,,0.0,,,,1.8,1.3,1.59,3.49,3.18,,0.01,0.01
2020-03-30,0.01,0.09,,0.0,,,,1.47,1.13,2.08,2.95,2.72,,0.01,0.01
2020-03-31,0.01,0.08,,0.0,,,,1.91,1.27,1.51,2.9,3.17,3.45,0.01,0.01
2020-04-01,0.01,0.06,,0.0,,,,1.4,1.09,2.05,2.8,3.04,,0.01,0.01
2020-04-02,0.01,0.05,,0.0,,,,1.2,1.17,1.51,2.58,2.59,,0.01,0.01
2020-04-03,0.01,0.05,,0.0,,,,1.14,1.53,2.04,2.41,2.43,2.39,0.01,0.01
2020-04-06,0.01,0.05,,0.0,,,,0.44,0.55,0.55,2.13,2.22,2.31,0.01,0.01
2020-04-07,0.01,0.05,,0.0,,,,0.37,0.67,0.82,1.95,2.17,2.4,0.01,0.01
2020-04-08,0.01,0.05,,0.0,,,,0.35,0.43,1.26,1.94,2.14,2.24,0.01,0.01
2020-04-09,0.01,0.05,,0.0,,,,0.33,0.96,1.24,1.83,2.03,2.15,0.01,0.01
2020-04-10,,0.05,,,,,,,,,,,,,
2020-04-13,0.02,0.05,,0.0,,,,0.21,0.4,0.8,1.47,1.86,1.9,0.02,0.02
2020-04-14,0.06,0.05,,0.0,,,,0.31,0.41,0.68,1.55,1.89,1.89,0.05,0.05
2020-04-15,0.03,0.05,,0.0,,,,0.34,0.71,1.2,1.64,1.97,1.96,0.03,0.03
2020-04-16,0.03,0.05,,0.0,,,,0.69,1.15,0.75,1.56,1.93,1.95,0.02,0.02
2020-04-17,0.03,0.05,,0.0,,,,0.31,0.21,1.12,1.98,1.72,2.04,0.02,0.02
2020-04-20,0.02,0.05,,0.0,,,,0.55,0.33,,1.78,1.92,2.0,0.01,0.01
2020-04-21,0.01,0.05,,0.0,,,,0.54,0.53,0.85,1.61,1.8,1.9,0.01,0.01
2020-04-22,0.01,0.05,,0.0,,,,0.33,0.74,0.94,1.46,1.52,2.02,0.01,0.01
2020-04-23,0.01,0.04,,0.0,0.08,,,0.27,0.36,1.0,1.19,1.47,1.67,0.01,0.01
2020-04-24,0.03,0.05,,0.0,,,,0.22,0.46,0.83,1.56,1.38,2.19,0.03,0.03
2020-04-27,0.03,0.04,,0.0,0.16,,,0.18,0.25,0.25,2.03,1.42,2.36,0.02,0.02
2020-04-28,0.01,0.04,,0.0,0.06,,,0.21,0.23,0.22,1.45,1.14,1.63,0.01,0.01
2020-04-29,0.01,0.04,,0.0,,,,0.21,0.43,0.66,1.21,1.34,1.58,0.01,0.01
2020-04-30,0.04,0.05,,0.0,,,,0.22,0.14,0.78,1.22,1.46,2.03,0.02,0.02
2020-05-01,0.03,0.05,,0.0,,,,0.15,0.19,0.21,1.41,1.9,2.29,0.02,0.02
2020-05-04,0.05,0.05,,0.0,0.1,,,0.2,0.21,0.18,1.15,1.66,2.19,0.04,0.04
2020-05-05,0.05,0.05,,0.0,,,,0.12,0.19,0.19,0.75,1.23,,0.04,0.04
2020-05-06,0.05,0.05,,0.0,,,,0.07,,,0.92,1.03,1.13,0.04,0.04
2020-05-07,0.05,0.05,,0.0,,0.16,0.21,0.14,0.27,0.72,1.16,1.17,1.77,0.05,0.05
2020-05-08,0.06,0.05,,0.0,,,0.19,0.17,0.32,0.47,0.72,0.87,1.07,0.05,0.05
2020-05-11,0.06,0.05,,0.0,0.09,,0.26,,0.13,0.17,0.87,0.95,1.0,0.05,0.05
2020-05-12,0.06,0.05,,0.0,0.1,,0.21,0.16,0.27,0.39,0.61,0.71,0.86,0.05,0.05
2020-05-13,0.04,0.05,,0.0,0.06,,0.06,0.13,0.19,0.22,1.85,1.69,1.9,0.04,0.04
2020-05-14,0.02,0.05,,0.0,0.12,0.15,0.19,0.11,0.15,0.24,1.74,0.96,0.85,0.01,0.01
2020-05-15,0.05,0.05,,0.0,0.04,,0.04,0.09,0.17,0.18,0.85,0.95,1.02,0.04,0.04
2020-05-18,0.04,0.05,,0.0,,,0.17,0.17,0.27,0.48,0.41,0.58,0.75,0.03,0.03
2020-05-19,0.04,0.05,,0.0,,,,0.12,0.24,0.4,1.65,0.89,2.16,0.03,0.03
2020-05-20,0.01,0.05,,0.0,0.08,,0.16,0.15,0.15,0.15,0.69,0.77,0.7,0.01,0.01
2020-05-21,0.02,0.05,,0.0,,,0.23,0.15,0.26,0.28,0.5,0.66,0.49,0.01,0.01
2020-05-22,0.04,0.05,,0.0,,,,0.12,0.18,0.24,0.48,2.11,0.56,0.03,0.03
2020-05-25,,,,,,,,,,,,,,,
2020-05-26,0.06,0.05,,0.0,,,0.15,0.1,0.15,0.25,0.5,0.78,,0.05,0.05
2020-05-27,0.06,0.05,,0.0,,,0.17,0.09,0.11,0.19,0.41,0.81,,0.04,0.04
2020-05-28,0.06,0.05,,,,,0.17,0.09,0.12,0.15,0.42,0.44,0.43,0.05,0.05
2020-05-29,0.06,0.05,,0.0,,,,0.11,0.17,0.22,0.27,0.48,0.7,0.05,0.05
2020-06-01,0.06,0.05,,,,,,0.3,0.27,0.24,0.5,0.63,1.04,0.05,0.05
2020-06-02,0.07,0.06,,0.0,0.11,,0.23,0.13,0.19,0.23,0.32,0.47,0.6,0.05,0.05
2020-06-03,0.06,0.06,,0.0,,0.11,0.15,0.1,0.14,0.18,0.35,0.6,0.63,0.05,0.05
2020-06-04,0.07,0.06,,,,,,0.09,0.13,0.18,0.91,0.49,0.65,0.06,0.06
2020-06-05,0.07,0.07,,,,,,0.1,0.14,0.19,0.3,0.42,0.52,0.06,0.06
2020-06-08,0.07,0.07,,,,,,,,0.2,0.33,0.44,0.53,0.06,0.06
2020-06-09,0.08,0.07,,0.0,,,,0.11,0.18,0.25,0.33,0.4,0.46,0.06,0.06
2020-06-10,0.07,0.08,,0.0,,,,0.11,0.12,0.12,0.3,0.38,0.48,0.06,0.06
2020-06-11,0.08,0.08,,0.0,,,,0.12,0.13,0.12,0.39,0.32,0.57,0.06,0.06
2020-06-12,0.08,0.08,,,,,,0.13,0.13,,0.64,0.74,0.73,0.06,0.06
2020-06-15,0.09,0.09,,0.0,,,0.19,0.11,0.12,0.12,0.32,0.36,0.38,0.07,0.07
2020-06-16,0.09,0.09,,0.0,,,,0.12,,0.17,0.3,0.38,0.44,0.07,0.07
2020-06-17,0.09,0.09,,0.0,,0.18,0.23,0.13,0.15,,0.3,0.42,0.5,0.07,0.07
2020-06-18,0.09,0.09,,0.0,,,0.19,0.13,0.15,,0.27,0.51,,0.07,0.07
2020-06-19,0.09,0.09,,0.0,,,0.22,0.14,0.16,,0.29,0.32,0.34,0.06,0.06
2020-06-22,0.08,0.08,,0.0,,0.18,0.22,0.12,0.15,0.17,0.29,0.37,0.45,0.06,0.06
2020-06-23,0.07,0.08,,0.0,,,0.18,0.11,0.14,0.17,0.28,0.25,0.18,0.05,0.05
2020-06-24,0.08,0.08,,0.0,,,0.21,0.09,0.13,0.17,0.29,0.43,0.54,0.06,0.06
2020-06-25,0.09,0.08,,0.0,,,,0.11,0.14,0.16,0.23,0.31,0.35,0.06,0.06
2020-06-26,0.08,0.08,,0.0,,,0.22,0.12,0.13,0.16,0.22,0.35,0.38,0.06,0.06
2020-06-29,0.08,0.08,,0.0,,,,,0.14,0.15,0.62,0.62,0.58,0.06,0.06
2020-06-30,0.1,0.08,,0.0,,,,0.1,0.13,0.17,0.46,0.46,0.47,0.07,0.07
2020-07-01,0.11,0.08,,0.0,0.13,,0.21,0.12,0.13,0.13,0.29,0.63,,0.07,0.07
2020-07-02,0.11,0.09,,,,,0.22,0.11,0.12,,0.27,0.33,0.39,0.07,0.07
2020-07-03,,0.09,,,,,,,,,,,,,
2020-07-06,0.1,0.09,,,0.11,,0.16,,0.1,0.15,0.44,0.65,,0.08,0.08
2020-07-07,0.1,0.09,,0.0,,,,0.13,0.14,,0.27,0.33,0.38,0.08,0.08
2020-07-08,0.1,0.09,,0.0,,,0.17,0.12,0.14,,0.26,0.35,0.4,0.08,0.08
2020-07-09,0.1,0.09,,,0.12,,0.19,0.11,0.15,,0.29,0.35,0.41,0.08,0.08
2020-07-10,0.1,0.09,,,0.11,,0.17,0.1,,0.16,0.32,0.37,0.42,0.08,0.08
2020-07-13,0.1,0.09,,0.0,,,,0.11,0.12,0.13,0.27,,0.41,0.08,0.08
2020-07-14,0.11,0.09,,0.0,,,0.18,,0.12,0.14,0.26,0.26,0.31,0.09,0.09
2020-07-15,0.13,0.1,,0.0,0.14,0.17,0.2,0.11,0.12,0.14,0.22,0.29,0.33,0.11,0.11
2020-07-16,0.12,0.1,,0.0,,,,0.14,0.12,0.14,0.25,0.33,0.4,0.08,0.08
2020-07-17,0.12,0.09,,,,,0.17,,,0.15,0.24,0.35,0.45,0.09,0.09
2020-07-20,0.12,0.1,,0.0,0.12,,0.18,,0.13,0.16,0.21,0.29,0.4,0.09,0.09
2020-07-21,0.11,0.1,,,0.12,,0.17,,,0.14,0.22,0.27,0.31,0.08,0.08
2020-07-22,0.1,0.09,,,,,0.16,,0.14,0.15,0.21,0.23,,0.08,0.08
2020-07-23,0.1,0.09,,,,,0.18,0.14,0.15,0.15,0.18,0.44,0.33,0.08,0.08
2020-07-24,0.1,0.09,,,,,0.13,0.09,0.12,0.14,0.18,0.26,0.34,0.07,0.07
2020-07-27,0.1,0.1,,,,,,0.1,0.12,0.14,0.21,0.28,0.35,0.08,0.08
2020-07-28,0.1,0.1,,,,,,,0.11,0.13,0.23,0.27,0.3,0.08,0.08
2020-07-29,0.09,0.1,,0.0,,,0.16,,0.12,0.14,0.2,0.25,0.31,0.07,0.07
2020-07-30,0.1,0.1,,0.0,,,,0.12,,0.13,0.18,0.22,0.26,0.07,0.07
2020-07-31,0.1,0.1,,0.0,,,,0.1,0.12,0.12,0.19,0.39,0.28,0.08,0.08
2020-08-03,0.1,0.1,,,0.11,0.13,0.15,0.1,0.11,0.14,0.16,0.2,0.23,0.07,0.07
2020-08-04,0.09,0.1,,0.0,0.1,,,,,0.09,0.17,0.21,0.26,0.07,0.07
2020-08-05,0.09,0.1,,,,0.1,,0.1,0.11,0.13,0.22,0.26,0.28,0.07,0.07
2020-08-06,0.09,0.1,,,,,,0.1,0.09,0.1,0.21,0.23,0.25,0.07,0.07
2020-08-07,0.09,0.1,,,,,0.14,0.08,0.1,0.13,0.19,0.23,0.28,0.07,0.07
2020-08-10,0.09,0.1,,0.0,,,0.15,,0.11,0.13,0.17,0.21,0.25,0.07,0.07
2020-08-11,0.1,0.1,,,,,0.18,0.1,,0.11,0.17,0.21,0.26,0.07,0.07
2020-08-12,0.09,0.1,,0.0,,,0.14,0.1,0.11,0.12,0.17,0.19,0.22,0.07,0.07
2020-08-13,0.09,0.1,,0.0,,,,,0.11,,0.21,0.22,0.23,0.07,0.07
2020-08-14,0.09,0.1,,0.0,0.11,,0.16,0.09,0.11,0.12,0.14,0.18,0.22,0.07,0.07
2020-08-17,0.1,0.1,,0.0,0.1,,0.13,0.09,0.11,0.13,0.15,0.17,0.19,0.07,0.07
2020-08-18,0.09,0.09,,0.0,,,,0.09,0.11,,0.34,0.23,0.28,0.07,0.07
2020-08-19,0.09,0.09,,0.0,,,0.16,0.1,0.12,0.13,0.17,0.2,0.23,0.07,0.07
2020-08-20,0.07,0.09,,0.0,0.09,0.11,0.12,0.09,0.1,0.12,0.19,0.23,0.25,0.05,0.05
2020-08-21,0.07,0.09,,,0.09,,,0.07,0.11,0.12,0.18,0.22,,0.05,0.05
2020-08-24,0.08,0.09,,,0.1,,0.13,0.07,0.03,0.06,0.15,0.19,0.24,0.06,0.06
2020-08-25,0.08,0.09,,0.0,0.1,,0.13,0.06,,0.09,0.17,0.24,0.27,0.06,0.06
2020-08-26,0.07,0.09,,0.0,,,0.13,0.07,,,0.15,0.18,0.23,0.05,0.05
2020-08-27,0.07,0.08,,0.0,0.11,,,0.08,,,0.15,0.21,0.26,0.05,0.05
2020-08-28,0.07,0.09,,,0.11,,0.17,,0.11,0.13,0.21,0.23,0.27,0.05,0.05
2020-08-31,0.09,0.09,,0.0,0.13,,,0.08,0.1,0.12,0.17,0.22,0.27,0.07,0.07
2020-09-01,0.09,0.09,,0.0,,,0.15,0.09,0.1,0.1,0.17,0.21,0.23,0.06,0.06
2020-09-02,0.09,0.09,,0.0,0.1,,0.13,,0.1,0.12,0.16,0.2,0.24,0.06,0.06
2020-09-03,0.1,0.09,,,,,,0.09,0.11,0.11,0.16,0.18,0.24,0.06,0.06
2020-09-04,0.09,0.09,,,0.1,,0.13,,,,0.16,0.19,0.22,0.07,0.07
2020-09-07,,,,,,,,,,,,,,,
2020-09-08,0.09,0.09,,,,,,0.09,0.1,0.11,0.17,0.19,0.2,0.07,0.07
2020-09-09,0.09,0.09,,0.0,,,0.16,0.09,0.11,0.11,0.17,0.18,0.21,0.07,0.07
2020-09-10,0.09,0.09,,0.0,,,0.13,0.09,0.1,0.11,0.17,0.19,0.21,0.07,0.07
2020-09-11,0.09,0.09,,,,,,0.1,0.11,0.11,0.17,0.19,0.21,0.07,0.07
2020-09-14,0.09,0.09,,0.0,,,0.14,0.09,0.1,0.11,0.16,0.21,0.3,0.07,0.07
2020-09-15,0.1,0.09,,0.0,0.1,,0.13,0.09,0.1,0.11,0.17,0.18,0.19,0.07,0.07
2020-09-16,0.1,0.09,,0.0,,,0.13,0.1,0.11,0.12,0.2,,0.41,0.07,0.07
2020-09-17,0.1,0.09,,0.0,,,0.13,0.1,0.11,0.11,0.2,0.31,0.42,0.07,0.07
2020-09-18,0.09,0.09,,,,,,0.1,0.11,0.12,0.15,,0.19,0.07,0.07
2020-09-21,0.08,0.09,,0.0,0.09,,,0.13,0.12,0.12,0.16,0.19,0.22,0.06,0.06
2020-09-22,0.07,0.09,,,0.08,0.09,0.11,,0.1,0.12,0.15,0.17,0.2,0.05,0.05
2020-09-23,0.06,0.09,,0.0,0.1,,0.14,0.09,0.1,0.12,0.21,0.36,0.52,0.04,0.04
2020-09-24,0.07,0.09,,0.0,0.09,,,0.08,0.1,0.12,0.15,0.18,0.2,0.04,0.04
2020-09-25,0.08,0.09,,,0.08,,,0.11,0.14,0.15,0.15,0.17,0.2,0.06,0.06
2020-09-28,0.08,0.09,,,0.07,,,0.09,0.11,0.13,0.16,0.18,0.21,0.06,0.06
2020-09-29,0.07,0.09,,0.0,,,,0.09,0.1,0.11,0.14,,0.22,0.05,0.05
2020-09-30,0.08,0.09,,0.0,,,,0.08,0.1,0.11,0.13,0.2,0.32,0.06,0.06
2020-10-01,0.08,0.09,,0.0,0.11,0.13,0.14,0.07,0.11,0.12,0.16,0.19,0.21,0.05,0.05
2020-10-02,0.1,0.09,,,,,,0.08,0.11,0.11,0.15,0.17,0.2,0.06,0.06
2020-10-05,0.09,0.09,,,0.08,,0.08,0.09,0.1,0.1,0.17,0.22,0.24,0.07,0.07
2020-10-06,0.1,0.09,,,,,,,0.06,0.09,0.15,0.19,0.22,0.07,0.07
2020-10-07,0.09,0.09,,0.0,0.1,,0.13,0.08,0.09,0.09,0.17,0.19,0.23,0.07,0.07
2020-10-08,0.08,0.09,,0.0,0.09,,,0.09,,,0.17,0.2,0.23,0.06,0.06
2020-10-09,0.09,0.09,,,,0.12,0.12,0.07,0.09,0.1,0.16,0.2,0.25,0.06,0.06
2020-10-12,,,,,,,,,,,,,,,
2020-10-13,0.09,0.09,,,0.1,,0.1,0.09,0.1,0.1,0.17,0.24,0.26,0.06,0.06
2020-10-14,0.09,0.09,,,0.07,,0.12,0.09,0.09,0.11,0.2,0.21,0.21,0.06,0.06
2020-10-15,0.1,0.09,,0.0,0.1,,0.14,0.09,0.1,0.12,0.2,0.24,0.26,0.07,0.07
2020-10-16,0.09,0.09,,0.0,,,,0.09,0.1,0.1,0.18,0.21,0.23,0.06,0.06
2020-10-19,0.09,0.09,,0.0,,,0.09,0.1,0.11,0.12,0.22,0.33,0.43,0.06,0.06
2020-10-20,0.08,0.09,,0.0,,,0.08,,0.12,0.13,0.22,0.2,0.22,0.06,0.06
2020-10-21,0.07,0.09,,,,,0.15,0.09,0.11,0.13,0.19,0.18,0.17,0.05,0.05
2020-10-22,0.07,0.09,,0.0,,,0.18,0.09,0.12,0.13,0.16,0.2,0.23,0.05,0.05
2020-10-23,0.08,0.09,,,0.08,0.08,0.08,0.08,0.1,0.13,0.15,0.18,0.22,0.06,0.06
2020-10-26,0.09,0.09,,0.0,,,0.13,0.08,0.11,0.12,0.16,0.19,0.24,0.06,0.06
2020-10-27,0.09,0.09,,,,,0.13,0.12,0.09,0.14,0.18,0.22,0.25,0.06,0.06
2020-10-28,0.08,0.09,,0.0,0.07,0.06,,0.11,0.11,0.12,0.15,0.21,0.25,0.06,0.06
2020-10-29,0.09,0.09,,0.0,0.11,0.14,,0.08,0.1,0.12,0.17,0.26,,0.06,0.06
2020-10-30,0.09,0.09,,0.0,0.1,0.12,0.13,0.09,0.1,0.11,0.2,0.2,0.32,0.07,0.07
2020-11-02,0.11,0.09,,,0.12,0.13,0.15,0.09,0.1,0.14,0.17,0.22,0.28,0.07,0.07
2020-11-03,0.1,0.09,,,0.1,,0.17,0.08,0.09,0.11,0.17,0.21,0.25,0.07,0.07
2020-11-04,0.1,0.09,,,0.11,,0.15,0.09,0.1,0.12,0.19,0.23,,0.08,0.08
2020-11-05,0.11,0.09,,,,,0.14,0.1,0.13,0.16,0.17,0.22,0.27,0.08,0.08
2020-11-06,0.1,0.09,,,0.1,0.12,0.15,0.1,0.11,0.13,0.16,0.19,0.23,0.08,0.08
2020-11-09,0.1,0.09,,,,,0.17,0.1,0.14,0.11,0.19,0.23,0.31,0.08,0.08
2020-11-10,0.1,0.09,,,0.17,,0.19,0.09,0.11,0.12,0.18,0.23,0.27,0.07,0.07
2020-11-11,,,,,,,,,,,,,,,
2020-11-12,0.09,0.09,,,0.1,,0.11,0.09,0.11,0.14,0.17,0.2,0.23,0.07,0.07
2020-11-13,0.09,0.09,,0.0,,,0.14,0.1,0.11,0.14,0.16,0.2,0.26,0.07,0.07
2020-11-16,0.1,0.09,,0.0,0.17,0.18,0.2,0.11,0.11,0.15,0.2,0.25,0.29,0.08,0.08
2020-11-17,0.09,0.09,,,0.17,,0.19,,0.11,0.16,0.17,0.21,0.25,0.07,0.07
2020-11-18,0.07,0.09,,0.0,,,0.17,0.09,0.12,0.16,0.2,0.23,0.27,0.05,0.05
2020-11-19,0.06,0.08,,0.0,,,0.14,0.12,0.11,0.14,0.21,0.26,0.27,0.04,0.04
2020-11-20,0.05,0.08,,,,,,0.09,0.1,0.11,0.19,0.25,0.29,0.04,0.04
2020-11-23,0.05,0.08,,0.0,0.07,,,,,0.09,0.22,0.31,0.33,0.04,0.04
2020-11-24,0.07,0.08,,0.0,0.14,,,0.07,0.09,0.13,0.29,0.22,0.21,0.05,0.05
2020-11-25,0.08,0.08,,,,,0.12,0.07,0.09,0.13,0.18,0.2,0.22,0.06,0.06
2020-11-26,,,,,,,,,,,,,,,
2020-11-27,0.08,0.08,,,,,,,,,,0.18,,0.06,0.06
2020-11-30,0.09,0.09,,0.0,,,0.18,0.09,0.1,0.13,0.29,0.18,,0.08,0.08
2020-12-01,0.08,0.09,,0.0,0.15,0.19,0.2,,0.1,0.12,0.17,0.26,0.31,0.06,0.06
2020-12-02,0.08,0.09,,0.0,0.11,,0.17,,0.1,0.13,0.19,0.22,0.26,0.06,0.06
2020-12-03,0.08,0.09,,,,,0.14,0.08,0.11,0.15,0.23,0.23,,0.06,0.06
2020-12-04,0.09,0.09,,,0.12,,,0.1,0.1,0.14,0.18,0.25,0.32,0.07,0.07
2020-12-07,0.08,0.09,,0.0,0.1,,0.14,0.08,0.12,0.15,0.21,0.25,,0.07,0.07
2020-12-08,0.07,0.09,,0.0,,,,0.08,0.08,0.08,0.22,0.35,0.44,0.06,0.06
2020-12-09,0.08,0.09,,0.0,,0.2,0.21,0.1,0.14,0.18,0.25,0.35,0.3,0.06,0.06
2020-12-10,0.08,0.09,,0.0,,,0.14,0.09,0.1,0.11,0.21,0.31,0.41,0.06,0.06
2020-12-11,0.08,0.09,,,,,,0.08,0.1,0.13,0.24,0.26,0.28,0.06,0.06
2020-12-14,0.08,0.09,,0.0,,,0.22,0.1,0.13,0.12,0.21,0.27,,0.06,0.06
2020-12-15,0.09,0.09,,0.0,0.09,,0.13,0.1,0.11,0.12,0.28,0.28,0.37,0.07,0.07
2020-12-16,0.09,0.09,,0.0,,,,0.1,0.11,0.12,0.28,0.28,0.27,0.07,0.07
2020-12-17,0.09,0.09,,0.0,,,0.13,0.11,0.1,0.11,0.25,0.31,0.34,0.07,0.07
2020-12-18,0.09,0.09,,0.0,0.15,0.23,0.25,0.1,0.1,0.12,0.25,0.29,0.31,0.07,0.07
2020-12-21,0.09,0.09,,0.0,0.08,,,0.1,0.1,0.13,0.24,0.29,0.35,0.07,0.07
2020-12-22,0.07,0.09,,0.0,0.12,,0.21,0.1,0.1,0.13,0.26,0.28,,0.05,0.06
2020-12-23,0.06,0.09,,0.0,0.12,,0.17,0.08,0.09,0.11,0.22,0.28,0.35,0.05,0.05
2020-12-24,0.08,0.09,,0.0,,,0.14,,0.1,0.21,0.29,0.39,,0.06,0.06
2020-12-25,,,,,,,,,,,,,,,
2020-12-28,0.09,0.09,,0.0,0.1,,0.14,0.09,0.1,0.12,0.31,0.4,,0.07,0.07
2020-12-29,0.1,0.09,,0.0,,,0.14,0.08,0.09,0.11,,,,0.08,0.08
2020-12-30,0.09,0.09,,0.0,,,,0.08,0.1,0.12,0.26,0.3,,0.08,0.08
2020-12-31,0.07,0.09,,0.0,,,0.2,0.09,,0.13,,,,0.06,0.06
2021-01-01,,,,,,,,,,,,,,,
2021-01-04,0.1,0.09,,0.0,0.09,0.11,0.13,0.09,0.1,0.1,0.19,,0.3,0.06,0.06
2021-01-05,0.11,0.09,,0.0,0.1,0.13,0.15,0.08,0.1,0.11,0.22,0.26,0.3,0.08,0.08
2021-01-06,0.1,0.09,,0.0,,0.12,0.13,0.1,0.1,0.11,0.19,0.24,0.25,0.08,0.08
2021-01-07,0.1,0.09,,0.0,,,0.14,0.09,0.11,0.1,0.2,0.22,0.24,0.08,0.08
2021-01-08,0.09,0.09,,,,,0.13,0.08,0.1,0.1,0.18,,0.22,0.07,0.07
2021-01-11,0.09,0.09,,,0.1,,0.13,0.1,0.11,0.11,0.2,0.22,0.23,0.07,0.07
2021-01-12,0.08,0.09,,,,,0.16,0.08,0.08,0.08,0.19,0.26,0.26,0.06,0.06
2021-01-13,0.08,0.09,,,,,0.17,0.09,0.1,0.11,0.19,0.23,0.24,0.05,0.05
2021-01-14,0.08,0.09,,0.0,0.1,,0.15,0.08,0.09,0.09,0.18,0.19,0.24,0.05,0.05
2021-01-15,0.08,0.09,,,,,0.13,0.08,0.08,0.09,0.18,0.23,0.25,0.05,0.05
2021-01-18,,,,,,,,,,,,,,,
2021-01-19,0.07,0.09,,0.0,,,,0.07,0.08,0.1,0.19,0.23,0.29,0.05,0.05
2021-01-20,0.06,0.09,,0.0,0.1,,,0.09,0.09,0.09,0.16,0.21,0.27,0.04,0.04
2021-01-21,0.04,0.08,,0.0,0.09,,0.13,0.07,0.09,0.1,0.16,0.23,0.29,0.02,0.02
2021-01-22,0.05,0.08,,,0.08,,0.11,0.08,0.08,0.09,0.17,0.19,0.26,0.04,0.04
2021-01-25,0.06,0.08,,0.0,,,,0.08,0.09,0.11,0.18,0.22,,0.05,0.05
2021-01-26,0.03,0.08,,0.0,,,,0.06,0.07,0.08,0.17,0.21,0.19,0.02,0.02
2021-01-27,0.03,0.08,,0.0,0.12,0.13,0.14,0.07,0.07,0.08,0.16,0.21,0.25,0.02,0.02
2021-01-28,0.04,0.07,,0.0,,,,0.07,0.08,0.09,0.17,0.22,0.22,0.03,0.03
2021-01-29,0.06,0.07,,0.0,,,,0.07,0.08,0.09,0.13,0.15,0.16,0.04,0.04
2021-02-01,0.07,0.08,,0.0,0.08,,0.1,0.07,0.07,0.09,0.16,0.22,,0.05,0.05
2021-02-02,0.07,0.08,,0.0,0.13,0.17,0.16,0.07,0.07,0.08,0.17,,,0.05,0.05
2021-02-03,0.07,0.08,,0.0,0.09,0.1,0.12,0.06,0.07,0.08,0.16,0.19,,0.06,0.06
2021-02-04,0.05,0.08,,0.0,,0.12,0.14,,0.07,0.08,0.17,0.54,0.3,0.03,0.03
2021-02-05,0.02,0.08,,0.0,,,0.08,0.06,0.06,0.08,0.16,,,0.01,0.01
2021-02-08,0.02,0.07,,0.0,0.08,,0.1,,0.06,0.08,0.17,0.15,,0.01,0.01
2021-02-09,0.05,0.08,,0.0,0.08,,0.1,0.06,0.07,0.08,0.17,0.2,0.23,0.03,0.03
2021-02-10,0.06,0.08,,,0.09,,0.11,0.07,0.07,0.09,0.22,0.21,0.21,0.05,0.05
2021-02-11,0.06,0.08,,0.0,0.06,,0.06,0.05,0.06,0.11,0.16,0.19,0.19,0.04,0.04
2021-02-12,0.05,0.08,,0.0,,,,0.06,0.07,0.1,0.16,0.2,0.23,0.03,0.03
2021-02-15,,,,,,,,,,,,,,,
2021-02-16,0.06,0.08,,0.0,0.08,,0.1,0.09,0.06,0.12,0.19,,,0.04,0.04
2021-02-17,0.06,0.08,,0.0,,,0.1,0.06,0.07,0.08,0.16,0.19,,0.05,0.05
2021-02-18,0.03,0.07,,,0.12,,0.12,0.07,0.07,0.07,0.17,0.2,0.22,0.02,0.02
2021-02-19,0.02,0.07,,0.0,0.1,0.12,0.13,0.05,0.06,0.07,0.14,0.19,0.22,0.01,0.01
2021-02-22,0.03,0.07,,0.0,0.08,,0.11,0.05,0.07,0.08,0.15,0.21,0.28,0.02,0.02
2021-02-23,0.01,0.07,,0.0,0.07,,,0.05,0.06,0.07,0.15,0.19,0.23,0.01,0.01
2021-02-24,0.02,0.07,,0.0,,,,0.07,0.06,0.06,0.2,0.22,0.25,0.01,0.01
2021-02-25,0.03,0.07,,0.0,,,0.12,0.06,0.07,0.08,0.17,0.22,0.27,0.02,0.02
2021-02-26,0.01,0.07,,0.0,0.09,,0.15,0.06,0.07,0.08,0.21,0.21,,0.01,0.01
2021-03-01,0.02,0.07,,,0.07,,0.1,0.06,0.06,0.07,0.17,0.25,,0.01,0.01
2021-03-02,0.04,0.07,,0.0,0.08,,0.11,0.06,0.06,0.06,0.23,0.19,0.16,0.02,0.02
2021-03-03,0.04,0.07,,0.0,,,0.17,0.06,0.06,0.07,0.18,0.27,0.26,0.03,0.03
2021-03-04,0.02,0.07,,0.0,0.08,,0.11,0.06,0.06,0.06,0.18,0.21,0.23,0.01,0.01
2021-03-05,0.02,0.07,,0.0,0.08,,0.12,0.06,0.07,0.08,0.17,0.2,,0.01,0.01
2021-03-08,0.02,0.07,,0.0,,,0.11,0.08,,0.12,0.14,0.16,0.18,0.01,0.01
2021-03-09,0.02,0.07,,,0.08,,0.1,0.08,0.08,0.08,0.13,0.15,0.18,0.01,0.01
2021-03-10,0.02,0.07,,0.0,0.08,,0.1,0.07,0.05,0.06,0.16,0.18,0.2,0.01,0.01
2021-03-11,0.01,0.07,,0.0,,,0.05,0.07,0.08,0.09,0.16,0.2,0.22,0.01,0.01
2021-03-12,0.01,0.07,,0.0,,0.09,0.1,0.06,0.08,0.08,0.16,0.21,0.23,0.01,0.01
2021-03-15,0.01,0.07,,0.0,,,0.15,0.08,0.06,0.08,0.19,0.2,0.22,0.01,0.01
2021-03-16,0.01,0.07,,0.0,,,0.11,0.07,0.08,0.09,0.17,0.25,,0.01,0.01
2021-03-17,0.01,0.07,,,,,,0.07,0.08,0.1,0.17,0.13,,0.01,0.01
2021-03-18,0.01,0.07,,0.0,,,,0.06,0.08,0.1,0.16,0.19,0.22,0.01,0.01
2021-03-19,0.01,0.07,,0.0,,,0.12,0.08,0.06,,0.17,0.2,0.2,0.01,0.01
2021-03-22,0.01,0.07,,0.0,,,0.12,0.07,0.07,,0.18,0.21,,0.01,0.01
2021-03-23,0.01,0.07,,0.0,,0.08,0.08,,0.08,0.09,0.17,,,0.01,0.01
2021-03-24,0.01,0.07,,0.0,,,0.11,0.07,0.06,,0.17,0.26,,0.01,0.01
2021-03-25,0.01,0.07,,0.0,,,0.05,0.07,0.07,,0.2,0.23,,0.01,0.01
2021-03-26,0.01,0.07,,0.0,,,0.07,0.07,,,0.18,0.25,,0.01,0.01
2021-03-29,0.01,0.07,,0.0,,,0.05,0.07,0.06,0.07,0.19,,,0.01,0.01
2021-03-30,0.01,0.07,,0.0,,,0.07,0.06,0.06,0.07,0.4,0.37,0.27,0.01,0.01
2021-03-31,0.01,0.06,,0.0,0.11,0.14,0.15,0.04,0.06,0.06,0.39,0.23,,0.01,0.01
2021-04-01,0.01,0.07,,0.0,0.07,0.09,0.11,0.06,0.08,0.1,0.16,0.19,0.2,0.01,0.01
2021-04-02,,0.07,,,,,,,,,,,,,
2021-04-05,0.01,0.07,,0.0,0.08,,0.11,0.05,0.07,0.05,0.18,0.25,0.31,0.01,0.01
2021-04-06,0.01,0.07,,0.0,,,0.11,0.05,0.06,0.05,0.17,0.18,0.2,0.01,0.01
2021-04-07,0.01,0.07,,0.0,,0.1,0.11,0.05,0.05,0.05,0.17,0.21,0.25,0.01,0.01
2021-04-08,0.01,0.07,,0.0,0.09,,0.12,,0.07,0.05,0.17,0.2,0.24,0.01,0.01
2021-04-09,0.01,0.07,,0.0,,,,0.04,0.05,0.05,0.15,,,0.01,0.01
2021-04-12,0.01,0.07,,0.0,,0.1,0.12,0.05,0.05,0.05,0.17,,0.29,0.01,0.01
2021-04-13,0.01,0.07,,0.0,,0.06,0.06,0.04,0.04,0.05,0.21,0.24,0.28,0.01,0.01
2021-04-14,0.01,0.07,,0.0,,,0.12,0.04,0.05,0.05,0.49,0.24,0.34,0.01,0.01
2021-04-15,0.01,0.07,,0.0,,0.13,0.14,0.06,0.05,0.07,0.19,0.2,0.22,0.01,0.01
2021-04-16,0.01,0.07,,0.0,,,,0.06,0.05,0.06,0.16,0.22,0.24,0.01,0.01
2021-04-19,0.01,0.07,,0.0,,,0.1,0.04,0.04,0.05,0.17,0.26,,0.01,0.01
2021-04-20,0.01,0.07,,0.0,,0.12,0.14,0.03,0.05,0.06,0.15,,,0.01,0.01
2021-04-21,0.01,0.07,,0.0,0.07,,0.11,0.04,0.05,0.05,0.16,0.18,0.2,0.01,0.01
2021-04-22,0.01,0.07,,0.0,,,0.12,0.04,0.05,0.06,0.16,0.2,0.24,0.01,0.01
2021-04-23,0.01,0.07,,0.0,,,0.12,0.05,0.05,0.05,0.16,0.18,,0.01,0.01
2021-04-26,0.01,0.07,,0.0,,0.09,0.11,0.04,0.05,0.06,0.17,,,0.01,0.01
2021-04-27,0.01,0.07,,0.0,,0.09,0.11,0.04,0.03,0.05,0.16,0.15,0.14,0.01,0.01
2021-04-28,0.01,0.07,,0.0,,,0.04,0.03,0.04,0.05,0.15,0.18,,0.01,0.01
2021-04-29,0.01,0.06,,0.0,0.07,,0.11,0.04,,0.06,0.3,,,0.01,0.01
2021-04-30,0.01,0.05,,0.0,,,0.11,0.04,0.03,0.05,0.14,0.19,,0.01,0.01
2021-05-03,0.01,0.06,,0.0,,,0.12,1.32,0.04,0.04,0.13,0.24,,0.01,0.01
2021-05-04,0.01,0.06,,0.0,,,0.12,0.03,0.04,0.05,0.14,0.19,0.19,0.01,0.01
2021-05-05,0.01,0.06,,0.0,0.05,,0.11,0.04,0.04,0.05,0.16,0.2,0.25,0.01,0.01
2021-05-06,0.01,0.06,,0.0,,,0.11,0.04,0.03,0.04,0.14,0.23,,0.01,0.01
2021-05-07,0.01,0.06,,0.0,0.08,,0.15,0.04,0.04,0.05,0.13,,,0.01,0.01
2021-05-10,0.01,0.06,,0.0,,0.08,0.11,0.04,0.04,0.05,0.17,0.17,0.17,0.01,0.01
2021-05-11,0.01,0.06,,0.0,0.06,,0.1,0.04,0.04,0.05,0.14,0.17,0.18,0.01,0.01
2021-05-12,0.01,0.06,,0.0,0.05,,0.08,0.04,0.04,0.05,0.13,,0.17,0.01,0.01
2021-05-13,0.01,0.06,,0.0,,,0.09,0.06,0.04,0.05,0.14,0.18,0.22,0.01,0.01
2021-05-14,0.01,0.06,,0.0,0.06,,0.12,0.04,0.04,0.05,0.15,,,0.01,0.01
2021-05-17,0.01,0.06,,0.0,,,0.12,0.05,0.05,0.06,0.16,0.18,0.19,0.01,0.01
2021-05-18,0.01,0.06,,0.0,0.05,,0.08,0.05,0.05,0.06,0.17,0.24,,0.01,0.01
2021-05-19,0.01,0.06,,0.0,,,0.09,0.03,0.04,0.06,0.16,0.16,0.15,0.01,0.01
2021-05-20,0.01,0.06,,0.0,,,0.09,0.04,0.05,0.05,0.19,0.13,0.17,0.01,0.01
2021-05-21,0.01,0.06,,0.0,,,0.09,0.02,0.03,0.04,0.26,0.21,0.23,0.01,0.01
2021-05-24,0.01,0.06,,0.0,0.05,,0.08,0.02,0.01,,0.15,,0.2,0.01,0.01
2021-05-25,0.01,0.06,,0.0,,,0.08,0.03,0.03,0.04,0.14,0.15,0.18,0.01,0.01
2021-05-26,0.01,0.06,,0.0,,,0.09,0.02,0.03,,0.15,0.17,0.18,0.01,0.01
2021-05-27,0.01,0.06,,0.0,0.06,,0.09,0.02,0.03,0.04,0.13,0.19,,0.01,0.01
2021-05-28,0.01,0.05,,0.0,0.04,,0.08,0.03,,,0.13,0.17,,0.01,0.01
2021-05-31,,,,,,,,,,,,,,,
2021-06-01,0.01,0.06,,0.0,0.06,,0.09,0.04,0.05,0.05,0.14,0.16,0.18,0.01,0.01
2021-06-02,0.01,0.06,,0.0,,,0.09,0.02,0.04,0.05,0.13,0.13,,0.01,0.01
2021-06-03,0.01,0.06,,0.0,,,0.09,0.03,0.03,0.04,0.13,0.14,0.11,0.01,0.01
2021-06-04,0.01,0.06,,0.0,,,0.09,0.02,0.03,0.04,0.12,0.17,0.22,0.01,0.01
2021-06-07,0.01,0.06,,0.0,0.05,,0.07,0.02,0.04,0.03,0.14,0.15,0.17,0.01,0.01
2021-06-08,0.01,0.06,,0.0,0.05,,0.08,0.03,0.04,0.04,0.13,0.18,,0.01,0.01
2021-06-09,0.01,0.06,,0.0,0.06,,0.09,0.02,0.02,0.03,0.14,0.15,0.21,0.01,0.01
2021-06-10,0.01,0.06,,0.0,,,,0.02,0.03,0.04,0.15,0.18,0.2,0.01,0.01
2021-06-11,0.01,0.06,,0.0,,,0.08,0.02,0.03,,0.13,0.16,0.17,0.01,0.01
2021-06-14,0.01,0.06,,0.0,,,0.07,0.03,0.03,,0.16,0.17,0.18,0.01,0.01
2021-06-15,0.01,0.06,,0.0,,,0.06,0.02,0.03,0.03,0.12,0.14,0.18,0.01,0.01
2021-06-16,0.01,0.06,,0.0,0.05,,0.07,0.02,,0.03,0.25,0.19,,0.01,0.01
2021-06-17,0.05,0.1,,0.05,,,,0.05,0.06,0.07,0.15,0.18,0.2,0.05,0.05
2021-06-18,0.05,0.1,,0.05,,,,0.05,0.06,0.08,0.17,0.18,0.2,0.05,0.05
2021-06-21,0.05,0.1,,0.05,,,,0.06,0.07,0.07,0.15,0.18,0.2,0.05,0.05
2021-06-22,0.05,0.1,,0.05,0.08,,0.1,0.05,,,0.14,0.16,0.17,0.05,0.05
2021-06-23,0.05,0.1,,0.05,,,0.09,0.04,0.05,,0.15,0.15,,0.05,0.05
2021-06-24,0.05,0.1,,0.05,,,0.12,0.05,0.05,0.07,0.15,0.19,,0.05,0.05
2021-06-25,0.05,0.1,,0.05,,0.1,0.11,0.05,0.05,0.07,0.15,0.21,,0.05,0.05
2021-06-28,0.05,0.1,,0.05,,,0.12,0.05,0.05,0.06,0.15,,,0.05,0.05
2021-06-29,0.05,0.1,,0.05,,,0.11,0.04,0.05,0.06,0.12,,,0.05,0.05
2021-06-30,0.05,0.08,,0.05,,,0.1,0.04,0.05,0.05,0.14,,,0.05,0.05
2021-07-01,0.05,0.1,,0.05,0.08,0.1,0.12,0.07,0.07,0.06,0.14,0.15,0.16,0.05,0.05
2021-07-02,0.05,0.1,,0.05,0.08,,0.1,0.04,0.05,0.05,0.13,0.18,0.24,0.05,0.05
2021-07-05,,,,,,,,,,,,,,,
2021-07-06,0.05,0.1,,0.05,,,0.11,0.07,0.07,0.07,0.16,0.17,0.17,0.05,0.05
2021-07-07,0.05,0.1,,0.05,,,0.11,0.05,0.05,0.06,0.15,0.17,,0.05,0.05
2021-07-08,0.05,0.1,,0.05,0.09,0.1,0.11,0.06,0.06,0.06,0.15,0.15,,0.05,0.05
2021-07-09,0.05,0.1,,0.05,0.09,,0.11,0.05,0.05,0.06,0.15,0.13,,0.05,0.05
2021-07-12,0.05,0.1,,0.05,,,0.11,,0.06,0.06,0.14,0.16,0.18,0.05,0.05
2021-07-13,0.05,0.1,,0.05,,,0.11,0.05,0.06,0.06,0.14,0.15,0.16,0.05,0.05
2021-07-14,0.05,0.1,,0.05,,,0.11,0.06,0.05,0.06,0.15,0.16,0.17,0.05,0.05
2021-07-15,0.05,0.1,,0.05,,,0.11,0.06,0.05,0.06,0.14,0.14,0.15,0.05,0.05
2021-07-16,0.05,0.1,,0.05,0.06,,0.08,0.06,0.06,0.06,0.16,0.17,0.18,0.05,0.05
2021-07-19,0.05,0.1,,0.05,,,,0.06,0.06,0.06,0.14,0.19,0.23,0.05,0.05
2021-07-20,0.05,0.1,,0.05,0.09,0.1,0.11,0.06,0.06,0.06,0.14,,0.17,0.05,0.05
2021-07-21,0.05,0.1,,0.05,,,,0.05,0.05,0.05,0.18,0.21,0.24,0.05,0.05
2021-07-22,0.05,0.1,,0.05,,,,0.05,0.05,0.06,0.14,0.19,0.24,0.05,0.05
2021-07-23,0.05,0.1,,0.05,,,0.11,0.05,0.05,0.06,0.13,0.14,0.21,0.05,0.05
2021-07-26,0.05,0.1,,0.05,,,0.11,,0.06,0.06,0.13,0.16,,0.05,0.05
2021-07-27,0.05,0.1,,0.05,,,0.11,0.05,0.05,0.06,0.13,0.15,0.17,0.05,0.05
2021-07-28,0.05,0.1,,0.05,,,0.09,0.05,0.05,0.06,0.14,0.16,0.17,0.05,0.05
2021-07-29,0.05,0.1,0.15,0.05,0.06,,0.08,0.05,0.05,0.06,0.15,0.15,,0.05,0.05
2021-07-30,0.05,0.07,0.15,0.05,,,0.09,0.05,0.06,0.06,0.14,0.14,,0.05,0.05
2021-07-31,,,0.15,,,,,,,,,,,,
2021-08-01,,,0.15,,,,,,,,,,,,
2021-08-02,0.05,0.1,0.15,0.05,0.09,0.1,0.11,0.06,0.06,0.06,0.12,0.16,0.19,0.05,0.05
2021-08-03,0.05,0.1,0.15,0.05,,,0.15,0.06,0.07,0.07,0.14,0.18,0.21,0.05,0.05
2021-08-04,0.05,0.1,0.15,0.05,,,0.09,,0.06,0.06,0.14,0.16,0.18,0.05,0.05
2021-08-05,0.05,0.1,0.15,0.05,,,,0.04,0.05,0.06,0.14,0.15,,0.05,0.05
2021-08-06,0.05,0.1,0.15,0.05,,,,0.05,0.05,0.06,0.14,0.19,0.23,0.05,0.05
2021-08-07,,,0.15,,,,,,,,,,,,
2021-08-08,,,0.15,,,,,,,,,,,,
2021-08-09,0.05,0.1,0.15,0.05,0.09,,0.11,,,,0.13,0.17,0.21,0.05,0.05
2021-08-10,0.05,0.1,0.15,0.05,,0.1,0.11,,0.06,0.06,0.14,0.16,0.17,0.05,0.05
2021-08-11,0.05,0.1,0.15,0.05,0.09,,0.11,,0.06,0.06,0.14,0.17,0.19,0.05,0.05
2021-08-12,0.05,0.1,0.15,0.05,,,0.1,0.05,0.05,0.05,0.14,0.17,0.2,0.05,0.05
2021-08-13,0.05,0.1,0.15,0.05,,,0.1,0.06,0.06,0.06,0.14,0.17,0.2,0.05,0.05
2021-08-14,,,0.15,,,,,,,,,,,,
2021-08-15,,,0.15,,,,,,,,,,,,
2021-08-16,0.05,0.1,0.15,0.05,,,,0.06,0.05,0.05,0.14,,,0.05,0.05
2021-08-17,0.05,0.1,0.15,0.05,,,0.1,0.06,0.06,0.06,0.18,0.18,0.17,0.05,0.05
2021-08-18,0.05,0.09,0.15,0.05,,,0.1,0.06,0.06,0.05,0.15,0.13,,0.05,0.05
2021-08-19,0.05,0.09,0.15,0.05,,,,0.05,0.07,0.07,0.13,0.17,0.21,0.05,0.05
2021-08-20,0.05,0.09,0.15,0.05,,,0.09,0.05,0.05,0.06,0.14,0.16,,0.05,0.05
2021-08-21,,,0.15,,,,,,,,,,,,
2021-08-22,,,0.15,,,,,,,,,,,,
2021-08-23,0.05,0.09,0.15,0.05,,,0.09,0.05,0.05,,0.14,,0.18,0.05,0.05
2021-08-24,0.05,0.09,0.15,0.05,0.06,,0.08,0.05,0.06,,0.24,0.14,0.16,0.05,0.05
2021-08-25,0.05,0.09,0.15,0.05,,,0.08,0.05,,,0.13,0.15,0.18,0.05,0.05
2021-08-26,0.05,0.09,0.15,0.05,,,0.09,0.05,,,0.14,0.17,0.2,0.05,0.05
2021-08-27,0.05,0.08,0.15,0.05,,,0.09,0.05,0.06,,0.13,0.14,0.16,0.05,0.05
2021-08-28,,,0.15,,,,,,,,,,,,
2021-08-29,,,0.15,,,,,,,,,,,,
2021-08-30,0.05,0.08,0.15,0.05,0.08,,0.1,,,,0.13,0.17,0.2,0.05,0.05
2021-08-31,0.05,0.06,0.15,0.05,0.06,,0.09,0.05,,,0.13,,,0.05,0.05
2021-09-01,0.05,0.08,0.15,0.05,0.06,,0.09,0.05,0.06,0.07,0.13,0.15,,0.05,0.05
2021-09-02,0.05,0.08,0.15,0.05,0.08,,0.1,0.06,0.06,0.07,0.13,0.14,0.16,0.05,0.05
2021-09-03,0.05,0.08,0.15,0.05,,,0.1,0.05,,,0.13,0.16,0.2,0.05,0.05
2021-09-04,,,0.15,,,,,,,,,,,,
2021-09-05,,,0.15,,,,,,,,,,,,
2021-09-06,,,0.15,,,,,,,,,,,,
2021-09-07,0.05,0.08,0.15,0.05,0.08,,0.09,0.05,,,0.13,0.15,0.16,0.05,0.05
2021-09-08,0.05,0.08,0.15,0.05,,,0.09,0.05,0.06,,0.13,0.17,0.2,0.05,0.05
2021-09-09,0.05,0.08,0.15,0.05,,,0.09,0.05,0.05,,0.12,0.17,0.16,0.05,0.05
2021-09-10,0.05,0.08,0.15,0.05,,,,0.05,0.07,0.08,0.14,0.16,0.19,0.05,0.05
2021-09-11,,,0.15,,,,,,,,,,,,
2021-09-12,,,0.15,,,,,,,,,,,,
2021-09-13,0.05,0.08,0.15,0.05,,,,0.05,0.05,0.06,0.13,0.15,,0.05,0.05
2021-09-14,0.05,0.08,0.15,0.05,,,0.08,0.06,0.06,0.06,0.13,0.15,,0.05,0.05
2021-09-15,0.05,0.08,0.15,0.05,0.08,,,0.05,0.06,0.07,0.14,0.16,0.18,0.05,0.05
2021-09-16,0.05,0.08,0.15,0.05,0.08,,0.1,0.06,0.05,0.06,0.15,0.16,0.21,0.05,0.05
2021-09-17,0.05,0.08,0.15,0.05,0.08,,0.1,0.05,0.06,0.06,0.14,0.19,0.23,0.05,0.05
2021-09-18,,,0.15,,,,,,,,,,,,
2021-09-19,,,0.15,,,,,,,,,,,,
2021-09-20,0.05,0.08,0.15,0.05,,,,0.06,0.06,0.06,0.16,0.18,0.21,0.05,0.05
2021-09-21,0.05,0.08,0.15,0.05,,,0.1,0.06,0.06,0.05,0.16,0.21,0.21,0.05,0.05
2021-09-22,0.05,0.08,0.15,0.05,,,0.1,,,,0.14,0.16,0.17,0.05,0.05
2021-09-23,0.05,0.08,0.15,0.05,,,,,0.05,0.05,0.13,0.15,0.18,0.05,0.05
2021-09-24,0.05,0.08,0.15,0.05,,,0.09,0.05,0.05,0.05,0.15,,,0.05,0.05
2021-09-25,,,0.15,,,,,,,,,,,,
2021-09-26,,,0.15,,,,,,,,,,,,
2021-09-27,0.05,0.08,0.15,0.05,0.07,,0.1,,0.05,0.05,0.15,0.17,0.19,0.05,0.05
2021-09-28,0.05,0.08,0.15,0.05,,,0.1,0.06,0.06,0.05,0.15,0.17,0.21,0.05,0.05
2021-09-29,0.05,0.08,0.15,0.05,,,0.14,,0.05,0.05,0.16,0.17,0.19,0.05,0.05
2021-09-30,0.05,0.06,0.15,0.05,,,0.1,0.05,0.05,0.05,0.17,0.18,,0.05,0.05
2021-10-01,0.05,0.08,0.15,0.05,0.07,0.08,0.1,0.04,0.05,0.05,0.13,0.16,0.19,0.05,0.05
2021-10-02,,,0.15,,,,,,,,,,,,
2021-10-03,,,0.15,,,,,,,,,,,,
2021-10-04,0.05,0.08,0.15,0.05,,0.09,0.1,0.05,0.06,0.06,0.14,0.22,0.29,0.05,0.05
2021-10-05,0.05,0.08,0.15,0.05,,0.09,0.1,0.05,0.05,0.06,0.13,0.16,0.19,0.05,0.05
2021-10-06,0.05,0.08,0.15,0.05,,,0.11,0.05,0.05,0.06,0.14,0.17,0.2,0.05,0.05
2021-10-07,0.05,0.08,0.15,0.05,,,0.1,0.05,0.05,0.06,0.13,0.17,,0.05,0.05
2021-10-08,0.05,0.08,0.15,0.05,0.08,,0.1,0.05,0.07,0.05,0.12,0.12,,0.05,0.05
2021-10-09,,,0.15,,,,,,,,,,,,
2021-10-10,,,0.15,,,,,,,,,,,,
2021-10-11,,,0.15,,,,,,,,,,,,
2021-10-12,0.05,0.08,0.15,0.05,,,0.1,0.05,,,0.14,0.17,0.21,0.05,0.05
2021-10-13,0.05,0.08,0.15,0.05,,,,0.05,0.06,0.06,0.15,0.16,0.18,0.05,0.05
2021-10-14,0.05,0.08,0.15,0.05,,,0.12,0.05,0.06,0.06,0.14,0.16,0.18,0.05,0.05
2021-10-15,0.05,0.08,0.15,0.05,,,0.11,0.06,0.05,,0.11,0.19,0.2,0.05,0.05
2021-10-16,,,0.15,,,,,,,,,,,,
2021-10-17,,,0.15,,,,,,,,,,,,
2021-10-18,0.05,0.08,0.15,0.05,,,,0.06,0.06,,0.14,0.16,0.18,0.05,0.05
2021-10-19,0.03,0.08,0.15,0.05,0.07,,,0.05,0.05,0.06,0.14,0.16,0.19,0.05,0.05
2021-10-20,0.03,0.08,0.15,0.05,,,0.11,0.05,0.05,0.06,0.14,0.18,0.19,0.05,0.05
2021-10-21,0.03,0.08,0.15,0.05,,0.11,0.13,,0.06,0.07,0.15,0.17,0.19,0.05,0.05
2021-10-22,0.05,0.08,0.15,0.05,,,0.13,0.05,0.05,0.06,0.14,0.17,0.19,0.05,0.05
2021-10-23,,,0.15,,,,,,,,,,,,
2021-10-24,,,0.15,,,,,,,,,,,,
2021-10-25,0.04,0.08,0.15,0.05,,,0.13,0.06,0.05,,0.15,0.21,,0.05,0.05
2021-10-26,0.05,0.08,0.15,0.05,0.08,,0.1,0.07,,,0.15,0.19,0.22,0.05,0.05
2021-10-27,0.05,0.08,0.15,0.05,0.08,,0.11,0.06,0.06,0.07,0.14,0.18,,0.05,0.05
2021-10-28,0.05,0.08,0.15,0.05,,,0.12,0.06,,0.07,0.15,0.17,,0.05,0.05
2021-10-29,0.05,0.07,0.15,0.05,0.08,,0.11,,,,0.13,0.15,,0.05,0.05
2021-10-30,,,0.15,,,,,,,,,,,,
2021-10-31,,,0.15,,,,,,,,,,,,
2021-11-01,0.05,0.08,0.15,0.05,,,0.13,0.07,0.07,,0.15,0.18,0.2,0.05,0.05
2021-11-02,0.05,0.08,0.15,0.05,,,0.17,,0.06,0.07,0.15,0.19,0.23,0.05,0.05
2021-11-03,0.05,0.08,0.15,0.05,,,0.11,,0.06,0.07,0.14,0.17,0.19,0.05,0.05
2021-11-04,0.05,0.08,0.15,0.05,,,0.13,,0.05,,0.15,0.17,0.2,0.05,0.05
2021-11-05,0.05,0.08,0.15,0.05,,,0.11,0.06,0.07,0.07,0.15,0.19,0.24,0.05,0.05
2021-11-06,,,0.15,,,,,,,,,,,,
2021-11-07,,,0.15,,,,,,,,,,,,
2021-11-08,0.05,0.08,0.15,0.05,,0.11,0.13,0.05,0.05,,0.15,0.18,0.2,0.05,0.05
2021-11-09,0.05,0.08,0.15,0.05,,0.13,0.16,0.04,0.05,,0.15,0.17,0.2,0.05,0.05
2021-11-10,0.05,0.08,0.15,0.05,,,0.12,0.04,0.05,,0.15,0.18,0.21,0.05,0.05
2021-11-11,,,0.15,,,,,,,,,,,,
2021-11-12,0.05,0.08,0.15,0.05,,,0.13,0.05,0.05,,0.16,0.2,,0.05,0.05
2021-11-13,,,0.15,,,,,,,,,,,,
2021-11-14,,,0.15,,,,,,,,,,,,
2021-11-15,0.05,0.08,0.15,0.05,0.1,0.12,0.15,0.05,0.05,,0.17,0.2,0.23,0.05,0.05
2021-11-16,0.05,0.08,0.15,0.05,,0.11,,0.05,0.05,,0.17,0.2,0.23,0.05,0.05
2021-11-17,0.05,0.08,0.15,0.05,,0.11,0.13,0.06,0.08,0.09,0.15,0.18,0.21,0.05,0.05
2021-11-18,0.05,0.08,0.15,0.05,,,0.14,0.06,0.08,0.1,0.16,0.2,0.25,0.05,0.05
2021-11-19,0.05,0.08,0.15,0.05,,,0.14,0.07,0.08,0.09,0.18,0.24,0.26,0.05,0.05
2021-11-20,,,0.15,,,,,,,,,,,,
2021-11-21,,,0.15,,,,,,,,,,,,
2021-11-22,0.05,0.08,0.15,0.05,,,0.14,,0.05,0.05,0.18,0.21,0.24,0.05,0.05
2021-11-23,0.05,0.08,0.15,0.05,,0.12,0.15,,0.08,0.1,0.18,0.2,0.23,0.05,0.05
2021-11-24,0.05,0.08,0.15,0.05,,,0.12,0.05,,,0.21,0.27,0.29,0.05,0.05
2021-11-25,,,0.15,,,,,,,,,,,,
2021-11-26,0.05,0.08,0.15,0.05,,,0.15,,,,0.21,,,0.05,0.05
2021-11-27,,,0.15,,,,,,,,,,,,
2021-11-28,,,0.15,,,,,,,,,,,,
2021-11-29,0.05,0.08,0.15,0.05,,,,,,,0.31,0.28,0.25,0.05,0.05
2021-11-30,0.05,0.07,0.15,0.05,0.11,,0.21,0.07,0.08,0.09,0.28,0.23,0.22,0.05,0.05
2021-12-01,0.05,0.08,0.15,0.05,0.1,,0.15,0.06,0.09,0.14,0.18,0.23,0.29,0.05,0.05
2021-12-02,0.05,0.08,0.15,0.05,0.05,,0.21,,0.09,0.13,0.2,0.27,0.33,0.05,0.05
2021-12-03,0.05,0.08,0.15,0.05,,,0.17,,0.09,0.12,0.2,0.23,0.27,0.05,0.05
2021-12-04,,,0.15,,,,,,,,,,,,
2021-12-05,,,0.15,,,,,,,,,,,,
2021-12-06,0.05,0.08,0.15,0.05,,,,,0.11,,0.21,0.27,0.33,0.05,0.05
2021-12-07,0.05,0.08,0.15,0.05,,,0.16,0.08,0.1,0.13,0.21,0.28,0.31,0.05,0.05
2021-12-08,0.05,0.08,0.15,0.05,,,0.16,0.09,0.11,0.14,0.22,0.29,0.25,0.05,0.05
2021-12-09,0.05,0.08,0.15,0.05,,,0.16,,0.12,,0.24,0.3,0.35,0.05,0.05
2021-12-10,0.05,0.08,0.15,0.05,,,0.17,,,,0.25,0.27,0.37,0.05,0.05
2021-12-11,,,0.15,,,,,,,,,,,,
2021-12-12,,,0.15,,,,,,,,,,,,
2021-12-13,0.05,0.08,0.15,0.05,,0.14,0.17,,0.08,,0.26,0.31,0.36,0.05,0.05
2021-12-14,0.05,0.08,0.15,0.05,,,0.17,0.06,,,0.27,0.33,0.35,0.05,0.05
2021-12-15,0.05,0.08,0.15,0.05,,,0.13,0.05,,,0.28,0.34,0.39,0.05,0.05
2021-12-16,0.05,0.08,0.15,0.05,,,0.17,,,,0.28,0.36,0.42,0.05,0.05
2021-12-17,0.05,0.08,0.15,0.05,,,0.17,,,,0.34,0.46,0.46,0.05,0.05
2021-12-18,,,0.15,,,,,,,,,,,,
2021-12-19,,,0.15,,,,,,,,,,,,
2021-12-20,0.04,0.08,0.15,0.05,,0.2,0.22,,,,0.34,0.4,0.43,0.05,0.05
2021-12-21,0.05,0.08,0.15,0.05,,0.14,0.18,,,,0.37,0.36,0.52,0.05,0.05
2021-12-22,0.05,0.08,0.15,0.05,0.1,,0.18,,,,0.34,0.4,0.46,0.05,0.05
2021-12-23,0.05,0.08,0.15,0.05,,,,,,,0.27,,,0.05,0.05
2021-12-24,,0.08,0.15,,,,,,,,,,,,
2021-12-25,,,0.15,,,,,,,,,,,,
2021-12-26,,,0.15,,,,,,,,,,,,
2021-12-27,0.05,0.08,0.15,0.05,0.08,,,,,,0.33,,,0.05,0.05
2021-12-28,0.05,0.08,0.15,0.05,,,0.18,,,,0.24,,0.3,0.05,0.05
2021-12-29,0.05,0.08,0.15,0.05,,,0.18,,,,0.32,0.37,,0.05,0.05
2021-12-30,0.05,0.08,0.15,0.05,,,0.13,,,,0.22,,,0.05,0.05
2021-12-31,0.05,0.07,0.15,0.05,,,,,,,0.19,,,0.05,0.05
2022-01-01,,,0.15,,,,,,,,,,,,
2022-01-02,,,0.15,,,,,,,,,,,,
2022-01-03,0.05,0.08,0.15,0.05,0.08,0.09,0.14,0.05,,,0.25,0.29,0.31,0.05,0.05
2022-01-04,0.05,0.08,0.15,0.05,0.09,0.11,,0.06,,,0.25,0.27,,0.05,0.05
2022-01-05,0.05,0.08,0.15,0.05,,0.14,0.18,0.08,,,0.2,0.26,0.31,0.05,0.05
2022-01-06,0.05,0.08,0.15,0.05,0.06,,0.16,0.08,0.09,,0.21,0.27,0.31,0.05,0.05
2022-01-07,0.05,0.08,0.15,0.05,,0.14,0.18,0.07,,,0.23,0.3,0.38,0.05,0.05
2022-01-08,,,0.15,,,,,,,,,,,,
2022-01-09,,,0.15,,,,,,,,,,,,
2022-01-10,0.05,0.08,0.15,0.05,,,0.2,,,,0.22,0.28,0.35,0.05,0.05
2022-01-11,0.05,0.08,0.15,0.05,,,0.21,,,,0.23,0.3,0.37,0.05,0.05
2022-01-12,0.05,0.08,0.15,0.05,,0.09,0.17,,,,0.2,0.29,0.35,0.05,0.05
2022-01-13,0.05,0.08,0.15,0.05,,0.15,0.21,0.07,0.09,,0.24,0.29,0.34,0.05,0.05
2022-01-14,0.05,0.08,0.15,0.05,,0.18,,0.06,0.08,,0.21,0.29,0.37,0.05,0.05
2022-01-15,,,0.15,,,,,,,,,,,,
2022-01-16,,,0.15,,,,,,,,,,,,
2022-01-17,,,0.15,,,,,,,,,,,,
2022-01-18,0.05,0.08,0.15,0.05,,0.18,0.23,0.05,0.1,0.16,0.24,0.31,0.37,0.05,0.05
2022-01-19,0.05,0.08,0.15,0.05,0.1,,0.22,0.07,0.13,0.15,0.27,0.31,0.37,0.05,0.05
2022-01-20,0.04,0.08,0.15,0.05,,,,0.07,0.13,0.15,0.23,0.32,0.36,0.05,0.05
2022-01-21,0.05,0.08,0.15,0.05,,,0.23,0.08,0.14,,0.23,0.31,0.38,0.05,0.05
2022-01-22,,,0.15,,,,,,,,,,,,
2022-01-23,,,0.15,,,,,,,,,,,,
2022-01-24,0.04,0.08,0.15,0.05,0.11,0.17,0.23,0.1,0.12,,0.23,0.29,0.35,0.05,0.05
2022-01-25,0.05,0.08,0.15,0.05,,0.21,0.29,0.07,,0.15,0.25,0.28,0.39,0.05,0.05
2022-01-26,0.04,0.08,0.15,0.05,0.11,,0.24,0.05,0.1,0.15,0.29,0.29,0.29,0.05,0.05
2022-01-27,0.04,0.08,0.15,0.05,,,0.3,0.06,0.13,,0.23,0.28,0.3,0.05,0.05
2022-01-28,0.05,0.08,0.15,0.05,0.14,,0.3,0.06,0.12,,0.22,0.28,,0.05,0.05
2022-01-29,,,0.15,,,,,,,,,,,,
2022-01-30,,,0.15,,,,,,,,,,,,
2022-01-31,0.05,0.08,0.15,0.05,,,,,,,0.24,0.33,0.41,0.05,0.05
2022-02-01,0.05,0.08,0.15,0.05,0.09,,0.22,,0.16,0.21,0.25,0.37,0.47,0.05,0.05
2022-02-02,0.05,0.08,0.15,0.05,0.11,0.22,0.29,,0.16,0.21,0.25,0.36,0.46,0.05,0.05
2022-02-03,0.05,0.08,0.15,0.05,,,,0.08,0.14,0.21,0.23,0.33,0.42,0.05,0.05
2022-02-04,0.05,0.08,0.15,0.05,,,,,,0.17,0.27,0.36,0.45,0.05,0.05
2022-02-05,,,0.15,,,,,,,,,,,,
2022-02-06,,,0.15,,,,,,,,,,,,
2022-02-07,0.05,0.08,0.15,0.05,,,,,,0.25,0.25,0.36,0.47,0.05,0.05
2022-02-08,0.05,0.08,0.15,0.05,,,0.36,,0.11,0.15,0.26,0.38,0.5,0.05,0.05
2022-02-09,0.04,0.08,0.15,0.05,0.11,,,,,,0.28,0.39,0.48,0.05,0.05
2022-02-10,0.05,0.08,0.15,0.05,,,,,0.19,0.28,0.27,0.42,0.55,0.05,0.05
2022-02-11,0.05,0.08,0.15,0.05,,,0.36,,,,0.3,0.44,0.59,0.05,0.05
2022-02-12,,,0.15,,,,,,,,,,,,
2022-02-13,,,0.15,,,,,,,,,,,,
2022-02-14,0.05,0.08,0.15,0.05,,,,,0.26,,0.34,0.52,0.74,0.05,0.05
2022-02-15,0.05,0.08,0.15,0.05,0.1,,,,0.27,,0.37,0.62,0.77,0.05,0.05
2022-02-16,0.05,0.08,0.15,0.05,0.16,0.26,0.36,,0.29,,0.38,0.54,0.59,0.05,0.05
2022-02-17,0.05,0.08,0.15,0.05,,0.3,0.42,,0.25,,0.39,0.53,0.65,0.05,0.05
2022-02-18,0.05,0.08,0.15,0.05,0.16,0.28,0.39,,0.31,,0.39,0.58,0.78,0.05,0.05
2022-02-19,,,0.15,,,,,,,,,,,,
2022-02-20,,,0.15,,,,,,,,,,,,
2022-02-21,,,0.15,,,,,,,,,,,,
2022-02-22,0.05,0.08,0.15,0.05,0.17,,0.4,0.14,0.31,,0.41,0.61,0.74,0.05,0.05
2022-02-23,0.05,0.08,0.15,0.05,0.17,,0.42,,,,0.42,0.61,0.77,0.05,0.05
2022-02-24,0.05,0.08,0.15,0.05,,,0.44,0.17,0.3,,0.45,0.64,0.77,0.05,0.05
2022-02-25,0.05,0.08,0.15,0.05,,,0.42,0.25,0.32,,0.52,0.65,0.76,0.05,0.05
2022-02-26,,,0.15,,,,,,,,,,,,
2022-02-27,,,0.15,,,,,,,,,,,,
2022-02-28,0.05,0.08,0.15,0.05,0.24,0.36,0.49,,0.37,,0.57,0.7,0.83,0.05,0.05
2022-03-01,0.05,0.08,0.15,0.05,0.28,0.45,0.54,,0.26,0.4,0.58,0.73,0.9,0.05,0.05
2022-03-02,0.05,0.08,0.15,0.05,0.31,0.45,0.53,0.19,,,0.6,0.79,0.85,0.05,0.05
2022-03-03,0.05,0.08,0.15,0.05,0.38,,0.62,0.26,0.46,0.63,0.66,0.75,0.94,0.05,0.05
2022-03-04,0.05,0.08,0.15,0.05,0.21,,1.12,0.29,0.47,0.66,0.68,0.77,0.85,0.05,0.05
2022-03-05,,,0.15,,,,,,,,,,,,
2022-03-06,,,0.15,,,,,,,,,,,,
2022-03-07,0.05,0.08,0.15,0.05,0.32,0.45,0.72,0.3,0.56,0.83,0.72,0.83,0.92,0.05,0.05
2022-03-08,0.05,0.08,0.15,0.05,0.24,,0.53,,0.54,0.63,0.74,0.87,0.82,0.05,0.05
2022-03-09,0.05,0.08,0.15,0.05,0.19,,0.49,,0.61,,0.77,0.89,0.97,0.05,0.05
2022-03-10,0.05,0.08,0.15,0.05,0.23,0.39,0.55,,0.53,,0.82,0.99,1.0,0.05,0.05
2022-03-11,0.05,0.08,0.15,0.05,0.2,,0.5,,0.51,,0.8,0.9,1.0,0.05,0.05
2022-03-12,,,0.15,,,,,,,,,,,,
2022-03-13,,,0.15,,,,,,,,,,,,
2022-03-14,0.05,0.08,0.15,0.05,0.36,,0.71,,,,0.9,1.14,,0.05,0.05
2022-03-15,0.05,0.08,0.15,0.05,0.44,,0.91,,,,0.91,1.09,1.22,0.05,0.05
2022-03-16,0.05,0.08,0.15,0.05,,,0.9,0.36,,,0.94,1.0,,0.05,0.05
2022-03-17,0.3,0.33,0.4,0.3,0.59,,1.01,0.35,0.62,,0.96,1.05,1.14,0.3,0.3
2022-03-18,0.3,0.33,0.4,0.3,0.46,0.63,0.8,0.36,0.65,,0.95,1.09,1.23,0.3,0.3
2022-03-19,,,0.4,,,,,,,,,,,,
2022-03-20,,,0.4,,,,,,,,,,,,
2022-03-21,0.29,0.33,0.4,0.3,0.49,,0.79,0.34,,,0.91,1.0,1.08,0.3,0.3
2022-03-22,0.28,0.33,0.4,0.3,0.47,0.74,0.88,0.3,0.3,,0.94,1.12,1.27,0.3,0.3
2022-03-23,0.27,0.33,0.4,0.3,0.38,0.54,0.71,0.37,0.61,,0.98,1.12,1.23,0.3,0.3
2022-03-24,0.27,0.33,0.4,0.3,0.35,,,0.34,0.5,,0.93,1.05,1.17,0.3,0.3
2022-03-25,0.28,0.33,0.4,0.3,0.41,,0.75,0.31,,,0.91,1.17,1.44,0.3,0.3
2022-03-26,,,0.4,,,,,,,,,,,,
2022-03-27,,,0.4,,,,,,,,,,,,
2022-03-28,0.28,0.33,0.4,0.3,,,,0.3,,,0.94,1.0,,0.3,0.3
2022-03-29,0.28,0.33,0.4,0.3,0.49,,0.84,0.35,,,0.92,1.18,1.45,0.3,0.3
2022-03-30,0.27,0.33,0.4,0.3,,,,0.35,0.39,,0.85,0.9,,0.3,0.3
2022-03-31,0.29,0.33,0.4,0.3,,,,0.35,0.4,,0.83,1.03,1.23,0.3,0.3
2022-04-01,0.3,0.33,0.4,0.3,0.41,,0.61,0.35,0.58,,0.88,1.02,1.15,0.3,0.3
2022-04-02,,,0.4,,,,,,,,,,,,
2022-04-03,,,0.4,,,,,,,,,,,,
2022-04-04,0.3,0.33,0.4,0.3,0.5,,0.86,0.34,,,0.88,1.02,1.14,0.3,0.3
2022-04-05,0.3,0.33,0.4,0.3,0.52,,,0.31,,,0.91,1.05,1.14,0.3,0.3
2022-04-06,0.3,0.33,0.4,0.3,0.47,,0.87,,0.41,,0.92,1.06,1.2,0.3,0.3
2022-04-07,0.3,0.33,0.4,0.3,0.49,,0.85,0.3,,,0.82,1.03,1.2,0.3,0.3
2022-04-08,0.3,0.33,0.4,0.3,0.45,,0.81,0.34,0.48,,0.85,1.13,1.37,0.3,0.3
2022-04-09,,,0.4,,,,,,,,,,,,
2022-04-10,,,0.4,,,,,,,,,,,,
2022-04-11,0.3,0.33,0.4,0.3,0.46,0.6,0.75,0.36,,,0.87,1.0,1.13,0.3,0.3
2022-04-12,0.29,0.33,0.4,0.3,0.39,0.71,,0.39,,0.78,0.91,1.13,1.34,0.3,0.3
2022-04-13,0.29,0.33,0.4,0.3,0.46,,0.86,0.39,,0.78,0.92,1.18,1.44,0.3,0.3
2022-04-14,0.29,0.33,0.4,0.3,0.47,,0.81,0.38,,,0.9,1.07,,0.3,0.3
2022-04-15,,0.33,0.4,,,,,,,,,,,,
2022-04-16,,,0.4,,,,,,,,,,,,
2022-04-17,,,0.4,,,,,,,,,,,,
2022-04-18,0.29,0.33,0.4,0.3,,,,,,,1.0,1.05,1.37,0.3,0.3
2022-04-19,0.28,0.33,0.4,0.3,0.49,0.67,0.84,0.44,0.65,0.86,0.98,1.13,1.27,0.3,0.3
2022-04-20,0.27,0.33,0.4,0.3,,0.91,1.09,0.51,,,1.01,1.11,1.2,0.3,0.3
2022-04-21,0.26,0.33,0.4,0.3,0.58,,1.13,0.46,0.62,,0.99,1.11,1.18,0.3,0.3
2022-04-22,0.27,0.33,0.4,0.3,0.6,0.92,1.11,0.51,0.64,0.89,0.98,1.08,,0.3,0.3
2022-04-23,,,0.4,,,,,,,,,,,,
2022-04-24,,,0.4,,,,,,,,,,,,
2022-04-25,0.27,0.33,0.4,0.3,,0.7,0.91,0.6,0.74,0.89,0.98,1.09,1.17,0.3,0.3
2022-04-26,0.27,0.33,0.4,0.3,,,0.91,0.5,0.69,0.89,0.88,1.04,1.2,0.3,0.3
2022-04-27,0.28,0.33,0.4,0.3,0.52,,1.0,0.54,0.67,0.91,0.99,1.16,1.33,0.3,0.3
2022-04-28,0.28,0.33,0.4,0.3,,,0.85,0.59,,,1.02,1.16,1.25,0.3,0.3
2022-04-29,0.28,0.33,0.4,0.3,0.76,,1.28,0.54,,0.99,1.02,,,0.3,0.3
2022-04-30,,,0.4,,,,,,,,,,,,
2022-05-01,,,0.4,,,,,,,,,,,,
2022-05-02,0.3,0.33,0.4,0.3,0.8,,1.2,0.6,0.9,1.2,1.04,,,0.3,0.3
2022-05-03,0.3,0.33,0.4,0.3,0.83,1.02,1.21,0.79,0.91,1.05,1.0,1.18,1.37,0.3,0.3
2022-05-04,0.3,0.33,0.4,0.3,0.78,0.83,1.05,0.54,,1.06,1.06,1.34,1.61,0.3,0.3
2022-05-05,0.79,0.83,0.9,0.8,0.93,1.08,1.26,0.8,,,1.14,1.41,1.67,0.8,0.8
2022-05-06,0.78,0.83,0.9,0.8,0.89,1.09,1.27,0.8,,,1.17,1.33,1.4,0.8,0.8
2022-05-07,,,0.9,,,,,,,,,,,,
2022-05-08,,,0.9,,,,,,,,,,,,
2022-05-09,0.78,0.83,0.9,0.8,0.84,,,0.8,,0.8,1.14,1.28,1.42,0.8,0.8
2022-05-10,0.78,0.83,0.9,0.8,0.98,1.18,1.37,0.8,,,1.16,1.26,1.5,0.8,0.8
2022-05-11,0.78,0.83,0.9,0.8,0.84,,,0.84,0.91,,1.19,1.29,1.45,0.8,0.8
2022-05-12,0.79,0.83,0.9,0.8,0.89,1.15,1.4,0.82,0.89,,1.15,1.24,1.34,0.8,0.8
2022-05-13,0.79,0.83,0.9,0.8,,,,0.82,0.87,,1.17,1.39,,0.8,0.8
2022-05-14,,,0.9,,,,,,,,,,,,
2022-05-15,,,0.9,,,,,,,,,,,,
2022-05-16,0.8,0.83,0.9,0.8,,1.06,,0.86,0.89,,1.17,1.26,1.35,0.8,0.8
2022-05-17,0.8,0.83,0.9,0.8,0.98,1.17,1.37,0.82,0.9,,1.23,1.45,,0.8,0.8
2022-05-18,0.79,0.83,0.9,0.8,0.91,,1.37,0.8,,,1.15,1.31,1.46,0.8,0.8
2022-05-19,0.79,0.83,0.9,0.8,0.98,1.19,1.4,0.84,0.93,1.04,1.21,1.32,1.34,0.8,0.79
2022-05-20,0.78,0.83,0.9,0.8,,,,0.85,,,1.2,1.28,1.35,0.79,0.79
2022-05-21,,,0.9,,,,,,,,,,,,
2022-05-22,,,0.9,,,,,,,,,,,,
2022-05-23,0.78,0.83,0.9,0.8,0.93,1.09,1.25,0.85,,1.19,1.2,1.25,1.3,0.79,0.79
2022-05-24,0.78,0.83,0.9,0.8,0.92,1.11,1.31,0.84,1.01,1.2,1.22,1.58,1.71,0.79,0.79
2022-05-25,0.78,0.83,0.9,0.8,0.91,1.22,1.5,0.91,,,1.26,1.42,1.44,0.79,0.79
2022-05-26,0.78,0.83,0.9,0.8,,1.32,1.52,0.86,,,1.25,1.54,,0.79,0.79
2022-05-27,0.78,0.83,0.9,0.8,,,1.52,,,,1.23,1.48,,0.79,0.79
2022-05-28,,,0.9,,,,,,,,,,,,
2022-05-29,,,0.9,,,,,,,,,,,,
2022-05-30,,,0.9,,,,,,,,,,,,
2022-05-31,0.79,0.83,0.9,0.8,1.12,,,,,,1.33,1.49,1.65,0.79,0.8
2022-06-01,0.8,0.83,0.9,0.8,,,1.51,0.87,,1.07,1.29,1.61,1.91,0.8,0.8
2022-06-02,0.79,0.83,0.9,0.8,1.09,,1.54,,,,1.29,1.89,,0.79,0.79
2022-06-03,0.78,0.83,0.9,0.8,1.13,1.36,1.58,,,,1.31,1.48,1.66,0.79,0.79
2022-06-04,,,0.9,,,,,,,,,,,,
2022-06-05,,,0.9,,,,,,,,,,,,
2022-06-06,0.78,0.83,0.9,0.8,1.12,,1.55,,,,1.3,1.51,,0.78,0.78
2022-06-07,0.77,0.83,0.9,0.8,1.11,,1.62,0.9,,,1.42,1.62,1.79,0.79,0.78
2022-06-08,0.76,0.83,0.9,0.8,1.21,,1.65,1.0,,,1.41,1.56,1.7,0.78,0.78
2022-06-09,0.75,0.83,0.9,0.8,,1.47,1.65,1.01,1.15,,1.39,1.51,1.63,0.77,0.77
2022-06-10,0.75,0.83,0.9,0.8,,,1.33,1.08,1.38,,1.48,1.48,1.47,0.77,0.76
2022-06-11,,,0.9,,,,,,,,,,,,
2022-06-12,,,0.9,,,,,,,,,,,,
2022-06-13,0.73,0.83,0.9,0.8,1.32,,1.77,1.02,,,1.55,,,0.76,0.75
2022-06-14,0.69,0.83,0.9,0.8,1.33,1.52,1.76,1.33,,,1.76,1.95,2.14,0.73,0.72
2022-06-15,0.7,0.83,0.9,0.8,,,,,,,1.87,,,0.73,0.72
2022-06-16,1.45,1.58,1.65,1.55,,1.92,2.13,1.63,,,1.98,2.0,,1.46,1.46
2022-06-17,1.45,1.58,1.65,1.55,1.62,1.81,2.05,1.61,,,1.98,,,1.46,1.46
2022-06-18,,,1.65,,,,,,,,,,,,
2022-06-19,,,1.65,,,,,,,,,,,,
2022-06-20,,,1.65,,,,,,,,,,,,
2022-06-21,1.45,1.58,1.65,1.55,1.66,1.83,,1.6,,,1.99,2.12,2.25,1.46,1.46
2022-06-22,1.45,1.58,1.65,1.55,,1.94,2.14,1.58,,,2.01,2.12,2.23,1.46,1.46
2022-06-23,1.44,1.58,1.65,1.55,1.76,,2.23,1.61,,,2.01,2.07,,1.45,1.46
2022-06-24,1.46,1.58,1.65,1.55,,,2.27,,,,2.03,2.36,2.71,1.46,1.46
2022-06-25,,,1.65,,,,,,,,,,,,
2022-06-26,,,1.65,,,,,,,,,,,,
2022-06-27,1.5,1.58,1.65,1.55,1.71,1.95,2.19,1.56,,,2.01,2.3,,1.49,1.49
2022-06-28,1.52,1.58,1.65,1.55,1.76,,2.24,1.6,,,2.01,2.27,,1.51,1.51
2022-06-29,1.51,1.58,1.65,1.55,,,2.1,1.61,,,1.98,,,1.51,1.51
2022-06-30,1.5,1.58,1.65,1.55,,,2.25,1.55,,,1.99,2.14,,1.48,1.48
2022-07-01,1.52,1.58,1.65,1.55,1.72,2.24,2.77,1.64,,,1.99,2.38,,1.5,1.5
2022-07-02,,,1.65,,,,,,,,,,,,
2022-07-03,,,1.65,,,,,,,,,,,,
2022-07-04,,,1.65,,,,,,,,,,,,
2022-07-05,1.54,1.58,1.65,1.55,1.63,,2.14,1.61,,,2.06,2.42,,1.5,1.51
2022-07-06,1.54,1.58,1.65,1.55,1.65,,2.26,1.63,1.7,,2.06,2.24,,1.51,1.51
2022-07-07,1.54,1.58,1.65,1.55,,,,1.69,1.74,,2.03,2.18,2.32,1.51,1.51
2022-07-08,1.53,1.58,1.65,1.55,1.86,,2.37,1.67,1.92,,2.06,2.28,2.5,1.51,1.51
2022-07-09,,,1.65,,,,,,,,,,,,
2022-07-10,,,1.65,,,,,,,,,,,,
2022-07-11,1.53,1.58,1.65,1.55,,,,1.75,1.97,,2.03,2.34,2.65,1.51,1.51
2022-07-12,1.54,1.58,1.65,1.55,1.95,,,1.68,1.93,2.17,2.09,2.4,2.71,1.51,1.51
2022-07-13,1.53,1.58,1.65,1.55,,,,1.68,,,2.11,2.4,2.7,1.51,1.51
2022-07-14,1.53,1.58,1.65,1.55,,,,1.91,,2.44,2.16,2.46,2.76,1.51,1.51
2022-07-15,1.54,1.58,1.65,1.55,1.82,,2.45,1.97,2.06,2.45,2.38,2.29,,1.51,1.51
2022-07-16,,,1.65,,,,,,,,,,,,
2022-07-17,,,1.65,,,,,,,,,,,,
2022-07-18,1.54,1.58,1.65,1.55,,,,1.95,2.2,2.44,2.4,2.69,2.97,1.51,1.51
2022-07-19,1.54,1.58,1.65,1.55,,,,2.06,2.25,2.44,2.45,2.67,,1.51,1.51
2022-07-20,1.53,1.58,1.65,1.55,2.14,,,2.08,2.31,2.5,2.4,2.66,2.92,1.51,1.51
2022-07-21,1.53,1.58,1.65,1.55,2.28,,2.63,2.02,2.31,2.47,2.48,2.67,2.85,1.5,1.51
2022-07-22,1.52,1.58,1.65,1.55,2.18,,,2.11,2.31,2.52,2.43,2.72,2.85,1.5,1.5
2022-07-23,,,1.65,,,,,,,,,,,,
2022-07-24,,,1.65,,,,,,,,,,,,
2022-07-25,1.53,1.58,1.65,1.55,1.8,,2.29,2.18,2.3,2.5,2.57,2.77,3.0,1.5,1.51
2022-07-26,1.53,1.58,1.65,1.55,2.37,,2.65,2.3,2.3,2.3,2.62,2.73,,1.5,1.51
2022-07-27,1.53,1.58,1.65,1.55,2.29,,,,,,2.66,2.73,,1.51,1.51
2022-07-28,2.28,2.33,2.4,2.3,2.39,,2.7,,2.22,2.54,2.65,2.92,3.37,2.25,2.25
2022-07-29,2.27,2.32,2.4,2.3,2.4,,2.75,2.34,2.24,2.51,2.66,2.78,3.31,2.25,2.25
2022-07-30,,,2.4,,,,,,,,,,,,
2022-07-31,,,2.4,,,,,,,,,,,,
2022-08-01,2.28,2.33,2.4,2.3,2.34,2.49,2.64,,,2.54,2.68,2.86,,2.25,2.25
2022-08-02,2.3,2.33,2.4,2.3,2.36,2.53,2.72,2.32,2.41,2.54,2.64,2.89,3.17,2.26,2.27
2022-08-03,2.29,2.33,2.4,2.3,2.39,2.52,2.68,,2.31,2.51,2.95,2.79,3.14,2.27,2.27
2022-08-04,2.29,2.33,2.4,2.3,2.34,2.36,,2.33,2.34,2.55,2.66,2.8,3.09,2.27,2.27
2022-08-05,2.28,2.33,2.4,2.3,,,,2.32,2.38,2.53,2.66,2.94,3.22,2.26,2.26
2022-08-06,,,2.4,,,,,,,,,,,,
2022-08-07,,,2.4,,,,,,,,,,,,
2022-08-08,2.28,2.33,2.4,2.3,,,2.75,,,,2.68,2.95,3.22,2.26,2.26
2022-08-09,2.29,2.33,2.4,2.3,2.36,2.6,2.81,2.32,2.31,2.58,2.69,,,2.26,2.26
2022-08-10,2.28,2.33,2.4,2.3,2.37,2.51,2.65,,2.39,2.63,2.68,3.21,3.27,2.26,2.26
2022-08-11,2.28,2.33,2.4,2.3,,2.63,2.88,2.33,,2.6,2.68,3.1,,2.26,2.26
2022-08-12,2.28,2.33,2.4,2.3,2.36,,2.71,2.34,,,2.72,2.92,3.06,2.26,2.26
2022-08-13,,,2.4,,,,,,,,,,,,
2022-08-14,,,2.4,,,,,,,,,,,,
2022-08-15,2.29,2.33,2.4,2.3,,,2.83,2.32,2.34,,2.7,2.98,,2.26,2.26
2022-08-16,2.29,2.33,2.4,2.3,2.42,,2.74,2.33,,,2.69,2.89,3.15,2.26,2.26
2022-08-17,2.29,2.33,2.4,2.3,2.4,2.54,2.67,2.32,,,2.67,2.85,3.04,2.26,2.26
2022-08-18,2.28,2.33,2.4,2.3,2.3,2.51,2.71,2.27,,,2.65,2.9,3.21,2.26,2.26
2022-08-19,2.28,2.33,2.4,2.3,2.33,,2.82,2.32,2.44,,2.68,2.97,,2.26,2.26
2022-08-20,,,2.4,,,,,,,,,,,,
2022-08-21,,,2.4,,,,,,,,,,,,
2022-08-22,2.28,2.33,2.4,2.3,2.44,,2.76,2.37,2.49,2.62,2.67,3.02,3.41,2.26,2.26
2022-08-23,2.27,2.33,2.4,2.3,2.43,,2.86,2.25,2.47,2.64,2.67,,,2.26,2.26
2022-08-24,2.27,2.33,2.4,2.3,2.35,2.49,2.66,2.35,2.56,,2.66,2.91,3.16,2.26,2.26
2022-08-25,2.28,2.33,2.4,2.3,,2.69,2.83,2.26,2.62,,2.68,2.9,3.11,2.26,2.26
2022-08-26,2.28,2.33,2.4,2.3,2.44,,2.75,2.4,2.5,,2.68,2.97,,2.26,2.26
2022-08-27,,,2.4,,,,,,,,,,,,
2022-08-28,,,2.4,,,,,,,,,,,,
2022-08-29,2.28,2.33,2.4,2.3,2.38,,2.88,2.5,2.68,,2.71,3.0,3.29,2.26,2.26
2022-08-30,2.29,2.33,2.4,2.3,,,2.64,2.3,2.66,,2.69,2.99,3.3,2.26,2.26
2022-08-31,2.29,2.33,2.4,2.3,,,2.99,2.34,,,2.71,3.0,3.3,2.26,2.26
2022-09-01,2.29,2.33,2.4,2.3,2.36,,2.66,2.35,,,2.71,2.99,3.27,2.26,2.26
2022-09-02,2.29,2.33,2.4,2.3,2.46,,2.81,2.45,,,2.8,3.09,3.39,2.26,2.26
2022-09-03,,,2.4,,,,,,,,,,,,
2022-09-04,,,2.4,,,,,,,,,,,,
2022-09-05,,,2.4,,,,,,,,,,,,
2022-09-06,2.29,2.33,2.4,2.3,,,,,,,2.77,2.97,3.18,2.26,2.26
2022-09-07,2.28,2.33,2.4,2.3,2.64,,2.95,2.49,2.74,,2.79,3.01,3.22,2.26,2.26
2022-09-08,2.28,2.33,2.4,2.3,2.54,,3.13,,2.74,,2.84,3.0,3.16,2.26,2.26
2022-09-09,2.28,2.33,2.4,2.3,2.55,,2.9,2.58,2.8,,2.95,3.09,3.22,2.26,2.26
2022-09-10,,,2.4,,,,,,,,,,,,
2022-09-11,,,2.4,,,,,,,,,,,,
2022-09-12,2.28,2.33,2.4,2.3,2.8,,3.09,2.4,,,2.99,3.1,3.2,2.26,2.26
2022-09-13,2.28,2.33,2.4,2.3,2.48,,2.86,2.57,,,2.99,,,2.26,2.26
2022-09-14,2.27,2.33,2.4,2.3,2.44,,2.77,2.66,,,3.17,3.24,,2.26,2.26
2022-09-15,2.28,2.33,2.4,2.3,,,3.0,2.84,,,3.26,3.44,3.63,2.26,2.26
2022-09-16,2.27,2.33,2.4,2.3,2.9,,3.24,2.75,,,3.38,3.54,,2.26,2.26
2022-09-17,,,2.4,,,,,,,,,,,,
2022-09-18,,,2.4,,,,,,,,,,,,
2022-09-19,2.27,2.33,2.4,2.3,2.98,,3.32,,,,3.42,,,2.26,2.26
2022-09-20,2.26,2.33,2.4,2.3,3.02,,3.49,2.99,,,3.48,3.7,3.92,2.25,2.25
2022-09-21,2.25,2.33,2.4,2.3,3.02,3.31,3.51,,,,3.41,3.22,,2.25,2.25
2022-09-22,2.99,3.08,3.15,3.05,3.04,3.35,3.55,3.07,3.0,,3.48,3.42,,2.99,2.99
2022-09-23,2.99,3.08,3.15,3.05,3.1,3.37,3.51,3.07,,,3.52,3.86,,2.98,2.99
2022-09-24,,,3.15,,,,,,,,,,,,
2022-09-25,,,3.15,,,,,,,,,,,,
2022-09-26,2.99,3.08,3.15,3.05,3.06,,3.47,3.07,,,3.54,3.73,3.99,2.98,2.99
2022-09-27,2.98,3.08,3.15,3.05,3.2,,3.52,3.05,3.29,,3.52,3.72,4.04,2.98,2.98
2022-09-28,2.98,3.08,3.15,3.05,,3.3,3.43,3.05,,,3.52,3.73,3.98,2.98,2.98
2022-09-29,2.96,3.08,3.15,3.05,,,3.5,3.08,,,3.53,3.77,4.01,2.97,2.97
2022-09-30,2.98,3.08,3.15,3.05,,,3.48,3.08,,,3.61,4.04,,2.97,2.97
2022-10-01,,,3.15,,,,,,,,,,,,
2022-10-02,,,3.15,,,,,,,,,,,,
2022-10-03,3.0,3.08,3.15,3.05,3.11,3.29,3.47,3.11,,,3.56,3.87,,2.98,2.99
2022-10-04,3.04,3.08,3.15,3.05,3.21,,3.65,3.04,3.28,3.54,3.52,3.96,,3.0,3.0
2022-10-05,3.04,3.08,3.15,3.05,3.15,,3.41,,,3.17,3.6,3.83,4.03,3.0,3.0
2022-10-06,3.05,3.08,3.15,3.05,3.07,,3.55,3.06,3.18,3.58,3.5,3.61,3.71,3.0,3.0
2022-10-07,3.05,3.08,3.15,3.05,,,,3.12,3.36,3.59,3.57,3.89,,3.0,3.0
2022-10-08,,,3.15,,,,,,,,,,,,
2022-10-09,,,3.15,,,,,,,,,,,,
2022-10-10,,,3.15,,,,,,,,,,,,
2022-10-11,3.05,3.08,3.15,3.05,3.17,,3.67,3.13,3.34,3.67,3.59,4.02,,3.0,3.0
2022-10-12,3.04,3.08,3.15,3.05,3.19,,3.56,3.12,,3.72,3.66,3.91,4.16,3.0,3.0
2022-10-13,3.04,3.08,3.15,3.05,3.25,3.52,3.79,3.17,3.45,3.73,3.68,4.1,4.3,3.0,3.0
2022-10-14,3.04,3.08,3.15,3.05,3.17,3.38,3.58,3.2,3.52,3.85,3.75,4.08,4.41,3.0,3.0
2022-10-15,,,3.15,,,,,,,,,,,,
2022-10-16,,,3.15,,,,,,,,,,,,
2022-10-17,3.05,3.08,3.15,3.05,3.32,,3.85,3.2,3.53,3.86,3.84,4.23,4.63,3.0,3.0
2022-10-18,3.04,3.08,3.15,3.05,3.35,3.62,3.89,3.27,3.55,3.94,3.86,4.01,4.12,3.0,3.0
2022-10-19,3.04,3.08,3.15,3.05,3.45,,4.07,3.38,3.69,3.91,3.93,3.98,4.03,3.0,3.0
2022-10-20,3.03,3.08,3.15,3.05,3.36,,4.11,3.43,3.74,3.99,4.0,4.13,4.24,3.0,3.0
2022-10-21,3.02,3.08,3.15,3.05,3.48,,4.19,3.26,3.45,3.64,4.01,4.4,4.78,3.0,3.0
2022-10-22,,,3.15,,,,,,,,,,,,
2022-10-23,,,3.15,,,,,,,,,,,,
2022-10-24,3.01,3.08,3.15,3.05,3.65,,4.0,3.43,,3.94,4.08,4.31,4.53,3.0,3.0
2022-10-25,3.02,3.08,3.15,3.05,3.68,,4.16,3.38,,3.9,4.16,4.4,4.64,3.0,3.0
2022-10-26,3.03,3.08,3.15,3.05,3.38,,4.16,3.41,,3.98,4.23,4.57,4.94,3.0,3.0
2022-10-27,3.04,3.08,3.15,3.05,3.33,,4.0,3.53,,4.16,4.32,4.54,4.74,3.0,3.0
2022-10-28,3.05,3.08,3.15,3.05,3.37,,3.83,3.58,3.87,4.15,4.31,4.6,4.88,3.0,3.0
2022-10-29,,,3.15,,,,,,,,,,,,
2022-10-30,,,3.15,,,,,,,,,,,,
2022-10-31,3.05,3.08,3.15,3.05,,,4.25,3.59,,4.05,4.27,4.59,4.91,3.0,3.0
2022-11-01,3.05,3.08,3.15,3.05,3.68,,,,,,4.32,4.63,4.91,3.0,3.01
2022-11-02,3.05,3.08,3.15,3.05,,,,4.17,,4.3,4.31,5.47,,3.0,3.0
2022-11-03,3.8,3.83,3.9,3.8,3.82,4.02,4.27,3.79,,4.21,4.33,4.62,,3.75,3.76
2022-11-04,3.8,3.83,3.9,3.8,3.87,,,3.89,,4.24,4.28,4.62,,3.75,3.76
2022-11-05,,,3.9,,,,,,,,,,,,
2022-11-06,,,3.9,,,,,,,,,,,,
2022-11-07,3.78,3.83,3.9,3.8,3.9,4.14,4.39,3.9,,4.47,4.3,4.63,5.06,3.75,3.75
2022-11-08,3.78,3.83,3.9,3.8,3.85,,4.59,3.78,3.84,4.25,4.31,4.68,,3.75,3.75
2022-11-09,3.78,3.83,3.9,3.8,3.88,,4.24,3.8,4.01,4.22,4.35,4.63,,3.75,3.75
2022-11-10,3.78,3.83,3.9,3.8,3.9,,4.6,3.79,4.0,4.21,4.3,4.6,,3.75,3.75
2022-11-11,,,3.9,,,,,,,,,,,,
2022-11-12,,,3.9,,,,,,,,,,,,
2022-11-13,,,3.9,,,,,,,,,,,,
2022-11-14,3.79,3.83,3.9,3.8,3.92,,,3.79,4.02,4.16,4.35,4.67,,3.75,3.75
2022-11-15,3.8,3.83,3.9,3.8,,,4.22,3.83,4.07,,4.34,4.71,5.12,3.77,3.77
2022-11-16,3.81,3.83,3.9,3.8,3.94,4.13,4.35,3.83,4.05,,4.3,4.57,5.08,3.77,3.77
2022-11-17,3.8,3.83,3.9,3.8,3.95,,4.33,3.82,4.05,,4.27,4.64,5.13,3.77,3.77
2022-11-18,3.8,3.83,3.9,3.8,4.05,,4.59,3.93,4.08,4.22,4.35,4.67,4.99,3.76,3.76
2022-11-19,,,3.9,,,,,,,,,,,,
2022-11-20,,,3.9,,,,,,,,,,,,
2022-11-21,3.8,3.83,3.9,3.8,3.9,,4.59,3.93,4.08,4.23,4.34,4.72,4.78,3.76,3.76
2022-11-22,3.8,3.83,3.9,3.8,,,4.63,3.98,,,4.31,4.76,5.27,3.76,3.76
2022-11-23,3.79,3.83,3.9,3.8,,,,,4.14,,4.38,4.73,5.07,3.76,3.76
2022-11-24,,,3.9,,,,,,,,,,,,
2022-11-25,3.8,3.83,3.9,3.8,,,4.55,,,,,4.73,,3.76,3.76
2022-11-26,,,3.9,,,,,,,,,,,,
2022-11-27,,,3.9,,,,,,,,,,,,
2022-11-28,3.8,3.83,3.9,3.8,3.99,,4.56,3.88,,,4.45,4.63,,3.77,3.77
2022-11-29,3.81,3.83,3.9,3.8,4.01,,4.49,3.97,,,4.42,4.55,4.44,3.77,3.77
2022-11-30,3.82,3.83,3.9,3.8,,,,,,,4.4,4.65,,3.79,3.79
2022-12-01,3.82,3.83,3.9,3.8,4.01,,4.42,4.07,,,4.44,4.69,4.97,3.78,3.78
2022-12-02,3.81,3.83,3.9,3.8,4.05,4.3,4.47,4.08,,,4.47,4.56,,3.78,3.78
2022-12-03,,,3.9,,,,,,,,,,,,
2022-12-04,,,3.9,,,,,,,,,,,,
2022-12-05,3.81,3.83,3.9,3.8,,4.14,4.29,4.17,,,4.53,4.83,4.94,3.78,3.78
2022-12-06,3.8,3.83,3.9,3.8,4.21,,4.57,,4.25,,4.52,4.73,4.91,3.77,3.77
2022-12-07,3.8,3.83,3.9,3.8,3.99,,4.41,,,,4.53,4.6,4.54,3.76,3.76
2022-12-08,3.8,3.83,3.9,3.8,,,4.37,,4.24,,4.59,4.8,4.74,3.76,3.76
2022-12-09,3.8,3.83,3.9,3.8,4.24,,4.57,4.12,,,4.56,4.73,,3.76,3.76
2022-12-10,,,3.9,,,,,,,,,,,,
2022-12-11,,,3.9,,,,,,,,,,,,
2022-12-12,3.8,3.83,3.9,3.8,4.22,,4.44,4.21,,,4.6,4.78,,3.76,3.76
2022-12-13,3.8,3.83,3.9,3.8,4.26,4.38,4.5,4.22,,,4.7,4.82,4.93,3.76,3.76
2022-12-14,3.8,3.83,3.9,3.8,4.33,,4.58,4.17,,,4.71,4.8,4.92,3.76,3.76
2022-12-15,4.32,4.33,4.4,4.3,4.42,4.56,4.71,4.31,,,4.72,5.01,5.33,4.27,4.27
2022-12-16,4.32,4.33,4.4,4.3,,,4.64,,,,4.75,4.9,4.9,4.28,4.28
2022-12-17,,,4.4,,,,,,,,,,,,
2022-12-18,,,4.4,,,,,,,,,,,,
2022-12-19,4.3,4.33,4.4,4.3,,,,,,4.45,4.75,4.84,4.92,4.27,4.27
2022-12-20,4.3,4.33,4.4,4.3,,,4.55,4.32,4.39,4.45,4.79,4.9,4.9,4.26,4.26
2022-12-21,4.3,4.33,4.4,4.3,,,,4.26,4.34,4.45,4.76,4.83,4.91,4.26,4.26
2022-12-22,4.3,4.33,4.4,4.3,,,,4.27,,,4.7,4.84,4.88,4.26,4.26
2022-12-23,4.3,4.33,4.4,4.3,,,,,,,4.77,4.86,4.93,4.26,4.26
2022-12-24,,,4.4,,,,,,,,,,,,
2022-12-25,,,4.4,,,,,,,,,,,,
2022-12-26,,,4.4,,,,,,,,,,,,
2022-12-27,4.3,4.33,4.4,4.3,,,,,,,4.77,4.88,,4.26,4.27
2022-12-28,4.3,4.33,4.4,4.3,4.37,4.47,4.56,4.25,,,4.77,4.99,4.67,4.26,4.26
2022-12-29,4.3,4.33,4.4,4.3,,,4.56,,,,4.72,4.83,4.95,4.26,4.26
2022-12-30,4.3,4.33,4.4,4.3,,,,,,,4.64,,,4.26,4.26
2022-12-31,,,4.4,,,,,,,,,,,,
2023-01-01,,,4.4,,,,,,,,,,,,
2023-01-02,,,4.4,,,,,,,,,,,,
2023-01-03,4.31,4.33,4.4,4.3,4.37,4.5,4.57,,,4.46,4.66,4.82,,4.26,4.27
2023-01-04,4.3,4.33,4.4,4.3,4.36,,4.59,4.25,,4.51,4.7,5.01,,4.27,4.27
2023-01-05,4.31,4.33,4.4,4.3,4.31,4.41,4.51,4.25,4.37,4.51,4.71,4.81,,4.27,4.27
2023-01-06,4.31,4.33,4.4,4.3,4.43,4.55,4.67,4.27,4.41,4.56,4.7,,,4.27,4.27
2023-01-07,,,4.4,,,,,,,,,,,,
2023-01-08,,,4.4,,,,,,,,,,,,
2023-01-09,4.31,4.33,4.4,4.3,,,4.69,4.34,4.46,,4.69,4.75,4.93,4.27,4.27
2023-01-10,4.31,4.33,4.4,4.3,4.46,,4.66,4.25,,,4.67,4.86,5.06,4.27,4.27
2023-01-11,4.3,4.33,4.4,4.3,4.47,,,,,,4.76,4.82,4.89,4.27,4.27
2023-01-12,4.3,4.33,4.4,4.3,,,,4.34,,,4.8,4.9,4.72,4.27,4.27
2023-01-13,4.3,4.33,4.4,4.3,4.47,,4.67,4.35,4.47,4.59,4.71,4.86,5.01,4.27,4.27
2023-01-14,,,4.4,,,,,,,,,,,,
2023-01-15,,,4.4,,,,,,,,,,,,
2023-01-16,,,4.4,,,,,,,,,,,,
2023-01-17,4.31,4.33,4.4,4.3,,,,4.33,,4.52,4.71,4.86,5.01,4.28,4.28
2023-01-18,4.3,4.33,4.4,4.3,,,4.53,4.4,,4.56,4.75,4.94,5.14,4.27,4.27
2023-01-19,4.31,4.33,4.4,4.3,,,4.48,4.32,,,4.73,5.01,5.39,4.27,4.27
2023-01-20,4.3,4.33,4.4,4.3,,,4.6,4.38,,4.63,4.69,4.81,4.92,4.26,4.26
2023-01-21,,,4.4,,,,,,,,,,,,
2023-01-22,,,4.4,,,,,,,,,,,,
2023-01-23,4.3,4.33,4.4,4.3,,,4.55,,4.48,4.59,4.72,4.79,4.83,4.26,4.26
2023-01-24,4.3,4.33,4.4,4.3,,,4.55,,,4.58,4.73,4.87,5.01,4.27,4.27
2023-01-25,4.31,4.33,4.4,4.3,4.54,,,4.39,,4.62,4.76,4.9,5.0,4.27,4.27
2023-01-26,4.3,4.33,4.4,4.3,,,4.71,,4.48,4.61,4.75,4.87,4.98,4.27,4.27
2023-01-27,4.3,4.33,4.4,4.3,4.5,4.68,4.71,,,,4.78,,4.97,4.27,4.27
2023-01-28,,,4.4,,,,,,,,,,,,
2023-01-29,,,4.4,,,,,,,,,,,,
2023-01-30,4.3,4.33,4.4,4.3,,,,4.36,4.48,4.6,4.75,4.9,5.04,4.27,4.27
2023-01-31,4.31,4.33,4.4,4.3,4.61,4.7,4.73,,,,4.77,4.87,4.95,4.28,4.28
2023-02-01,4.31,4.33,4.4,4.3,4.61,,,4.54,,4.63,4.8,,,4.27,4.27
2023-02-02,4.56,4.58,4.65,4.55,,,,4.49,,,4.85,4.96,5.26,4.52,4.52
2023-02-03,4.55,4.58,4.65,4.55,4.57,,,,,,4.85,4.94,5.05,4.52,4.52
2023-02-04,,,4.65,,,,,,,,,,,,
2023-02-05,,,4.65,,,,,,,,,,,,
2023-02-06,4.55,4.58,4.65,4.55,4.6,,,4.5,4.55,,4.85,4.89,4.93,4.52,4.52
2023-02-07,4.55,4.58,4.65,4.55,,,4.75,4.6,4.65,4.7,4.88,5.02,4.96,4.52,4.52
2023-02-08,4.55,4.58,4.65,4.55,4.59,,4.73,,4.63,4.7,4.8,4.98,5.14,4.52,4.52
2023-02-09,4.55,4.57,4.65,4.55,,,4.75,4.5,,4.66,4.82,4.95,4.95,4.52,4.52
2023-02-10,4.55,4.58,4.65,4.55,4.6,,4.7,,,4.66,4.87,5.02,,4.52,4.52
2023-02-11,,,4.65,,,,,,,,,,,,
2023-02-12,,,4.65,,,,,,,,,,,,
2023-02-13,4.55,4.58,4.65,4.55,4.6,,4.7,,4.56,,4.85,4.86,4.86,4.52,4.52
2023-02-14,4.55,4.58,4.65,4.55,,,,,4.61,4.71,4.85,4.95,5.01,4.52,4.52
2023-02-15,4.55,4.58,4.65,4.55,,,4.79,,,,4.85,4.95,5.0,4.53,4.53
2023-02-16,4.55,4.58,4.65,4.55,4.55,,4.7,4.56,,4.72,4.84,4.9,4.96,4.53,4.53
2023-02-17,4.55,4.58,4.65,4.55,,,,,4.63,,4.84,4.91,4.97,4.52,4.52
2023-02-18,,,4.65,,,,,,,,,,,,
2023-02-19,,,4.65,,,,,,,,,,,,
2023-02-20,,,4.65,,,,,,,,,,,,
2023-02-21,4.55,4.58,4.65,4.55,4.64,,,4.57,,,4.84,4.86,4.89,4.52,4.52
2023-02-22,4.55,4.58,4.65,4.55,,,4.76,,,,4.83,4.89,4.95,4.52,4.52
2023-02-23,4.55,4.58,4.65,4.55,,,,4.61,,,4.87,4.85,,4.51,4.51
2023-02-24,4.55,4.58,4.65,4.55,,,,4.6,,,4.84,4.9,4.95,4.51,4.51
2023-02-25,,,4.65,,,,,,,,,,,,
2023-02-26,,,4.65,,,,,,,,,,,,
2023-02-27,4.55,4.57,4.65,4.55,,,4.82,,,4.79,4.87,4.97,,4.51,4.51
2023-02-28,4.55,4.57,4.65,4.55,4.66,,,,,4.8,4.89,5.06,5.23,4.52,4.52
2023-03-01,4.55,4.58,4.65,4.55,4.66,,,4.61,,4.79,4.88,4.96,5.03,4.52,4.52
2023-03-02,4.55,4.57,4.65,4.55,4.61,,4.84,4.57,,4.77,4.88,4.96,5.02,4.52,4.52
2023-03-03,4.55,4.57,4.65,4.55,4.68,,,,,4.77,4.89,4.87,,4.51,4.51
2023-03-04,,,4.65,,,,,,,,,,,,
2023-03-05,,,4.65,,,,,,,,,,,,
2023-03-06,4.55,4.57,4.65,4.55,,,,4.64,4.74,4.83,4.92,4.97,,4.51,4.51
2023-03-07,4.55,4.57,4.65,4.55,,,,4.55,,4.79,4.92,4.97,5.0,4.51,4.51
2023-03-08,4.55,4.57,4.65,4.55,,,,4.73,4.83,4.93,4.97,5.0,5.02,4.51,4.51
2023-03-09,4.55,4.57,4.65,4.55,,,,4.73,,,4.98,5.07,,4.51,4.51
2023-03-10,4.55,4.57,4.65,4.55,,,,,,,4.97,5.09,5.19,4.51,4.51
2023-03-11,,,4.65,,,,,,,,,,,,
2023-03-12,,,4.65,,,,,,,,,,,,
2023-03-13,4.55,4.58,4.65,4.55,,,,4.7,,,4.99,5.06,5.13,4.52,4.52
2023-03-14,4.55,4.58,4.65,4.55,,,,4.71,,,5.0,5.16,,4.53,4.53
2023-03-15,4.58,4.58,4.65,4.55,,,,4.73,4.82,4.88,5.13,5.15,5.16,4.55,4.55
2023-03-16,4.57,4.58,4.65,4.55,,,,4.83,4.86,4.91,5.45,5.53,5.59,4.55,4.55
2023-03-17,4.55,4.58,4.65,4.55,,,4.74,4.84,4.9,4.95,5.56,5.65,5.75,4.53,4.53
2023-03-18,,,4.65,,,,,,,,,,,,
2023-03-19,,,4.65,,,,,,,,,,,,
2023-03-20,4.55,4.58,4.65,4.55,,,,4.69,,4.86,5.65,5.69,5.72,4.52,4.52
2023-03-21,4.55,4.58,4.65,4.55,,,,4.83,4.89,4.94,5.74,5.74,5.74,4.52,4.52
2023-03-22,4.55,4.58,4.65,4.55,,,,4.75,4.84,4.9,5.75,5.64,5.54,4.52,4.52
2023-03-23,4.8,4.83,4.9,4.8,4.81,,4.98,4.82,,,5.63,5.71,5.77,4.77,4.77
2023-03-24,4.8,4.83,4.9,4.8,,,,4.82,4.77,,5.53,5.57,5.58,4.78,4.78
2023-03-25,,,4.9,,,,,,,,,,,,
2023-03-26,,,4.9,,,,,,,,,,,,
2023-03-27,4.81,4.83,4.9,4.8,,,,4.8,,,5.35,5.38,5.41,4.79,4.79
2023-03-28,4.84,4.83,4.9,4.8,4.82,,4.87,4.81,,,5.27,5.43,5.58,4.8,4.8
2023-03-29,4.83,4.83,4.9,4.8,,,,4.79,,,5.28,5.31,5.33,4.79,4.79
2023-03-30,4.82,4.83,4.9,4.8,4.88,,5.05,4.83,,,5.26,,5.34,4.79,4.79
2023-03-31,4.87,4.83,4.9,4.8,,,4.98,,,,5.21,5.26,5.28,4.8,4.8
2023-04-01,,,4.9,,,,,,,,,,,,
2023-04-02,,,4.9,,,,,,,,,,,,
2023-04-03,4.84,4.83,4.9,4.8,4.85,,,4.83,,4.87,5.26,5.3,5.34,4.8,4.8
2023-04-04,4.83,4.83,4.9,4.8,,,4.87,4.85,,,5.24,5.32,5.36,4.8,4.8
2023-04-05,4.81,4.83,4.9,4.8,,,5.09,4.83,,,5.26,5.29,5.32,4.79,4.79
2023-04-06,4.81,4.83,4.9,4.8,4.91,,5.09,4.76,4.76,,5.2,5.25,5.3,4.79,4.79
2023-04-07,,4.83,4.9,,,,,,,,,,,,
2023-04-08,,,4.9,,,,,,,,,,,,
2023-04-09,,,4.9,,,,,,,,,,,,
2023-04-10,4.81,4.83,4.9,4.8,,,,4.83,,,5.27,5.16,,4.78,4.78
2023-04-11,4.8,4.83,4.9,4.8,4.85,,5.01,4.81,,,5.19,5.23,,4.78,4.78
2023-04-12,4.8,4.83,4.9,4.8,4.85,,,4.82,,,5.14,5.52,6.0,4.77,4.77
2023-04-13,4.8,4.83,4.9,4.8,,,,4.85,,,5.17,5.2,5.22,4.77,4.77
2023-04-14,4.8,4.83,4.9,4.8,,,,4.85,,,5.16,5.24,,4.77,4.77
2023-04-15,,,4.9,,,,,,,,,,,,
2023-04-16,,,4.9,,,,,,,,,,,,
2023-04-17,4.8,4.83,4.9,4.8,,,5.0,4.79,,,5.21,5.3,5.39,4.77,4.77
2023-04-18,4.8,4.83,4.9,4.8,,,,4.86,,,5.14,5.22,5.3,4.77,4.77
2023-04-19,4.8,4.83,4.9,4.8,4.87,,,4.88,,,5.23,5.4,5.44,4.76,4.76
2023-04-20,4.8,4.83,4.9,4.8,,,,4.75,4.78,4.83,5.15,5.23,5.31,4.76,4.76
2023-04-21,4.8,4.83,4.9,4.8,4.89,4.95,5.02,4.8,4.83,4.86,5.22,5.29,5.34,4.76,4.76
2023-04-22,,,4.9,,,,,,,,,,,,
2023-04-23,,,4.9,,,,,,,,,,,,
2023-04-24,4.8,4.83,4.9,4.8,,,,4.83,,4.88,5.21,5.27,5.33,4.77,4.77
2023-04-25,4.8,4.83,4.9,4.8,,,,4.8,4.82,4.95,5.26,5.26,5.34,4.77,4.77
2023-04-26,4.8,4.83,4.9,4.8,,,5.08,4.8,,,5.25,5.31,5.37,4.77,4.77
2023-04-27,4.81,4.83,4.9,4.8,,,5.03,4.83,,4.88,5.28,5.44,5.68,4.78,4.78
2023-04-28,4.81,4.83,4.9,4.8,,,5.1,,,4.89,5.25,5.36,5.46,4.79,4.79
2023-04-29,,,4.9,,,,,,,,,,,,
2023-04-30,,,4.9,,,,,,,,,,,,
2023-05-01,4.81,4.83,4.9,4.8,5.02,,,,,,5.34,,,4.78,4.78
2023-05-02,4.81,4.83,4.9,4.8,5.17,5.23,5.23,,,,5.29,5.35,5.41,4.78,4.78
2023-05-03,4.81,4.83,4.9,4.8,5.06,,,5.04,,,5.3,5.45,5.61,4.79,4.79
2023-05-04,5.06,5.08,5.15,5.05,5.09,5.12,5.15,4.95,5.07,5.1,5.37,5.44,5.5,5.03,5.03
2023-05-05,5.06,5.08,5.15,5.05,5.05,,,,,,5.45,5.41,5.42,5.03,5.03
2023-05-06,,,5.15,,,,,,,,,,,,
2023-05-07,,,5.15,,,,,,,,,,,,
2023-05-08,5.06,5.08,5.15,5.05,4.98,,,5.01,5.07,,5.32,5.37,5.39,5.03,5.03
2023-05-09,5.06,5.08,5.15,5.05,5.04,,,5.03,5.07,5.1,5.32,5.35,5.36,5.03,5.03
2023-05-10,5.06,5.08,5.15,5.05,,,,5.06,5.06,5.07,5.32,5.4,5.4,5.02,5.02
2023-05-11,5.05,5.08,5.15,5.05,5.14,,,5.05,5.08,5.08,5.34,5.41,5.48,5.02,5.02
2023-05-12,5.05,5.08,5.15,5.05,5.05,5.05,5.04,5.06,5.08,5.08,5.33,5.41,5.49,5.02,5.02
2023-05-13,,,5.15,,,,,,,,,,,,
2023-05-14,,,5.15,,,,,,,,,,,,
2023-05-15,5.06,5.08,5.15,5.05,5.11,5.13,5.15,5.07,5.06,5.06,5.31,5.38,5.45,5.02,5.02
2023-05-16,5.05,5.08,5.15,5.05,5.06,,,5.05,5.06,5.06,5.34,5.39,5.41,5.02,5.02
2023-05-17,5.05,5.08,5.15,5.05,,5.09,5.11,5.07,5.07,5.06,5.33,5.4,5.46,5.02,5.02
2023-05-18,5.05,5.08,5.15,5.05,5.07,,,5.07,5.09,5.09,5.36,5.47,5.57,5.02,5.02
2023-05-19,5.05,5.08,5.15,5.05,5.1,,5.23,5.07,5.07,5.07,5.39,5.4,5.54,5.02,5.02
2023-05-20,,,5.15,,,,,,,,,,,,
2023-05-21,,,5.15,,,,,,,,,,,,
2023-05-22,5.05,5.08,5.15,5.05,5.13,,,5.07,,5.07,5.33,5.41,,5.02,5.02
2023-05-23,5.05,5.08,5.15,5.05,5.12,5.19,,5.08,5.11,,5.4,5.44,5.59,5.02,5.02
2023-05-24,5.05,5.08,5.15,5.05,5.13,,,5.08,5.12,5.16,5.38,5.4,,5.03,5.03
2023-05-25,5.06,5.08,5.15,5.05,5.05,,,5.1,5.15,5.15,5.46,5.45,5.45,5.05,5.05
2023-05-26,5.06,5.08,5.15,5.05,5.14,,,5.16,5.18,5.18,5.58,5.5,,5.05,5.05
2023-05-27,,,5.15,,,,,,,,,,,,
2023-05-28,,,5.15,,,,,,,,,,,,
2023-05-29,,,5.15,,,,,,,,,,,,
2023-05-30,5.06,5.08,5.15,5.05,,,,,,,5.43,5.51,5.6,5.04,5.05
2023-05-31,5.08,5.08,5.15,5.05,,,,5.08,5.21,,5.39,5.42,,5.05,5.05
2023-06-01,5.08,5.08,5.15,5.05,,,5.24,,,,5.41,5.45,,5.05,5.05
2023-06-02,5.07,5.08,5.15,5.05,,,5.26,,5.21,,5.37,5.42,,5.05,5.05
2023-06-03,,,5.15,,,,,,,,,,,,
2023-06-04,,,5.15,,,,,,,,,,,,
2023-06-05,5.06,5.08,5.15,5.05,,,5.26,5.15,,,5.43,5.45,5.47,5.05,5.05
2023-06-06,5.05,5.08,5.15,5.05,,,5.29,5.13,5.18,5.2,5.44,5.47,5.5,5.03,5.03
2023-06-07,5.05,5.08,5.15,5.05,,,5.17,5.07,,,5.43,5.47,5.48,5.03,5.04
2023-06-08,5.05,5.08,5.15,5.05,5.09,,5.18,5.1,,,5.41,5.48,5.5,5.03,5.03
2023-06-09,5.05,5.08,5.15,5.05,,,5.17,5.15,,,5.42,5.46,,5.02,5.03
2023-06-10,,,5.15,,,,,,,,,,,,
2023-06-11,,,5.15,,,,,,,,,,,,
2023-06-12,5.05,5.08,5.15,5.05,5.1,,5.2,5.11,5.17,,5.41,5.48,,5.02,5.03
2023-06-13,5.05,5.08,5.15,5.05,5.14,,5.2,5.09,5.15,,5.39,5.43,5.46,5.03,5.03
2023-06-14,5.05,5.08,5.15,5.05,5.16,,5.24,5.08,5.15,,5.4,5.45,5.48,5.03,5.03
2023-06-15,5.06,5.07,5.15,5.05,5.18,5.26,5.28,5.11,,,5.41,5.46,5.51,5.04,5.04
2023-06-16,5.05,5.08,5.15,5.05,,,5.19,5.07,,,5.34,5.42,5.5,5.03,5.04
2023-06-17,,,5.15,,,,,,,,,,,,
2023-06-18,,,5.15,,,,,,,,,,,,
2023-06-19,,,5.15,,,,,,,,,,,,
2023-06-20,5.05,5.07,5.15,5.05,,,5.16,,,,5.41,5.49,5.57,5.03,5.03
2023-06-21,5.05,5.07,5.15,5.05,,,5.29,5.1,,,5.43,5.53,5.63,5.03,5.03
2023-06-22,5.05,5.07,5.15,5.05,,,5.17,5.08,5.14,,5.42,5.55,5.68,5.03,5.03
2023-06-23,5.05,5.07,5.15,5.05,,,5.16,5.09,,,5.4,5.48,,5.03,5.03
2023-06-24,,,5.15,,,,,,,,,,,,
2023-06-25,,,5.15,,,,,,,,,,,,
2023-06-26,5.05,5.07,5.15,5.05,,,5.22,5.12,5.19,,5.44,5.52,5.6,5.03,5.03
2023-06-27,5.05,5.07,5.15,5.05,5.14,,5.29,,5.13,,5.45,5.49,5.53,5.04,5.04
2023-06-28,5.06,5.07,5.15,5.05,5.13,,5.31,,,,5.42,5.31,,5.04,5.04
2023-06-29,5.06,5.07,5.15,5.05,,,5.22,,,,5.37,5.45,,5.05,5.05
2023-06-30,5.09,5.08,5.15,5.05,,,5.22,,,,5.37,5.45,,5.05,5.05
2023-07-01,,,5.15,,,,,,,,,,,,
2023-07-02,,,5.15,,,,,,,,,,,,
2023-07-03,5.06,5.08,5.15,5.05,5.11,5.22,5.32,,,,5.39,,,5.05,5.05
2023-07-04,,,5.15,,,,,,,,,,,,
2023-07-05,5.06,5.08,5.15,5.05,5.11,,5.25,5.11,,,5.43,5.48,5.53,5.05,5.05
2023-07-06,5.06,5.08,5.15,5.05,5.09,,5.21,5.11,,,5.47,5.55,,5.04,5.04
2023-07-07,5.06,5.08,5.15,5.05,5.17,,5.29,5.1,,,5.45,5.56,,5.04,5.04
2023-07-08,,,5.15,,,,,,,,,,,,
2023-07-09,,,5.15,,,,,,,,,,,,
2023-07-10,5.06,5.07,5.15,5.05,5.12,,5.2,5.16,5.17,,5.42,5.63,,5.04,5.04
2023-07-11,5.06,5.08,5.15,5.05,5.13,,5.25,5.15,,,5.39,5.5,,5.04,5.04
2023-07-12,5.05,5.08,5.15,5.05,5.19,5.25,5.31,5.13,,,5.41,5.57,,5.03,5.04
2023-07-13,5.06,5.08,5.15,5.05,,,5.22,5.13,,,5.37,5.42,,5.04,5.04
2023-07-14,5.05,5.08,5.15,5.05,,,5.22,5.12,,,5.43,5.43,,5.03,5.03
2023-07-15,,,5.15,,,,,,,,,,,,
2023-07-16,,,5.15,,,,,,,,,,,,
2023-07-17,5.06,5.08,5.15,5.05,5.21,,5.38,,,,5.46,5.36,,5.03,5.03
2023-07-18,5.06,5.08,5.15,5.05,5.21,,,5.13,,,5.41,5.46,5.49,5.03,5.04
2023-07-19,5.05,5.08,5.15,5.05,,5.38,5.54,5.15,,,5.45,5.49,5.53,5.03,5.03
2023-07-20,5.06,5.08,5.15,5.05,,,5.47,5.2,,,5.51,5.55,5.58,5.03,5.03
2023-07-21,5.05,5.08,5.15,5.05,,,5.54,,,,5.48,5.52,5.54,5.03,5.03
2023-07-22,,,5.15,,,,,,,,,,,,
2023-07-23,,,5.15,,,,,,,,,,,,
2023-07-24,5.05,5.08,5.15,5.05,,5.35,,,,,5.53,5.53,5.53,5.03,5.03
2023-07-25,5.06,5.08,5.15,5.05,5.38,,,5.23,,,5.47,5.49,5.51,5.03,5.03
2023-07-26,5.06,5.08,5.15,5.05,5.4,,,5.23,,,5.56,5.5,,5.04,5.04
2023-07-27,5.31,5.33,5.4,5.3,5.38,,,5.23,,,5.52,5.58,5.65,5.28,5.28
2023-07-28,5.3,5.33,5.4,5.3,5.37,,5.53,,,,5.55,5.59,5.63,5.28,5.28
2023-07-29,,,5.4,,,,,,,,,,,,
2023-07-30,,,5.4,,,,,,,,,,,,
2023-07-31,5.31,5.33,5.4,5.3,,5.48,5.47,,,,5.54,5.57,5.61,5.28,5.29
2023-08-01,5.31,5.33,5.4,5.3,5.35,5.4,5.44,5.31,,,5.54,5.57,5.61,5.28,5.28
2023-08-02,5.3,5.33,5.4,5.3,5.35,5.39,,5.32,,,5.53,5.59,,5.28,5.28
2023-08-03,5.3,5.33,5.4,5.3,5.34,5.4,5.46,5.25,5.33,,5.53,5.59,,5.28,5.28
2023-08-04,5.3,5.33,5.4,5.3,,,,5.32,5.32,,5.57,5.55,,5.28,5.28
2023-08-05,,,5.4,,,,,,,,,,,,
2023-08-06,,,5.4,,,,,,,,,,,,
2023-08-07,5.3,5.33,5.4,5.3,5.38,5.5,5.52,5.32,5.32,,5.54,5.51,5.88,5.28,5.28
2023-08-08,5.3,5.33,5.4,5.3,,,,5.32,,,5.54,5.67,5.79,5.27,5.28
2023-08-09,5.3,5.33,5.4,5.3,5.33,,5.4,5.31,5.34,5.34,5.5,5.45,5.4,5.27,5.27
2023-08-10,5.3,5.33,5.4,5.3,5.33,5.38,5.42,5.29,5.34,5.34,5.52,5.55,5.45,5.28,5.28
2023-08-11,5.3,5.33,5.4,5.3,5.43,5.51,5.51,5.32,5.32,5.34,5.51,5.5,,5.28,5.28
2023-08-12,,,5.4,,,,,,,,,,,,
2023-08-13,,,5.4,,,,,,,,,,,,
2023-08-14,5.3,5.33,5.4,5.3,,,5.42,,5.34,5.32,5.53,5.56,,5.28,5.28
2023-08-15,5.3,5.33,5.4,5.3,5.36,,5.47,5.33,5.34,,5.52,5.53,5.54,5.28,5.29
2023-08-16,5.3,5.33,5.4,5.3,,,5.39,5.3,5.31,,5.54,5.5,6.04,5.28,5.28
2023-08-17,5.3,5.33,5.4,5.3,,,5.39,5.28,,,5.51,5.54,5.58,5.27,5.28
2023-08-18,5.3,5.33,5.4,5.3,,,5.43,5.32,5.32,,5.55,5.58,5.61,5.27,5.27
2023-08-19,,,5.4,,,,,,,,,,,,
2023-08-20,,,5.4,,,,,,,,,,,,
2023-08-21,5.3,5.33,5.4,5.3,,,,,,,5.52,5.49,,5.27,5.27
2023-08-22,5.3,5.33,5.4,5.3,,,,5.25,,,5.53,5.56,5.6,5.27,5.27
2023-08-23,5.3,5.33,5.4,5.3,,,5.39,5.25,,,5.54,5.53,,5.27,5.27
2023-08-24,5.3,5.33,5.4,5.3,,,5.4,5.28,,,5.54,5.55,5.54,5.28,5.28
2023-08-25,5.3,5.33,5.4,5.3,,,5.4,5.28,,,5.52,5.54,,5.28,5.28
2023-08-26,,,5.4,,,,,,,,,,,,
2023-08-27,,,5.4,,,,,,,,,,,,
2023-08-28,5.3,5.33,5.4,5.3,5.4,,,5.32,,,5.54,5.58,5.62,5.28,5.29
2023-08-29,5.3,5.33,5.4,5.3,5.4,,,5.27,5.32,,5.53,5.56,5.59,5.28,5.29
2023-08-30,5.3,5.33,5.4,5.3,5.37,,5.51,,,,5.5,5.56,5.59,5.28,5.29
2023-08-31,5.31,5.33,5.4,5.3,,,,5.28,,,5.5,5.54,5.57,5.3,5.3
2023-09-01,5.31,5.33,5.4,5.3,5.35,5.4,5.44,5.32,5.33,,5.47,5.52,,5.3,5.3
2023-09-02,,,5.4,,,,,,,,,,,,
2023-09-03,,,5.4,,,,,,,,,,,,
2023-09-04,,,5.4,,,,,,,,,,,,
2023-09-05,5.31,5.33,5.4,5.3,5.4,,5.46,5.27,5.32,,5.49,5.55,,5.29,5.29
2023-09-06,5.3,5.33,5.4,5.3,5.41,,5.48,5.28,5.31,,5.5,5.58,5.65,5.29,5.3
2023-09-07,5.31,5.33,5.4,5.3,,,,5.3,5.31,5.35,5.53,5.59,5.65,5.3,5.3
2023-09-08,5.3,5.33,5.4,5.3,,,,5.31,5.33,5.35,5.53,5.56,,5.3,5.3
2023-09-09,,,5.4,,,,,,,,,,,,
2023-09-10,,,5.4,,,,,,,,,,,,
2023-09-11,5.3,5.33,5.4,5.3,,5.49,5.52,5.31,5.33,,5.54,5.58,,5.3,5.3
2023-09-12,5.3,5.33,5.4,5.3,,,,5.32,5.34,5.35,5.53,5.56,,5.3,5.3
2023-09-13,5.3,5.33,5.4,5.3,,5.5,5.52,,5.34,,5.54,5.6,,5.3,5.3
2023-09-14,5.3,5.33,5.4,5.3,,5.5,5.52,5.28,5.33,5.34,5.51,5.56,5.6,5.3,5.3
2023-09-15,5.31,5.33,5.4,5.3,,,,5.3,5.33,5.34,5.52,5.67,5.81,5.3,5.3
2023-09-16,,,5.4,,,,,,,,,,,,
2023-09-17,,,5.4,,,,,,,,,,,,
2023-09-18,5.31,5.33,5.4,5.3,5.43,,,5.33,5.34,5.34,5.52,5.57,,5.3,5.3
2023-09-19,5.31,5.33,5.4,5.3,,5.5,5.52,5.31,,,5.52,5.57,5.6,5.3,5.3
2023-09-20,5.3,5.33,5.4,5.3,,,5.41,5.29,,,5.53,5.57,,5.3,5.3
2023-09-21,5.3,5.33,5.4,5.3,,,,5.29,5.33,5.34,5.51,5.51,,5.3,5.3
2023-09-22,5.3,5.33,5.4,5.3,,5.44,,5.32,,,5.51,5.59,,5.3,5.3
2023-09-23,,,5.4,,,,,,,,,,,,
2023-09-24,,,5.4,,,,,,,,,,,,
2023-09-25,5.31,5.33,5.4,5.3,5.4,,,5.34,,,5.54,5.56,,5.3,5.3
2023-09-26,5.31,5.33,5.4,5.3,,,5.48,5.33,,,5.52,5.57,5.61,5.3,5.3
2023-09-27,5.32,5.33,5.4,5.3,5.31,5.51,5.53,5.29,,,5.53,5.61,5.69,5.3,5.3
2023-09-28,5.31,5.33,5.4,5.3,5.38,,,5.31,5.36,,5.55,5.55,,5.3,5.3
2023-09-29,5.31,5.33,5.4,5.3,5.33,,,,,,5.54,5.58,,5.3,5.3
2023-09-30,,,5.4,,,,,,,,,,,,
2023-10-01,,,5.4,,,,,,,,,,,,
2023-10-02,5.32,5.33,5.4,5.3,5.36,5.45,,5.35,,,5.54,5.63,5.72,5.3,5.3
2023-10-03,5.33,5.33,5.4,5.3,5.36,,5.45,5.33,,,5.54,5.62,,5.3,5.3
2023-10-04,5.32,5.33,5.4,5.3,,,,5.34,,,5.54,5.71,5.68,5.3,5.3
2023-10-05,5.32,5.33,5.4,5.3,5.37,,5.52,5.32,,,5.54,5.63,5.72,5.3,5.3
2023-10-06,5.31,5.33,5.4,5.3,5.36,,5.44,5.32,5.32,,5.52,5.62,5.71,5.3,5.3
2023-10-07,,,5.4,,,,,,,,,,,,
2023-10-08,,,5.4,,,,,,,,,,,,
2023-10-09,,,5.4,,,,,,,,,,,,
2023-10-10,5.31,5.33,5.4,5.3,,,5.43,5.31,,5.38,5.53,5.58,5.63,5.3,5.3
2023-10-11,5.31,5.33,5.4,5.3,,,5.47,5.33,5.31,5.35,5.53,5.64,5.76,5.3,5.3
2023-10-12,5.31,5.33,5.4,5.3,,,5.44,5.31,5.39,5.41,5.53,5.57,5.6,5.3,5.3
2023-10-13,5.31,5.33,5.4,5.3,,,,5.34,,,5.56,5.59,5.78,5.3,5.3
2023-10-14,,,5.4,,,,,,,,,,,,
2023-10-15,,,5.4,,,,,,,,,,,,
2023-10-16,5.31,5.33,5.4,5.3,5.4,,,,,5.35,5.56,5.63,,5.3,5.3
2023-10-17,5.31,5.33,5.4,5.3,,,,5.32,,5.37,5.56,5.58,5.6,5.3,5.3
2023-10-18,5.3,5.33,5.4,5.3,,,,5.34,5.37,5.41,5.55,5.61,5.66,5.3,5.3
2023-10-19,5.3,5.33,5.4,5.3,5.37,,,5.34,5.37,5.4,5.56,5.59,5.61,5.3,5.3
2023-10-20,5.3,5.33,5.4,5.3,,,,,5.37,5.4,5.57,5.65,5.73,5.3,5.3
2023-10-21,,,5.4,,,,,,,,,,,,
2023-10-22,,,5.4,,,,,,,,,,,,
2023-10-23,5.3,5.33,5.4,5.3,5.4,,,5.33,,5.33,5.55,,,5.3,5.3
2023-10-24,5.3,5.33,5.4,5.3,,,,5.33,5.36,5.41,5.55,5.62,5.66,5.3,5.3
2023-10-25,5.3,5.33,5.4,5.3,,,5.5,5.31,5.34,5.37,5.52,5.56,5.59,5.3,5.3
2023-10-26,5.31,5.33,5.4,5.3,,,,5.33,5.36,5.4,5.53,5.61,5.69,5.3,5.3
2023-10-27,5.31,5.33,5.4,5.3,5.36,,5.49,5.31,,5.36,5.55,5.56,5.58,5.3,5.3
2023-10-28,,,5.4,,,,,,,,,,,,
2023-10-29,,,5.4,,,,,,,,,,,,
2023-10-30,5.31,5.33,5.4,5.3,5.4,,,5.31,,,5.55,5.55,,5.3,5.3
2023-10-31,5.35,5.33,5.4,5.3,,5.4,5.43,5.31,,5.39,5.54,5.65,5.76,5.3,5.3
2023-11-01,5.32,5.33,5.4,5.3,5.32,,,5.34,,5.38,5.57,5.63,,5.3,5.3
2023-11-02,5.33,5.33,5.4,5.3,5.44,5.51,5.53,5.35,,5.42,5.57,5.61,,5.3,5.3
2023-11-03,5.32,5.33,5.4,5.3,5.36,,5.47,,,5.42,5.57,5.59,,5.3,5.3
2023-11-04,,,5.4,,,,,,,,,,,,
2023-11-05,,,5.4,,,,,,,,,,,,
2023-11-06,5.32,5.33,5.4,5.3,5.4,,,,,,5.59,5.62,,5.3,5.3
2023-11-07,5.32,5.33,5.4,5.3,5.32,,5.41,5.33,,5.38,5.57,5.61,5.62,5.3,5.3
2023-11-08,5.32,5.33,5.4,5.3,,,,5.31,,5.36,5.57,5.56,,5.3,5.3
2023-11-09,5.32,5.33,5.4,5.3,5.35,,,5.33,5.36,,5.53,5.55,,5.3,5.3
2023-11-10,5.32,5.33,5.4,5.3,,5.39,5.43,,5.34,5.36,5.55,5.61,,5.3,5.3
2023-11-11,,,5.4,,,,,,,,,,,,
2023-11-12,,,5.4,,,,,,,,,,,,
2023-11-13,5.32,5.33,5.4,5.3,5.4,,5.46,,,5.38,5.57,5.62,5.67,5.3,5.3
2023-11-14,5.32,5.33,5.4,5.3,5.38,,,,5.36,5.35,5.56,5.6,,5.3,5.3
2023-11-15,5.32,5.33,5.4,5.3,,,5.35,,5.3,,5.56,5.69,5.55,5.3,5.3
2023-11-16,5.32,5.33,5.4,5.3,,,5.27,,5.36,,5.55,5.57,5.57,5.3,5.3
2023-11-17,5.32,5.33,5.4,5.3,,,,5.34,5.35,,5.58,5.6,5.62,5.3,5.3
2023-11-18,,,5.4,,,,,,,,,,,,
2023-11-19,,,5.4,,,,,,,,,,,,
2023-11-20,5.31,5.33,5.4,5.3,5.39,,5.45,,5.35,,5.6,5.63,5.66,5.3,5.3
2023-11-21,5.31,5.33,5.4,5.3,,,,,,,5.62,5.7,5.71,5.3,5.3
2023-11-22,5.31,5.33,5.4,5.3,,5.4,5.44,5.33,5.35,,5.63,5.53,,5.3,5.3
2023-11-23,,,5.4,,,,,,,,,,,,
2023-11-24,5.32,5.33,5.4,5.3,,,,,,,5.6,,,5.3,5.3
2023-11-25,,,5.4,,,,,,,,,,,,
2023-11-26,,,5.4,,,,,,,,,,,,
2023-11-27,5.32,5.33,5.4,5.3,,,,5.34,,,5.58,5.58,,5.3,5.3
2023-11-28,5.32,5.33,5.4,5.3,,,5.39,5.32,,,5.61,5.62,5.83,5.3,5.3
2023-11-29,5.31,5.33,5.4,5.3,5.32,,5.33,5.34,,,5.58,5.62,,5.3,5.3
2023-11-30,5.33,5.33,5.4,5.3,5.34,,5.39,,,,5.59,5.64,5.69,5.31,5.31
2023-12-01,5.39,5.33,5.4,5.3,5.33,,5.37,5.34,,,5.57,5.64,,5.31,5.31
2023-12-02,,,5.4,,,,,,,,,,,,
2023-12-03,,,5.4,,,,,,,,,,,,
2023-12-04,5.37,5.33,5.4,5.3,5.3,,5.34,5.34,,,5.58,5.63,5.69,5.31,5.31
2023-12-05,5.33,5.33,5.4,5.3,,,5.33,5.34,5.35,5.36,5.59,5.65,5.67,5.31,5.31
2023-12-06,5.32,5.33,5.4,5.3,5.32,,5.31,5.33,5.34,,5.55,5.64,5.68,5.31,5.31
2023-12-07,5.32,5.33,5.4,5.3,,,5.29,5.33,5.34,,5.55,5.63,5.67,5.3,5.3
2023-12-08,5.32,5.33,5.4,5.3,,,5.32,5.32,5.33,,5.59,5.63,5.59,5.3,5.3
2023-12-09,,,5.4,,,,,,,,,,,,
2023-12-10,,,5.4,,,,,,,,,,,,
2023-12-11,5.32,5.33,5.4,5.3,,,5.35,,,,5.61,5.6,5.56,5.3,5.3
2023-12-12,5.31,5.33,5.4,5.3,,,,5.33,,,5.79,5.63,,5.3,5.3
2023-12-13,5.31,5.33,5.4,5.3,,,5.27,5.31,,,5.54,5.59,,5.3,5.3
2023-12-14,5.31,5.33,5.4,5.3,,,,5.3,5.33,,5.57,5.58,5.6,5.3,5.3
2023-12-15,5.32,5.33,5.4,5.3,5.31,,5.27,5.34,5.36,,5.58,5.64,5.66,5.3,5.3
2023-12-16,,,5.4,,,,,,,,,,,,
2023-12-17,,,5.4,,,,,,,,,,,,
2023-12-18,5.32,5.33,5.4,5.3,,,,5.34,5.36,,5.59,5.59,5.58,5.3,5.3
2023-12-19,5.31,5.33,5.4,5.3,5.37,5.42,,5.33,,,5.56,5.58,5.59,5.3,5.3
2023-12-20,5.31,5.33,5.4,5.3,,,,5.31,,5.36,5.57,5.62,,5.3,5.3
2023-12-21,5.31,5.33,5.4,5.3,,,,5.31,,,5.64,5.62,5.6,5.3,5.3
2023-12-22,5.32,5.33,5.4,5.3,5.34,,,,,,5.73,5.66,5.6,5.3,5.3
2023-12-23,,,5.4,,,,,,,,,,,,
2023-12-24,,,5.4,,,,,,,,,,,,
2023-12-25,,,5.4,,,,,,,,,,,,
2023-12-26,5.35,5.33,5.4,5.3,,,,,,,5.56,,,5.31,5.31
2023-12-27,5.39,5.33,5.4,5.3,,,,,,,5.58,,,5.33,5.33
2023-12-28,5.4,5.33,5.4,5.3,,,,,,,5.55,,,5.35,5.35
2023-12-29,5.38,5.33,5.4,5.3,,,,5.3,,,5.49,,,5.33,5.33
2023-12-30,,,5.4,,,,,,,,,,,,
2023-12-31,,,5.4,,,,,,,,,,,,
2024-01-01,,,5.4,,,,,,,,,,,,
2024-01-02,5.4,5.33,5.4,5.3,5.32,5.32,5.32,5.31,,,5.62,5.59,6.08,5.33,5.33
2024-01-03,5.39,5.33,5.4,5.3,5.28,,5.2,5.32,,,5.56,5.58,5.58,5.33,5.33
2024-01-04,5.32,5.33,5.4,5.3,,,,5.33,,,5.56,5.57,5.59,5.31,5.31
2024-01-05,5.31,5.33,5.4,5.3,5.34,,5.14,5.32,,,5.53,5.5,,5.3,5.3
2024-01-06,,,5.4,,,,,,,,,,,,
2024-01-07,,,5.4,,,,,,,,,,,,
2024-01-08,5.31,5.33,5.4,5.3,,5.26,5.23,5.33,5.32,5.3,5.54,5.59,5.6,5.3,5.3
2024-01-09,5.31,5.33,5.4,5.3,,,5.39,5.31,,5.3,5.54,5.63,5.58,5.3,5.3
2024-01-10,5.31,5.33,5.4,5.3,,5.4,5.34,5.29,5.29,5.29,5.52,5.61,,5.3,5.3
2024-01-11,5.31,5.33,5.4,5.3,,5.29,,5.31,5.31,5.3,5.56,5.61,,5.3,5.3
2024-01-12,5.31,5.33,5.4,5.3,,,,5.35,5.35,5.35,5.49,5.55,5.55,5.3,5.3
2024-01-13,,,5.4,,,,,,,,,,,,
2024-01-14,,,5.4,,,,,,,,,,,,
2024-01-15,,,5.4,,,,,,,,,,,,
2024-01-16,5.32,5.33,5.4,5.3,5.3,,5.27,5.33,5.32,5.3,5.54,5.56,5.58,5.3,5.3
2024-01-17,5.32,5.33,5.4,5.3,,,,5.33,,,5.58,5.55,5.48,5.3,5.3
2024-01-18,5.31,5.33,5.4,5.3,5.29,,5.22,5.33,,,5.53,5.51,5.46,5.3,5.3
2024-01-19,5.31,5.33,5.4,5.3,,5.28,,5.33,,,5.5,5.49,5.48,5.3,5.3
2024-01-20,,,5.4,,,,,,,,,,,,
2024-01-21,,,5.4,,,,,,,,,,,,
2024-01-22,5.31,5.33,5.4,5.3,5.34,,,5.32,,,5.54,5.56,5.56,5.3,5.3
2024-01-23,5.31,5.33,5.4,5.3,,,5.23,,5.28,,5.58,5.5,5.43,5.3,5.3
2024-01-24,5.31,5.33,5.4,5.3,,,,,5.28,,5.48,5.46,5.44,5.3,5.3
2024-01-25,5.32,5.33,5.4,5.3,,,,,5.26,,5.51,5.51,5.37,5.31,5.31
2024-01-26,5.32,5.33,5.4,5.3,,,,,5.29,,5.48,5.51,5.55,5.31,5.31
2024-01-27,,,5.4,,,,,,,,,,,,
2024-01-28,,,5.4,,,,,,,,,,,,
2024-01-29,5.31,5.33,5.4,5.3,,,5.25,5.35,,,5.49,5.43,5.37,5.3,5.3
2024-01-30,5.31,5.33,5.4,5.3,,,,5.32,,,5.5,5.57,,5.3,5.3
2024-01-31,5.32,5.33,5.4,5.3,,,5.24,5.33,,,5.47,5.49,5.52,5.31,5.31
2024-02-01,5.32,5.33,5.4,5.3,5.32,,,5.31,5.27,,5.49,5.47,5.42,5.31,5.31
2024-02-02,5.32,5.33,5.4,5.3,5.32,5.33,,5.31,5.27,,5.49,5.5,,5.31,5.31
2024-02-03,,,5.4,,,,,,,,,,,,
2024-02-04,,,5.4,,,,,,,,,,,,
2024-02-05,5.31,5.33,5.4,5.3,5.32,,,,,,5.49,5.52,5.54,5.3,5.3
2024-02-06,5.31,5.33,5.4,5.3,,,,5.32,,,5.47,5.49,5.51,5.3,5.3
2024-02-07,5.31,5.33,5.4,5.3,,,,5.23,,,5.45,5.48,5.51,5.3,5.3
2024-02-08,5.31,5.33,5.4,5.3,,,,5.33,5.29,,5.49,5.47,5.54,5.3,5.3
2024-02-09,5.31,5.33,5.4,5.3,,,,5.32,5.26,,5.47,5.47,5.47,5.3,5.3
2024-02-10,,,5.4,,,,,,,,,,,,
2024-02-11,,,5.4,,,,,,,,,,,,
2024-02-12,5.31,5.33,5.4,5.3,,,,5.31,5.27,,5.47,5.58,5.69,5.3,5.3
2024-02-13,5.31,5.33,5.4,5.3,,,,5.3,,,5.51,5.52,5.53,5.3,5.3
2024-02-14,5.3,5.33,5.4,5.3,,,,5.33,,,5.47,5.51,5.56,5.3,5.3
2024-02-15,5.31,5.33,5.4,5.3,,,,5.33,5.27,,5.46,5.48,5.49,5.3,5.3
2024-02-16,5.3,5.33,5.4,5.3,5.35,,,,,,5.54,5.57,,5.3,5.3
2024-02-17,,,5.4,,,,,,,,,,,,
2024-02-18,,,5.4,,,,,,,,,,,,
2024-02-19,,,5.4,,,,,,,,,,,,
2024-02-20,5.3,5.33,5.4,5.3,,,,5.32,,,5.52,5.52,5.51,5.3,5.3
2024-02-21,5.3,5.33,5.4,5.3,5.29,,,5.32,5.27,,5.54,5.55,,5.3,5.3
2024-02-22,5.3,5.33,5.4,5.3,,,,,5.26,,5.52,5.5,5.49,5.3,5.3
2024-02-23,5.31,5.33,5.4,5.3,,,,5.31,,,5.51,5.52,5.52,5.3,5.3
2024-02-24,,,5.4,,,,,,,,,,,,
2024-02-25,,,5.4,,,,,,,,,,,,
2024-02-26,5.31,5.33,5.4,5.3,,,,5.32,,,5.51,5.53,5.54,5.3,5.3
2024-02-27,5.31,5.33,5.4,5.3,,,,5.3,,,5.51,5.51,5.47,5.3,5.3
2024-02-28,5.31,5.33,5.4,5.3,,,,,5.29,,5.55,5.52,5.64,5.3,5.3
2024-02-29,5.32,5.33,5.4,5.3,5.29,,5.22,5.32,,,5.48,5.51,5.54,5.31,5.31
2024-03-01,5.31,5.33,5.4,5.3,,,,5.33,,,5.45,5.52,5.59,5.3,5.31
2024-03-02,,,5.4,,,,,,,,,,,,
2024-03-03,,,5.4,,,,,,,,,,,,
2024-03-04,5.31,5.33,5.4,5.3,5.33,,,5.32,5.32,5.32,5.45,5.44,5.43,5.3,5.3
2024-03-05,5.31,5.33,5.4,5.3,,,,5.31,,,5.5,5.48,5.46,5.3,5.3
2024-03-06,5.31,5.33,5.4,5.3,,,,5.33,,,5.51,5.52,5.52,5.3,5.3
2024-03-07,5.31,5.33,5.4,5.3,,,5.24,5.3,,,5.52,,,5.3,5.3
2024-03-08,5.31,5.33,5.4,5.3,5.32,,5.32,5.3,,,5.47,5.52,5.46,5.3,5.3
2024-03-09,,,5.4,,,,,,,,,,,,
2024-03-10,,,5.4,,,,,,,,,,,,
2024-03-11,5.31,5.33,5.4,5.3,,,,5.3,,,5.52,5.8,,5.3,5.3
2024-03-12,5.31,5.33,5.4,5.3,,,5.32,5.32,5.33,,5.5,5.46,5.42,5.3,5.3
2024-03-13,5.31,5.33,5.4,5.3,,,5.28,5.33,5.33,,5.49,5.5,5.51,5.3,5.3
2024-03-14,5.31,5.33,5.4,5.3,5.32,,,5.3,5.31,5.32,5.54,5.56,,5.3,5.3
2024-03-15,5.31,5.33,5.4,5.3,,,5.31,5.33,5.3,,5.55,5.53,5.51,5.3,5.3
2024-03-16,,,5.4,,,,,,,,,,,,
2024-03-17,,,5.4,,,,,,,,,,,,
2024-03-18,5.31,5.33,5.4,5.3,5.3,,5.29,5.32,5.33,,5.54,5.56,,5.3,5.3
2024-03-19,5.31,5.33,5.4,5.3,5.29,,5.26,5.3,5.32,5.33,5.53,5.51,5.5,5.3,5.3
2024-03-20,5.31,5.33,5.4,5.3,5.31,5.31,5.31,5.33,5.33,,5.55,5.57,,5.3,5.3
2024-03-21,5.31,5.33,5.4,5.3,,,5.32,5.33,,,5.55,5.52,,5.3,5.3
2024-03-22,5.31,5.33,5.4,5.3,5.33,,,5.32,5.33,,5.51,5.52,5.52,5.31,5.31
2024-03-23,,,5.4,,,,,,,,,,,,
2024-03-24,,,5.4,,,,,,,,,,,,
2024-03-25,5.31,5.33,5.4,5.3,,,,5.31,5.31,,5.5,5.51,5.51,5.31,5.31
2024-03-26,5.32,5.33,5.4,5.3,,,5.24,5.33,5.34,,5.5,5.67,5.6,5.31,5.31
2024-03-27,5.33,5.33,5.4,5.3,,,5.2,5.3,5.28,,5.53,5.53,5.53,5.33,5.33
2024-03-28,5.34,5.33,5.4,5.3,,5.33,5.34,,5.28,,5.52,5.55,,5.32,5.32
2024-03-29,,5.33,5.4,,,,,,,,,,,,
2024-03-30,,,5.4,,,,,,,,,,,,
2024-03-31,,,5.4,,,,,,,,,,,,
2024-04-01,5.35,5.33,5.4,5.3,5.33,,,,,,5.48,5.47,,5.33,5.33
2024-04-02,5.34,5.33,5.4,5.3,5.31,5.29,5.27,5.29,,,5.53,5.48,5.43,5.33,5.33
2024-04-03,5.32,5.33,5.4,5.3,5.33,5.32,5.3,5.32,,,5.5,5.51,5.59,5.31,5.31
2024-04-04,5.32,5.33,5.4,5.3,,,,5.29,5.26,,5.51,5.49,5.48,5.31,5.31
2024-04-05,5.32,5.33,5.4,5.3,,,,5.32,,,5.51,,,5.31,5.31
2024-04-06,,,5.4,,,,,,,,,,,,
2024-04-07,,,5.4,,,,,,,,,,,,
2024-04-08,5.31,5.33,5.4,5.3,,,,5.31,,,5.47,5.46,5.42,5.31,5.31
2024-04-09,5.31,5.33,5.4,5.3,,,5.34,5.32,,,5.45,5.49,5.53,5.31,5.31
2024-04-10,5.31,5.33,5.4,5.3,,,,5.31,,,5.47,5.49,,5.3,5.3
2024-04-11,5.31,5.33,5.4,5.3,,,5.34,5.29,5.34,5.34,5.48,5.52,,5.3,5.3
2024-04-12,5.31,5.33,5.4,5.3,,,,5.3,5.36,,5.53,5.53,,5.3,5.3
2024-04-13,,,5.4,,,,,,,,,,,,
2024-04-14,,,5.4,,,,,,,,,,,,
2024-04-15,5.32,5.33,5.4,5.3,5.3,5.3,,5.34,5.33,,5.54,5.6,5.57,5.31,5.31
2024-04-16,5.31,5.33,5.4,5.3,5.34,,,5.32,5.34,,5.52,5.58,5.66,5.31,5.31
2024-04-17,5.31,5.33,5.4,5.3,5.33,,,,,,5.52,5.56,,5.3,5.3
2024-04-18,5.3,5.33,5.4,5.3,5.35,,,5.32,5.28,,5.51,5.57,5.51,5.3,5.3
2024-04-19,5.31,5.33,5.4,5.3,5.3,,,5.34,5.34,5.34,5.54,5.56,5.59,5.3,5.3
2024-04-20,,,5.4,,,,,,,,,,,,
2024-04-21,,,5.4,,,,,,,,,,,,
2024-04-22,5.31,5.33,5.4,5.3,5.34,,,,,,5.5,5.45,5.41,5.3,5.3
2024-04-23,5.31,5.33,5.4,5.3,,,5.34,5.29,5.31,,5.51,5.49,5.47,5.3,5.3
2024-04-24,5.31,5.33,5.4,5.3,5.34,,5.37,5.3,5.33,,5.52,5.55,5.54,5.3,5.3
2024-04-25,5.31,5.33,5.4,5.3,,,,5.32,,,5.52,5.48,5.41,5.31,5.31
2024-04-26,5.32,5.33,5.4,5.3,,5.32,,5.31,5.32,,5.52,5.48,5.42,5.31,5.31
2024-04-27,,,5.4,,,,,,,,,,,,
2024-04-28,,,5.4,,,,,,,,,,,,
2024-04-29,5.32,5.33,5.4,5.3,,,5.33,,5.32,,5.52,5.56,,5.31,5.31
2024-04-30,5.34,5.33,5.4,5.3,,,5.34,5.3,,,5.53,5.55,5.54,5.31,5.31
2024-05-01,5.32,5.33,5.4,5.3,5.3,,,5.33,5.32,,5.51,5.55,,5.31,5.31
2024-05-02,5.31,5.33,5.4,5.3,,,5.37,5.33,,,5.48,5.53,5.52,5.31,5.31
2024-05-03,5.31,5.33,5.4,5.3,5.33,,5.37,5.3,,,5.49,5.5,5.52,5.3,5.3
2024-05-04,,,5.4,,,,,,,,,,,,
2024-05-05,,,5.4,,,,,,,,,,,,
2024-05-06,5.31,5.33,5.4,5.3,5.33,,5.37,,,,5.51,5.52,5.53,5.3,5.3
2024-05-07,5.31,5.33,5.4,5.3,,,5.34,,,,5.51,5.54,5.54,5.3,5.3
2024-05-08,5.31,5.33,5.4,5.3,,,5.33,5.32,,,5.47,5.51,,5.3,5.3
2024-05-09,5.31,5.33,5.4,5.3,,,5.3,5.31,,,5.5,5.52,5.54,5.3,5.3
2024-05-10,5.31,5.33,5.4,5.3,5.31,,,5.33,,,5.49,5.52,5.53,5.3,5.3
2024-05-11,,,5.4,,,,,,,,,,,,
2024-05-12,,,5.4,,,,,,,,,,,,
2024-05-13,5.31,5.33,5.4,5.3,,,,5.33,,,5.5,5.55,5.55,5.3,5.3
2024-05-14,5.31,5.33,5.4,5.3,,,,5.33,,,5.55,5.53,5.53,5.3,5.3
2024-05-15,5.31,5.33,5.4,5.3,5.34,5.32,5.29,5.31,,,5.5,5.54,5.47,5.3,5.3
2024-05-16,5.31,5.33,5.4,5.3,5.34,,,5.33,,,5.51,5.58,,5.3,5.3
2024-05-17,5.31,5.33,5.4,5.3,5.33,,,5.33,,,5.53,5.55,5.55,5.3,5.3
2024-05-18,,,5.4,,,,,,,,,,,,
2024-05-19,,,5.4,,,,,,,,,,,,
2024-05-20,5.31,5.33,5.4,5.3,,,5.26,5.33,,,5.49,5.5,,5.3,5.3
2024-05-21,5.31,5.33,5.4,5.3,,,,5.3,,,5.5,5.51,5.53,5.3,5.3
2024-05-22,5.31,5.33,5.4,5.3,,5.33,5.34,,,,5.52,5.48,,5.3,5.3
2024-05-23,5.31,5.33,5.4,5.3,,,5.3,5.3,5.31,,5.52,5.5,,5.3,5.3
2024-05-24,5.32,5.33,5.4,5.3,,5.29,5.29,5.31,,,5.49,5.53,5.6,5.31,5.31
2024-05-25,,,5.4,,,,,,,,,,,,
2024-05-26,,,5.4,,,,,,,,,,,,
2024-05-27,,,5.4,,,,,,,,,,,,
2024-05-28,5.32,5.33,5.4,5.3,,5.32,5.33,5.31,,,5.46,5.37,,5.31,5.31
2024-05-29,5.33,5.33,5.4,5.3,5.32,5.34,5.36,5.32,,,5.49,,,5.32,5.32
2024-05-30,5.33,5.33,5.4,5.3,,,,5.29,,,5.48,5.52,,5.32,5.32
2024-05-31,5.34,5.33,5.4,5.3,5.31,,5.33,5.3,,,5.41,5.35,,5.33,5.33
2024-06-01,,,5.4,,,,,,,,,,,,
2024-06-02,,,5.4,,,,,,,,,,,,
2024-06-03,5.35,5.33,5.4,5.3,5.3,,,,,5.32,5.46,,,5.32,5.32
2024-06-04,5.33,5.33,5.4,5.3,,,5.37,,,,5.45,,,5.32,5.32
2024-06-05,5.33,5.33,5.4,5.3,5.4,,,,,,5.46,5.41,,5.32,5.32
2024-06-06,5.33,5.33,5.4,5.3,,,5.27,,,5.32,5.47,5.46,5.45,5.32,5.32
2024-06-07,5.33,5.33,5.4,5.3,,,5.28,,,,5.45,5.44,,5.32,5.32
2024-06-08,,,5.4,,,,,,,,,,,,
2024-06-09,,,5.4,,,,,,,,,,,,
2024-06-10,5.32,5.33,5.4,5.3,,,5.31,5.31,5.31,,5.46,5.49,5.52,5.32,5.32
2024-06-11,5.32,5.33,5.4,5.3,,,5.3,5.31,5.31,5.31,5.47,5.46,5.44,5.31,5.31
2024-06-12,5.31,5.33,5.4,5.3,,,,,,,5.46,5.47,5.47,5.31,5.31
2024-06-13,5.31,5.33,5.4,5.3,,,5.29,5.3,5.31,5.31,5.49,5.49,5.46,5.31,5.31
2024-06-14,5.31,5.33,5.4,5.3,,,5.27,5.3,5.32,,5.53,5.53,5.53,5.3,5.3
2024-06-15,,,5.4,,,,,,,,,,,,
2024-06-16,,,5.4,,,,,,,,,,,,
2024-06-17,5.33,5.33,5.4,5.3,5.28,,5.22,5.31,5.31,5.31,5.5,5.51,5.52,5.32,5.32
2024-06-18,5.33,5.33,5.4,5.3,,,5.23,5.32,,,5.5,5.5,5.5,5.32,5.32
2024-06-19,,,5.4,,,,,,,,,,,,
2024-06-20,5.32,5.33,5.4,5.3,,,,,,,5.48,5.52,5.55,5.31,5.31
2024-06-21,5.31,5.33,5.4,5.3,,,,5.32,5.33,,5.5,5.51,5.53,5.3,5.3
2024-06-22,,,5.4,,,,,,,,,,,,
2024-06-23,,,5.4,,,,,,,,,,,,
2024-06-24,5.31,5.33,5.4,5.3,,,,5.31,,,5.49,5.52,5.55,5.3,5.3
2024-06-25,5.33,5.33,5.4,5.3,5.3,,5.27,5.31,5.33,,5.48,5.45,,5.32,5.32
2024-06-26,5.34,5.33,5.4,5.3,,,5.26,,,,5.5,5.48,,5.33,5.33
2024-06-27,5.34,5.33,5.4,5.3,,,5.26,,5.33,5.34,5.49,5.52,5.55,5.32,5.32
2024-06-28,5.33,5.33,5.4,5.3,,,,5.32,,,5.47,5.44,,5.32,5.32
2024-06-29,,,5.4,,,,,,,,,,,,
2024-06-30,,,5.4,,,,,,,,,,,,
2024-07-01,5.4,5.33,5.4,5.3,5.35,5.37,5.35,,5.33,,5.48,5.52,,5.33,5.33
2024-07-02,5.35,5.33,5.4,5.3,5.31,5.3,5.29,5.31,5.34,5.33,5.48,,,5.33,5.33
2024-07-03,5.33,5.33,5.4,5.3,5.3,,,5.31,5.34,,5.51,,,5.32,5.32
2024-07-04,,,5.4,,,,,,,,,,,,
2024-07-05,5.32,5.33,5.4,5.3,,,,,,,5.46,5.48,,5.31,5.31
2024-07-06,,,5.4,,,,,,,,,,,,
2024-07-07,,,5.4,,,,,,,,,,,,
2024-07-08,5.32,5.33,5.4,5.3,,5.3,5.29,5.31,5.35,,5.49,5.5,5.51,5.31,5.31
2024-07-09,5.34,5.33,5.4,5.3,,,5.27,5.3,,,5.49,5.51,5.5,5.33,5.33
2024-07-10,5.34,5.33,5.4,5.3,,,5.35,5.3,5.27,5.24,5.47,5.5,5.47,5.33,5.33
2024-07-11,5.34,5.33,5.4,5.3,5.29,5.27,5.25,5.31,5.3,,5.46,5.44,5.43,5.32,5.32
2024-07-12,5.34,5.33,5.4,5.3,5.32,,5.35,5.3,5.29,5.29,5.49,5.49,5.5,5.32,5.32
2024-07-13,,,5.4,,,,,,,,,,,,
2024-07-14,,,5.4,,,,,,,,,,,,
2024-07-15,5.34,5.33,5.4,5.3,,5.27,,5.3,,,5.48,5.47,5.47,5.33,5.33
2024-07-16,5.35,5.33,5.4,5.3,5.33,,,5.31,5.3,5.26,5.48,5.52,,5.33,5.34
2024-07-17,5.35,5.33,5.4,5.3,,5.28,,5.31,5.3,5.26,5.54,5.56,5.48,5.33,5.33
2024-07-18,5.34,5.33,5.4,5.3,,,,,,5.22,5.47,5.47,,5.32,5.32
2024-07-19,5.34,5.33,5.4,5.3,,,,5.29,,5.22,5.46,5.46,5.46,5.32,5.32
2024-07-20,,,5.4,,,,,,,,,,,,
2024-07-21,,,5.4,,,,,,,,,,,,
2024-07-22,5.33,5.33,5.4,5.3,,,5.29,,,5.21,5.49,5.49,5.49,5.32,5.32
2024-07-23,5.34,5.33,5.4,5.3,,,,,,,5.49,5.45,,5.32,5.32
2024-07-24,5.34,5.33,5.4,5.3,,,,,5.28,5.31,5.47,5.48,5.44,5.33,5.33
2024-07-25,5.35,5.33,5.4,5.3,,,5.32,,5.27,,5.48,5.49,5.51,5.34,5.34
2024-07-26,5.35,5.33,5.4,5.3,,,,5.29,5.25,,5.5,5.41,,5.34,5.34
2024-07-27,,,5.4,,,,,,,,,,,,
2024-07-28,,,5.4,,,,,,,,,,,,
2024-07-29,5.33,5.33,5.4,5.3,,,,,,,5.48,5.45,,5.33,5.33
2024-07-30,5.33,5.33,5.4,5.3,,5.25,,5.29,5.26,,5.48,5.44,,5.32,5.32
2024-07-31,5.38,5.33,5.4,5.3,5.31,,5.3,,,,5.45,5.41,,5.34,5.34
2024-08-01,5.35,5.33,5.4,5.3,5.28,,5.19,5.31,,,5.48,,,5.34,5.34
2024-08-02,5.35,5.33,5.4,5.3,5.3,,,5.3,,4.88,5.45,5.41,,5.33,5.33
2024-08-03,,,5.4,,,,,,,,,,,,
2024-08-04,,,5.4,,,,,,,,,,,,
2024-08-05,5.32,5.33,5.4,5.3,,,,5.26,,5.15,5.44,,,5.32,5.32
2024-08-06,5.33,5.33,5.4,5.3,,,,,,5.12,5.49,,,5.32,5.32
2024-08-07,5.33,5.33,5.4,5.3,,,,5.3,,,5.45,5.45,5.44,5.32,5.32
2024-08-08,5.34,5.33,5.4,5.3,,5.23,5.16,5.3,5.21,5.12,5.47,,,5.33,5.33
2024-08-09,5.34,5.33,5.4,5.3,5.25,,5.11,5.3,5.26,5.17,5.45,5.33,,5.33,5.33
2024-08-10,,,5.4,,,,,,,,,,,,
2024-08-11,,,5.4,,,,,,,,,,,,
2024-08-12,5.34,5.33,5.4,5.3,,,,5.27,,5.12,5.48,5.39,,5.33,5.33
2024-08-13,5.34,5.33,5.4,5.3,,,5.11,5.33,5.25,5.17,5.51,,,5.34,5.34
2024-08-14,5.33,5.33,5.4,5.3,,,,,5.23,5.15,5.43,5.4,5.37,5.32,5.32
2024-08-15,5.35,5.33,5.4,5.3,5.27,5.22,5.15,5.3,5.22,5.15,5.44,5.42,,5.32,5.32
2024-08-16,5.32,5.33,5.4,5.3,,,,5.28,,,5.44,5.34,5.24,5.31,5.32
2024-08-17,,,5.4,,,,,,,,,,,,
2024-08-18,,,5.4,,,,,,,,,,,,
2024-08-19,5.32,5.33,5.4,5.3,,,5.13,5.27,,5.13,5.45,5.3,,5.31,5.31
2024-08-20,5.32,5.33,5.4,5.3,,,,5.29,5.22,5.14,5.36,5.51,,5.31,5.31
2024-08-21,5.31,5.33,5.4,5.3,,,5.06,5.3,,,5.4,5.35,,5.3,5.3
2024-08-22,5.31,5.33,5.4,5.3,,,,5.26,,,5.42,5.33,,5.31,5.31
2024-08-23,5.33,5.33,5.4,5.3,,,,5.25,5.19,,5.46,5.38,5.3,5.32,5.32
2024-08-24,,,5.4,,,,,,,,,,,,
2024-08-25,,,5.4,,,,,,,,,,,,
2024-08-26,5.34,5.33,5.4,5.3,,,,5.33,,,5.43,5.37,5.3,5.32,5.32
2024-08-27,5.35,5.33,5.4,5.3,,,,5.28,,,5.46,5.35,5.24,5.34,5.34
2024-08-28,5.35,5.33,5.4,5.3,,,,,,,5.4,5.31,,5.34,5.34
2024-08-29,5.33,5.33,5.4,5.3,5.21,,5.04,5.23,5.17,,5.41,5.28,,5.32,5.32
2024-08-30,5.32,5.33,5.4,5.3,5.21,,,5.26,,,5.42,,,5.32,5.32
2024-08-31,,,5.4,,,,,,,,,,,,
2024-09-01,,,5.4,,,,,,,,,,,,
2024-09-02,,,5.4,,,,,,,,,,,,
2024-09-03,5.34,5.33,5.4,5.3,5.22,,5.02,5.22,,,5.4,5.34,5.29,5.33,5.33
2024-09-04,5.35,5.33,5.4,5.3,,5.14,,,,,5.37,5.35,5.32,5.32,5.32
2024-09-05,5.35,5.33,5.4,5.3,,,,,5.15,5.04,5.34,5.29,5.34,5.32,5.32
2024-09-06,5.34,5.33,5.4,5.3,,,,5.21,5.12,,5.32,,,5.32,5.33
2024-09-07,,,5.4,,,,,,,,,,,,
2024-09-08,,,5.4,,,,,,,,,,,,
2024-09-09,5.34,5.33,5.4,5.3,,,4.99,5.23,5.13,5.02,5.35,5.22,,5.32,5.32
2024-09-10,5.33,5.33,5.4,5.3,,,,5.16,5.05,4.95,5.27,5.25,5.23,5.31,5.31
2024-09-11,5.32,5.33,5.4,5.3,,5.06,,5.12,5.06,,5.29,5.24,,5.31,5.31
2024-09-12,5.33,5.33,5.4,5.3,,5.08,5.03,5.1,5.03,4.95,5.26,5.2,,5.31,5.31
2024-09-13,5.33,5.33,5.4,5.3,,,,5.08,5.08,4.95,5.23,5.14,,5.32,5.32
2024-09-14,,,5.4,,,,,,,,,,,,
2024-09-15,,,5.4,,,,,,,,,,,,
2024-09-16,5.38,5.33,5.4,5.3,,,,5.15,5.02,4.93,5.23,5.11,,5.33,5.33
2024-09-17,5.38,5.33,5.4,5.3,4.91,,,5.13,4.99,4.86,5.19,,,5.33,5.33
2024-09-18,5.33,5.33,5.4,5.3,,,,,,,5.17,5.13,,5.32,5.32
2024-09-19,4.82,4.83,4.9,4.8,,4.69,4.62,,,4.67,4.96,4.94,,4.81,4.81
2024-09-20,4.83,4.83,4.9,4.8,,,4.64,,,,4.96,4.96,,4.81,4.81
2024-09-21,,,4.9,,,,,,,,,,,,
2024-09-22,,,4.9,,,,,,,,,,,,
2024-09-23,4.83,4.83,4.9,4.8,,,,,,,4.94,4.88,,4.82,4.82
2024-09-24,4.84,4.83,4.9,4.8,,,,4.69,,4.49,4.92,4.88,4.85,4.83,4.83
2024-09-25,4.84,4.83,4.9,4.8,,,,4.77,4.78,4.68,4.91,4.85,4.83,4.83,4.83
2024-09-26,4.83,4.83,4.9,4.8,,,,4.79,,,4.9,4.84,,4.83,4.83
2024-09-27,4.84,4.83,4.9,4.8,,4.77,,4.79,,,4.9,,,4.83,4.83
2024-09-28,,,4.9,,,,,,,,,,,,
2024-09-29,,,4.9,,,,,,,,,,,,
2024-09-30,4.96,4.83,4.9,4.8,,4.77,,4.85,,,4.93,,,4.88,4.88
2024-10-01,5.05,4.83,4.9,4.8,4.81,,,4.83,,,4.9,4.81,,4.92,4.92
2024-10-02,4.92,4.83,4.9,4.8,4.75,,4.58,4.83,,,4.94,4.81,,4.87,4.87
2024-10-03,4.85,4.83,4.9,4.8,4.82,,,4.82,4.67,,4.92,4.87,,4.82,4.82
2024-10-04,4.83,4.83,4.9,4.8,,,,,4.64,,4.9,4.87,4.86,4.82,4.82
2024-10-05,,,4.9,,,,,,,,,,,,
2024-10-06,,,4.9,,,,,,,,,,,,
2024-10-07,4.83,4.83,4.9,4.8,,,,4.75,,4.57,4.92,4.78,,4.82,4.82
2024-10-08,4.84,4.83,4.9,4.8,,4.65,4.57,4.75,,4.58,4.92,4.88,4.8,4.83,4.83
2024-10-09,4.83,4.83,4.9,4.8,,4.72,,4.8,,,4.9,4.83,,4.82,4.82
2024-10-10,4.82,4.83,4.9,4.8,,,4.54,4.79,,4.61,4.87,4.82,,4.81,4.81
2024-10-11,4.81,4.83,4.9,4.8,4.78,4.72,4.66,4.81,,,4.94,4.81,,4.81,4.81
2024-10-12,,,4.9,,,,,,,,,,,,
2024-10-13,,,4.9,,,,,,,,,,,,
2024-10-14,,,4.9,,,,,,,,,,,,
2024-10-15,4.86,4.83,4.9,4.8,4.82,,,4.79,4.71,4.62,4.88,4.79,4.71,4.83,4.83
2024-10-16,4.86,4.83,4.9,4.8,,,4.58,4.83,4.72,,4.9,4.79,,4.84,4.84
2024-10-17,4.85,4.83,4.9,4.8,,,,4.78,,4.62,4.89,4.82,4.75,4.84,4.84
2024-10-18,4.84,4.83,4.9,4.8,,,,4.83,,4.49,4.93,4.88,,4.82,4.82
2024-10-19,,,4.9,,,,,,,,,,,,
2024-10-20,,,4.9,,,,,,,,,,,,
2024-10-21,4.82,4.83,4.9,4.8,,,,4.77,,4.65,4.9,4.94,,4.81,4.81
2024-10-22,4.83,4.83,4.9,4.8,,,4.6,4.76,,4.66,4.88,4.78,,4.82,4.82
2024-10-23,4.83,4.83,4.9,4.8,,,4.68,4.76,4.71,4.66,4.87,4.7,,4.82,4.82
2024-10-24,4.83,4.83,4.9,4.8,,,4.66,4.76,4.69,4.63,4.89,4.94,,4.83,4.83
2024-10-25,4.83,4.83,4.9,4.8,,,4.65,4.75,4.71,4.66,4.85,4.83,,4.82,4.82
2024-10-26,,,4.9,,,,,,,,,,,,
2024-10-27,,,4.9,,,,,,,,,,,,
2024-10-28,4.82,4.83,4.9,4.8,4.69,,,4.71,4.74,,4.85,4.8,,4.81,4.81
2024-10-29,4.82,4.83,4.9,4.8,4.69,,,,4.65,,4.84,4.79,,4.81,4.81
2024-10-30,4.81,4.83,4.9,4.8,4.75,,4.65,,4.65,,4.87,4.92,,4.81,4.81
2024-10-31,4.9,4.83,4.9,4.8,,4.72,4.67,,4.65,,4.89,4.94,,4.85,4.85
2024-11-01,4.86,4.83,4.9,4.8,,,4.67,4.76,4.67,,4.83,4.77,,4.84,4.84
2024-11-02,,,4.9,,,,,,,,,,,,
2024-11-03,,,4.9,,,,,,,,,,,,
2024-11-04,4.82,4.83,4.9,4.8,4.77,4.71,4.65,4.7,4.62,,4.81,4.78,,4.82,4.82
2024-11-05,4.82,4.83,4.9,4.8,,,4.46,4.65,4.62,4.58,4.8,4.78,,4.81,4.81
2024-11-06,4.81,4.83,4.9,4.8,4.62,4.65,,4.62,4.59,4.56,4.8,4.71,,4.81,4.81
2024-11-07,4.82,4.83,4.9,4.8,4.67,4.5,,4.65,4.59,,4.79,4.68,,4.82,4.82
2024-11-08,4.6,4.58,4.65,4.55,,,,4.57,4.56,,4.71,4.72,,4.57,4.57
2024-11-09,,,4.65,,,,,,,,,,,,
2024-11-10,,,4.65,,,,,,,,,,,,
2024-11-11,,,4.65,,,,,,,,,,,,
2024-11-12,4.6,4.58,4.65,4.55,,,4.48,4.57,4.57,,4.69,4.67,,4.58,4.58
2024-11-13,4.59,4.58,4.65,4.55,,4.62,,4.56,4.56,,4.7,4.67,4.79,4.58,4.58
2024-11-14,4.58,4.58,4.65,4.55,4.59,4.52,4.45,4.57,4.55,,4.7,4.7,4.69,4.57,4.57
2024-11-15,4.57,4.58,4.65,4.55,4.55,,4.47,4.58,,,4.68,4.68,4.69,4.56,4.56
2024-11-16,,,4.65,,,,,,,,,,,,
2024-11-17,,,4.65,,,,,,,,,,,,
2024-11-18,4.57,4.58,4.65,4.55,,4.45,,,,,4.68,4.64,,4.56,4.56
2024-11-19,4.57,4.58,4.65,4.55,,4.47,,,,,4.69,4.69,,4.56,4.56
2024-11-20,4.56,4.58,4.65,4.55,4.51,,,,,,4.72,4.73,4.82,4.56,4.56
2024-11-21,4.57,4.58,4.65,4.55,4.58,,4.56,,,,4.68,4.68,,4.56,4.56
2024-11-22,4.57,4.58,4.65,4.55,,,,,,,4.69,4.67,,4.56,4.56
2024-11-23,,,4.65,,,,,,,,,,,,
2024-11-24,,,4.65,,,,,,,,,,,,
2024-11-25,4.58,4.58,4.65,4.55,,4.45,4.46,,,,4.73,4.75,,4.57,4.57
2024-11-26,4.58,4.58,4.65,4.55,4.6,,4.55,,,,4.71,4.7,,4.57,4.57
2024-11-27,4.57,4.58,4.65,4.55,4.58,4.6,4.58,,,,4.76,4.71,,4.56,4.56
2024-11-28,,,4.65,,,,,,,,,,,,
2024-11-29,4.59,4.58,4.65,4.55,,,,,,,4.7,,,4.58,4.58
2024-11-30,,,4.65,,,,,,,,,,,,
2024-12-01,,,4.65,,,,,,,,,,,,
2024-12-02,4.64,4.58,4.65,4.55,,,,4.57,4.54,,4.68,4.65,,4.6,4.6
2024-12-03,4.64,4.58,4.65,4.55,,,,4.56,,,4.72,4.7,4.67,4.6,4.6
2024-12-04,4.59,4.58,4.65,4.55,4.58,,4.53,,,,4.72,4.73,4.74,4.58,4.58
2024-12-05,4.59,4.58,4.65,4.55,,4.54,4.51,4.57,,,4.73,4.74,4.74,4.57,4.57
2024-12-06,4.6,4.58,4.65,4.55,4.54,,4.47,4.57,,4.46,4.71,4.72,4.72,4.58,4.58
2024-12-07,,,4.65,,,,,,,,,,,,
2024-12-08,,,4.65,,,,,,,,,,,,
2024-12-09,4.63,4.58,4.65,4.55,4.55,4.52,4.49,,,4.43,4.72,4.61,,4.6,4.6
2024-12-10,4.64,4.58,4.65,4.55,4.5,4.5,4.5,4.49,,,4.67,4.62,,4.61,4.61
2024-12-11,4.62,4.58,4.65,4.55,,,4.43,,4.43,,4.68,4.66,,4.6,4.6
2024-12-12,4.62,4.58,4.65,4.55,,4.54,,4.49,4.43,4.39,4.68,4.66,,4.6,4.6
2024-12-13,4.6,4.58,4.65,4.55,,,4.5,4.51,4.46,4.42,4.68,4.62,,4.59,4.59
2024-12-14,,,4.65,,,,,,,,,,,,
2024-12-15,,,4.65,,,,,,,,,,,,
2024-12-16,4.65,4.58,4.65,4.55,,,4.48,,,,4.7,4.64,4.59,4.61,4.61
2024-12-17,4.62,4.58,4.65,4.55,,4.5,4.47,,,,4.71,4.67,4.64,4.59,4.59
2024-12-18,4.57,4.58,4.65,4.55,,,4.47,,,,4.74,4.64,,4.56,4.56
2024-12-19,4.3,4.33,4.4,4.25,,,4.39,4.36,,,4.63,4.62,,4.26,4.27
2024-12-20,4.3,4.33,4.4,4.25,,,,4.44,,,4.64,4.6,,4.28,4.28
2024-12-21,,,4.4,,,,,,,,,,,,
2024-12-22,,,4.4,,,,,,,,,,,,
2024-12-23,4.31,4.33,4.4,4.25,,4.36,4.37,4.43,,,4.66,4.65,,4.29,4.29
2024-12-24,4.4,4.33,4.4,4.25,,,,,,,,,,4.39,4.39
2024-12-25,,,4.4,,,,,,,,,,,,
2024-12-26,4.53,4.33,4.4,4.25,,,4.37,,,,4.57,4.66,,4.5,4.5
2024-12-27,4.46,4.33,4.4,4.25,4.36,,,,,,4.6,,,4.45,4.45
2024-12-28,,,4.4,,,,,,,,,,,,
2024-12-29,,,4.4,,,,,,,,,,,,
2024-12-30,4.37,4.33,4.4,4.25,,,,,,,4.55,4.56,,4.35,4.35
2024-12-31,4.49,4.33,4.4,4.25,,,,,,,4.58,4.62,,4.45,4.45
2025-01-01,,,4.4,,,,,,,,,,,,
2025-01-02,4.4,4.33,4.4,4.25,4.34,4.37,4.4,4.3,,,4.62,4.62,,4.36,4.36
2025-01-03,4.31,4.33,4.4,4.25,4.34,,4.38,4.34,,,4.55,,,4.29,4.29
2025-01-04,,,4.4,,,,,,,,,,,,
2025-01-05,,,4.4,,,,,,,,,,,,
2025-01-06,4.27,4.33,4.4,4.25,4.34,,4.35,,,,4.6,4.58,,4.26,4.26
2025-01-07,4.27,4.33,4.4,4.25,,,4.32,4.29,4.32,4.25,4.54,4.57,,4.26,4.26
2025-01-08,4.29,4.33,4.4,4.25,,,,4.32,4.29,,4.54,4.57,,4.27,4.27
2025-01-09,4.3,4.33,4.4,4.25,,4.32,4.32,4.32,,,4.51,4.56,,4.28,4.28
2025-01-10,4.3,4.33,4.4,4.25,,,4.27,4.3,4.27,4.23,4.55,4.52,,4.29,4.29
2025-01-11,,,4.4,,,,,,,,,,,,
2025-01-12,,,4.4,,,,,,,,,,,,
2025-01-13,4.29,4.33,4.4,4.25,,4.28,,4.33,,,4.56,4.5,,4.28,4.28
2025-01-14,4.28,4.33,4.4,4.25,,,,4.32,4.26,4.24,4.53,4.47,,4.27,4.27
2025-01-15,4.28,4.33,4.4,4.25,,,,4.32,4.29,,4.53,4.54,4.52,4.26,4.26
2025-01-16,4.29,4.33,4.4,4.25,,,4.33,,,,4.52,4.54,4.53,4.27,4.27
2025-01-17,4.29,4.33,4.4,4.25,,4.32,,4.33,,,4.53,4.51,,4.27,4.27
2025-01-18,,,4.4,,,,,,,,,,,,
2025-01-19,,,4.4,,,,,,,,,,,,
2025-01-20,,,4.4,,,,,,,,,,,,
2025-01-21,4.29,4.33,4.4,4.25,4.31,,4.31,4.33,,,4.54,4.57,4.6,4.27,4.27
2025-01-22,4.3,4.33,4.4,4.25,,,4.33,4.33,,,4.52,4.51,4.5,4.28,4.28
2025-01-23,4.35,4.33,4.4,4.25,,,4.29,,,,4.56,4.71,,4.34,4.34
2025-01-24,4.34,4.33,4.4,4.25,,,,4.33,,,4.53,4.53,,4.33,4.33
2025-01-25,,,4.4,,,,,,,,,,,,
2025-01-26,,,4.4,,,,,,,,,,,,
2025-01-27,4.34,4.33,4.4,4.25,,4.28,,,,,4.52,4.45,,4.32,4.32
2025-01-28,4.35,4.33,4.4,4.25,,4.3,,4.32,,,4.51,4.53,4.55,4.34,4.34
2025-01-29,4.35,4.33,4.4,4.25,,,4.27,4.3,,,4.5,4.49,,4.33,4.33
2025-01-30,4.36,4.33,4.4,4.25,,4.39,4.38,,,,4.49,4.52,4.57,4.34,4.34
2025-01-31,4.38,4.33,4.4,4.25,4.35,,,4.29,4.24,4.21,4.52,4.54,,4.34,4.34
2025-02-01,,,4.4,,,,,,,,,,,,
2025-02-02,,,4.4,,,,,,,,,,,,
2025-02-03,4.35,4.33,4.4,4.25,4.31,,4.35,,4.25,4.22,4.52,4.52,,4.33,4.33
2025-02-04,4.33,4.33,4.4,4.25,,4.34,4.35,,,,4.52,4.53,4.52,4.31,4.31
2025-02-05,4.33,4.33,4.4,4.25,,,4.26,4.3,,,4.52,4.52,,4.31,4.31
2025-02-06,4.36,4.33,4.4,4.25,,,,4.29,4.25,4.26,4.52,4.52,,4.34,4.34
2025-02-07,4.35,4.33,4.4,4.25,4.34,,4.38,4.32,4.31,4.3,4.53,4.49,,4.34,4.34
2025-02-08,,,4.4,,,,,,,,,,,,
2025-02-09,,,4.4,,,,,,,,,,,,
2025-02-10,4.35,4.33,4.4,4.25,,,,4.3,4.28,4.27,4.53,4.49,,4.33,4.33
2025-02-11,4.34,4.33,4.4,4.25,,,4.28,4.29,4.28,4.26,4.53,,,4.32,4.32
2025-02-12,4.32,4.33,4.4,4.25,,,4.38,4.32,4.27,4.25,4.53,4.52,,4.31,4.31
2025-02-13,4.33,4.33,4.4,4.25,,,,4.31,,,4.52,4.55,4.57,4.32,4.32
2025-02-14,4.33,4.33,4.4,4.25,,,4.39,4.32,4.28,,4.56,4.57,4.58,4.31,4.31
2025-02-15,,,4.4,,,,,,,,,,,,
2025-02-16,,,4.4,,,,,,,,,,,,
2025-02-17,,,4.4,,,,,,,,,,,,
2025-02-18,4.37,4.33,4.4,4.25,,,,4.31,,,4.53,4.54,,4.34,4.34
2025-02-19,4.35,4.33,4.4,4.25,4.3,,4.31,4.32,4.3,4.28,4.54,4.54,,4.33,4.33
2025-02-20,4.33,4.33,4.4,4.25,,,4.33,4.32,4.31,4.29,4.53,4.54,4.5,4.31,4.31
2025-02-21,4.34,4.33,4.4,4.25,,,,4.34,,,4.53,4.54,4.56,4.32,4.32
2025-02-22,,,4.4,,,,,,,,,,,,
2025-02-23,,,4.4,,,,,,,,,,,,
2025-02-24,4.34,4.33,4.4,4.25,,,,4.33,4.32,,4.52,4.56,4.6,4.32,4.32
2025-02-25,4.33,4.33,4.4,4.25,,4.29,,4.33,4.28,4.25,4.53,4.56,,4.31,4.31
2025-02-26,4.33,4.33,4.4,4.25,,,4.32,,4.29,4.28,4.53,4.55,,4.31,4.31
2025-02-27,4.36,4.33,4.4,4.25,4.34,,4.3,4.29,,,4.54,4.57,4.6,4.34,4.34
2025-02-28,4.39,4.33,4.4,4.25,4.35,,4.39,4.32,4.31,4.3,4.54,4.59,4.65,4.36,4.36
2025-03-01,,,4.4,,,,,,,,,,,,
2025-03-02,,,4.4,,,,,,,,,,,,
2025-03-03,4.33,4.33,4.4,4.25,4.34,,,4.33,4.31,4.29,4.53,4.54,4.55,4.31,4.31
2025-03-04,4.33,4.33,4.4,4.25,,,4.3,4.33,4.31,4.28,4.51,4.51,,4.32,4.32
2025-03-05,4.34,4.33,4.4,4.25,4.32,4.3,4.29,4.31,4.3,4.29,4.53,4.54,4.58,4.33,4.33
2025-03-06,4.35,4.33,4.4,4.25,,,4.27,4.32,4.31,4.29,4.53,4.54,4.55,4.34,4.34
2025-03-07,4.34,4.33,4.4,4.25,,,,4.33,4.3,,4.52,4.54,4.57,4.33,4.33
2025-03-08,,,4.4,,,,,,,,,,,,
2025-03-09,,,4.4,,,,,,,,,,,,
2025-03-10,4.33,4.33,4.4,4.25,,,,4.33,4.32,4.3,4.5,4.52,,4.32,4.32
2025-03-11,4.32,4.33,4.4,4.25,,4.28,4.27,4.31,4.28,4.25,4.51,4.52,,4.31,4.31
2025-03-12,4.31,4.33,4.4,4.25,,,4.27,4.32,4.29,4.26,4.54,4.54,4.52,4.3,4.3
2025-03-13,4.3,4.33,4.4,4.25,,,4.28,4.32,4.28,4.25,4.53,4.55,,4.29,4.29
2025-03-14,4.3,4.33,4.4,4.25,,4.33,4.33,4.33,4.33,,4.57,4.52,,4.29,4.29
2025-03-15,,,4.4,,,,,,,,,,,,
2025-03-16,,,4.4,,,,,,,,,,,,
2025-03-17,4.32,4.33,4.4,4.25,,,4.27,4.33,4.29,4.26,4.63,4.61,,4.31,4.31
2025-03-18,4.31,4.33,4.4,4.25,,,,4.32,4.3,,4.65,4.59,4.54,4.3,4.3
2025-03-19,4.29,4.33,4.4,4.25,,,4.27,4.32,4.32,,4.64,4.57,,4.28,4.28
2025-03-20,4.29,4.33,4.4,4.25,,,,4.15,4.28,4.33,4.66,4.64,4.63,4.28,4.28
2025-03-21,4.3,4.33,4.4,4.25,,,,4.32,4.3,4.28,4.61,4.58,4.55,4.29,4.29
2025-03-22,,,4.4,,,,,,,,,,,,
2025-03-23,,,4.4,,,,,,,,,,,,
2025-03-24,4.31,4.33,4.4,4.25,,,4.3,4.31,4.32,4.31,4.61,4.53,,4.3,4.3
2025-03-25,4.33,4.33,4.4,4.25,,4.34,4.35,4.31,4.35,,4.64,4.63,4.59,4.31,4.31
2025-03-26,4.35,4.33,4.4,4.25,,,,4.42,4.34,4.27,4.59,4.57,,4.34,4.34
2025-03-27,4.36,4.33,4.4,4.25,,,4.28,4.31,,,4.57,,,4.34,4.34
2025-03-28,4.34,4.33,4.4,4.25,,,4.3,4.3,,,4.56,4.59,,4.33,4.33
2025-03-29,,,4.4,,,,,,,,,,,,
2025-03-30,,,4.4,,,,,,,,,,,,
2025-03-31,4.41,4.33,4.4,4.25,,,,,,4.32,4.54,,,4.36,4.36
2025-04-01,4.39,4.33,4.4,4.25,,4.28,4.26,4.31,4.32,,4.54,4.61,,4.35,4.35
2025-04-02,4.37,4.33,4.4,4.25,4.34,,4.3,4.31,4.28,4.24,4.59,4.57,,4.34,4.34
2025-04-03,4.39,4.33,4.4,4.25,,,4.3,4.31,4.28,4.26,4.51,4.55,,4.36,4.37
2025-04-04,4.35,4.33,4.4,4.25,4.3,,4.32,4.31,4.32,4.3,4.52,4.5,,4.33,4.33
2025-04-05,,,4.4,,,,,,,,,,,,
2025-04-06,,,4.4,,,,,,,,,,,,
2025-04-07,4.33,4.33,4.4,4.25,,,,4.32,4.31,,4.52,4.57,4.55,4.31,4.31
2025-04-08,4.4,4.33,4.4,4.25,,,,4.33,4.32,,4.52,4.53,4.55,4.37,4.37
2025-04-09,4.42,4.33,4.4,4.25,4.34,4.34,4.29,4.35,4.33,4.33,4.53,4.62,,4.4,4.4
2025-04-10,4.37,4.33,4.4,4.25,,,4.35,4.34,4.35,4.32,4.61,4.59,4.54,4.36,4.36
2025-04-11,4.33,4.33,4.4,4.25,,,4.35,4.34,4.36,4.38,4.63,4.66,4.69,4.32,4.32
2025-04-12,,,4.4,,,,,,,,,,,,
2025-04-13,,,4.4,,,,,,,,,,,,
2025-04-14,4.33,4.33,4.4,4.25,,,,4.4,4.4,4.34,4.63,4.61,4.58,4.33,4.33
2025-04-15,4.36,4.33,4.4,4.25,4.35,4.37,4.39,4.4,4.4,4.4,4.67,4.69,4.72,4.35,4.35
2025-04-16,4.31,4.33,4.4,4.25,,,,4.4,4.4,,4.71,4.69,4.68,4.3,4.3
2025-04-17,4.32,4.33,4.4,4.25,,4.33,,4.39,4.39,4.4,4.7,4.66,4.61,4.31,4.31
2025-04-18,,4.33,4.4,,,,,,,,,,,,
2025-04-19,,,4.4,,,,,,,,,,,,
2025-04-20,,,4.4,,,,,,,,,,,,
2025-04-21,4.32,4.33,4.4,4.25,,4.33,4.34,4.38,,,4.75,4.7,,4.32,4.32
2025-04-22,4.3,4.33,4.4,4.25,4.28,,4.19,4.34,4.35,4.35,4.66,4.69,4.71,4.29,4.29
2025-04-23,4.28,4.33,4.4,4.25,,,4.26,4.32,4.32,4.31,4.66,4.64,4.64,4.27,4.27
2025-04-24,4.29,4.33,4.4,4.25,,,,4.31,4.3,4.25,4.71,4.7,4.68,4.28,4.28
2025-04-25,4.33,4.33,4.4,4.25,,,4.37,4.36,4.31,4.24,4.67,4.69,,4.32,4.32
2025-04-26,,,4.4,,,,,,,,,,,,
2025-04-27,,,4.4,,,,,,,,,,,,
2025-04-28,4.36,4.33,4.4,4.25,,,,,,,4.64,4.7,,4.35,4.35
2025-04-29,4.36,4.33,4.4,4.25,,,4.38,4.33,,,4.68,4.62,,4.35,4.35
2025-04-30,4.41,4.33,4.4,4.25,,,,,4.31,4.29,4.62,,,4.37,4.37
2025-05-01,4.39,4.33,4.4,4.25,,,4.27,4.25,,,4.64,4.9,5.18,4.35,4.35
2025-05-02,4.36,4.33,4.4,4.25,4.32,,4.31,4.34,,,4.64,,,4.33,4.33
2025-05-03,,,4.4,,,,,,,,,,,,
2025-05-04,,,4.4,,,,,,,,,,,,
2025-05-05,4.33,4.33,4.4,4.25,,,4.28,4.34,4.33,,4.65,4.61,4.56,4.31,4.31
2025-05-06,4.32,4.33,4.4,4.25,,,,4.34,4.34,4.33,4.64,,,4.31,4.31
2025-05-07,4.3,4.33,4.4,4.25,,,4.29,4.34,4.28,4.26,4.61,4.57,4.53,4.29,4.29
2025-05-08,4.29,4.33,4.4,4.25,4.32,4.29,4.26,4.31,4.3,4.29,4.62,4.63,4.57,4.28,4.28
2025-05-09,4.28,4.33,4.4,4.25,4.34,,,4.33,4.31,4.29,4.66,4.59,4.52,4.27,4.27
2025-05-10,,,4.4,,,,,,,,,,,,
2025-05-11,,,4.4,,,,,,,,,,,,
2025-05-12,4.28,4.33,4.4,4.25,,,4.24,4.32,,,4.59,4.66,,4.27,4.27
2025-05-13,4.3,4.33,4.4,4.25,,,,4.3,4.3,4.3,4.57,4.64,4.63,4.29,4.29
2025-05-14,4.29,4.33,4.4,4.25,,4.28,4.25,4.33,4.3,4.28,4.6,4.62,4.58,4.28,4.28
2025-05-15,4.31,4.33,4.4,4.25,,4.32,,4.32,,,4.62,4.61,4.55,4.3,4.3
2025-05-16,4.3,4.33,4.4,4.25,4.31,,,4.32,4.32,,4.61,4.56,4.45,4.29,4.29
2025-05-17,,,4.4,,,,,,,,,,,,
2025-05-18,,,4.4,,,,,,,,,,,,
2025-05-19,4.29,4.33,4.4,4.25,,,4.28,4.33,4.33,4.34,4.58,4.58,,4.28,4.28
2025-05-20,4.27,4.33,4.4,4.25,,,,4.32,4.33,4.33,4.62,4.63,4.66,4.26,4.26
2025-05-21,4.26,4.33,4.4,4.25,4.33,4.31,4.29,4.31,4.32,4.33,4.59,4.61,,4.26,4.26
2025-05-22,4.26,4.33,4.4,4.25,4.35,,4.36,4.31,4.33,4.3,4.58,4.57,,4.26,4.26
2025-05-23,4.26,4.33,4.4,4.25,,,,4.3,,,4.59,4.66,4.72,4.26,4.26
2025-05-24,,,4.4,,,,,,,,,,,,
2025-05-25,,,4.4,,,,,,,,,,,,
2025-05-26,,,4.4,,,,,,,,,,,,
2025-05-27,4.31,4.33,4.4,4.25,,,,4.3,4.3,4.3,4.57,4.58,,4.3,4.3
2025-05-28,4.33,4.33,4.4,4.25,,,4.3,4.33,,,4.59,4.6,,4.32,4.32
2025-05-29,4.33,4.33,4.4,4.25,,,4.34,,,,4.59,4.61,4.62,4.32,4.32
2025-05-30,4.35,4.33,4.4,4.25,,,4.31,4.34,,,4.59,4.59,,4.34,4.34
2025-05-31,,,4.4,,,,,,,,,,,,
2025-06-01,,,4.4,,,,,,,,,,,,
2025-06-02,4.35,4.33,4.4,4.25,4.32,,4.32,,,,4.58,4.65,,4.32,4.32
2025-06-03,4.32,4.33,4.4,4.25,,,,4.3,,,4.58,4.57,4.54,4.3,4.3
2025-06-04,4.28,4.33,4.4,4.25,4.29,,,4.31,,,4.57,4.61,,4.27,4.27
2025-06-05,4.29,4.33,4.4,4.25,,,,4.34,,4.32,4.6,4.59,4.57,4.27,4.27
2025-06-06,4.29,4.33,4.4,4.25,4.31,,,,,,4.58,4.6,,4.27,4.27
2025-06-07,,,4.4,,,,,,,,,,,,
2025-06-08,,,4.4,,,,,,,,,,,,
2025-06-09,4.29,4.33,4.4,4.25,,,,4.34,4.33,4.32,4.61,4.62,,4.27,4.27
2025-06-10,4.28,4.33,4.4,4.25,,,4.29,4.33,4.34,4.33,4.57,4.57,4.54,4.27,4.27
2025-06-11,4.28,4.33,4.4,4.25,,,4.31,4.33,,4.28,4.58,4.58,,4.27,4.27
2025-06-12,4.28,4.33,4.4,4.25,,,4.27,4.32,,4.31,4.6,4.57,,4.27,4.27
2025-06-13,4.28,4.33,4.4,4.25,,,4.34,4.32,,,4.62,4.57,,4.27,4.27
2025-06-14,,,4.4,,,,,,,,,,,,
2025-06-15,,,4.4,,,,,,,,,,,,
2025-06-16,4.32,4.33,4.4,4.25,,,,4.33,4.33,4.32,4.59,4.57,,4.3,4.3
2025-06-17,4.31,4.33,4.4,4.25,,,4.28,4.34,4.31,4.32,4.62,4.57,4.51,4.29,4.29
2025-06-18,4.28,4.33,4.4,4.25,,,4.32,4.32,4.28,,4.61,4.6,,4.27,4.27
2025-06-19,,,4.4,,,,,,,,,,,,
2025-06-20,4.29,4.33,4.4,4.25,,,,4.31,4.27,,4.59,4.59,4.59,4.27,4.27
2025-06-21,,,4.4,,,,,,,,,,,,
2025-06-22,,,4.4,,,,,,,,,,,,
2025-06-23,4.29,4.33,4.4,4.25,,,,4.33,4.33,4.34,4.58,4.58,,4.27,4.27
2025-06-24,4.3,4.33,4.4,4.25,,,,4.31,4.31,4.31,4.6,,,4.28,4.28
2025-06-25,4.36,4.33,4.4,4.25,,,,4.3,,,4.57,4.62,,4.33,4.33
2025-06-26,4.4,4.33,4.4,4.25,,4.36,4.32,4.33,,,4.56,4.58,,4.38,4.38
2025-06-27,4.39,4.33,4.4,4.25,,,,4.31,,,4.57,,,4.37,4.37
2025-06-28,,,4.4,,,,,,,,,,,,
2025-06-29,,,4.4,,,,,,,,,,,,
2025-06-30,4.45,4.33,4.4,4.25,,,,4.31,,,4.57,,,4.39,4.39
2025-07-01,4.44,4.33,4.4,4.25,4.33,4.34,4.35,4.27,4.29,4.31,4.59,4.61,4.68,4.39,4.39
2025-07-02,4.4,4.33,4.4,4.25,4.32,4.31,4.29,4.31,4.32,4.32,4.59,4.62,,4.37,4.37
2025-07-03,4.35,4.33,4.4,4.25,4.31,,4.29,,,,4.56,4.59,,4.32,4.32
2025-07-04,,,4.4,,,,,,,,,,,,
2025-07-05,,,4.4,,,,,,,,,,,,
2025-07-06,,,4.4,,,,,,,,,,,,
2025-07-07,4.33,4.33,4.4,4.25,4.31,,4.29,4.31,,,4.57,4.53,4.48,4.31,4.31
2025-07-08,4.34,4.33,4.4,4.25,4.31,4.29,4.27,4.31,4.29,4.26,4.56,4.62,,4.32,4.32
2025-07-09,4.32,4.33,4.4,4.25,,4.29,4.28,4.32,4.3,,4.55,4.57,,4.31,4.31
2025-07-10,4.31,4.33,4.4,4.25,,4.29,4.27,4.32,4.31,,4.55,4.55,,4.3,4.3
2025-07-11,4.31,4.33,4.4,4.25,,4.33,,4.3,4.27,,4.58,,,4.3,4.3
2025-07-12,,,4.4,,,,,,,,,,,,
2025-07-13,,,4.4,,,,,,,,,,,,
2025-07-14,4.33,4.33,4.4,4.25,4.29,4.26,,4.31,4.29,,4.55,4.53,4.51,4.32,4.32
2025-07-15,4.37,4.33,4.4,4.25,,,4.28,4.3,4.3,4.31,4.56,4.63,,4.36,4.36
2025-07-16,4.34,4.33,4.4,4.25,4.33,4.33,4.33,4.29,4.3,4.29,4.61,4.63,,4.33,4.33
2025-07-17,4.34,4.33,4.4,4.25,,,,4.29,4.28,,4.55,4.55,4.55,4.33,4.33
2025-07-18,4.3,4.33,4.4,4.25,,,,4.33,,4.29,4.59,4.56,,4.29,4.29
2025-07-19,,,4.4,,,,,,,,,,,,
2025-07-20,,,4.4,,,,,,,,,,,,
2025-07-21,4.28,4.33,4.4,4.25,,4.31,,,4.32,4.32,4.59,4.57,4.62,4.27,4.27
2025-07-22,4.28,4.33,4.4,4.25,4.33,,,4.3,4.28,4.31,4.57,4.56,,4.27,4.27
2025-07-23,4.28,4.33,4.4,4.25,4.3,4.27,4.25,4.31,4.31,4.31,4.56,4.55,4.55,4.27,4.27
2025-07-24,4.3,4.33,4.4,4.25,4.3,4.28,4.26,4.29,4.27,4.3,4.55,4.55,4.54,4.29,4.29
2025-07-25,4.36,4.33,4.4,4.25,,,4.26,4.3,4.3,4.31,4.54,4.57,4.64,4.35,4.35
2025-07-26,,,4.4,,,,,,,,,,,,
2025-07-27,,,4.4,,,,,,,,,,,,
2025-07-28,4.36,4.33,4.4,4.25,,,4.26,,,,4.56,4.59,4.62,4.35,4.35
2025-07-29,4.36,4.33,4.4,4.25,4.34,4.33,4.32,4.31,4.29,4.26,4.55,4.58,4.61,4.34,4.34
2025-07-30,4.32,4.33,4.4,4.25,4.29,4.25,,4.28,4.27,,4.56,4.66,4.64,4.31,4.31
2025-07-31,4.39,4.33,4.4,4.25,4.32,4.29,4.25,,4.3,,4.59,4.59,4.58,4.36,4.36
2025-08-01,4.34,4.33,4.4,4.25,4.34,,,,,,4.56,4.57,4.59,4.32,4.32
2025-08-02,,,4.4,,,,,,,,,,,,
2025-08-03,,,4.4,,,,,,,,,,,,
2025-08-04,4.33,4.33,4.4,4.25,,,4.26,4.28,,,4.55,4.56,4.58,4.31,4.31
2025-08-05,4.34,4.33,4.4,4.25,,,,,,,4.52,4.54,4.52,4.33,4.33
2025-08-06,4.34,4.33,4.4,4.25,4.32,,,4.3,,,4.53,4.54,4.55,4.32,4.32
2025-08-07,4.35,4.33,4.4,4.25,,4.27,4.24,4.27,4.29,,4.5,4.5,4.55,4.33,4.33
2025-08-08,4.35,4.33,4.4,4.25,,,4.21,4.29,4.27,,4.51,4.54,4.56,4.33,4.33
2025-08-09,,,4.4,,,,,,,,,,,,
2025-08-10,,,4.4,,,,,,,,,,,,
2025-08-11,4.34,4.33,4.4,4.25,,,4.23,4.33,4.32,,4.51,4.56,4.65,4.33,4.33
2025-08-12,4.36,4.33,4.4,4.25,,4.23,4.2,4.32,4.31,,4.52,4.53,4.54,4.34,4.34
2025-08-13,4.33,4.33,4.4,4.25,,,4.18,4.27,4.22,,4.5,4.47,4.53,4.32,4.32
2025-08-14,4.34,4.33,4.4,4.25,,,4.22,4.32,4.21,,4.53,4.54,4.6,4.32,4.32
2025-08-15,4.36,4.33,4.4,4.25,,,,4.3,4.3,4.3,4.53,4.53,4.53,4.34,4.34
2025-08-16,,,4.4,,,,,,,,,,,,
2025-08-17,,,4.4,,,,,,,,,,,,
2025-08-18,4.34,4.33,4.4,4.25,,,4.23,4.28,,,4.53,4.52,4.52,4.33,4.33
2025-08-19,4.33,4.33,4.4,4.25,,,4.23,4.26,,,4.53,4.57,,4.31,4.31
2025-08-20,4.31,4.33,4.4,4.25,,,,4.27,4.22,,4.52,4.54,4.55,4.3,4.3
2025-08-21,4.32,4.33,4.4,4.25,4.26,,,,4.21,4.15,4.51,4.53,4.55,4.31,4.31
2025-08-22,4.36,4.33,4.4,4.25,,,,,4.23,,4.51,4.52,,4.35,4.35
2025-08-23,,,4.4,,,,,,,,,,,,
2025-08-24,,,4.4,,,,,,,,,,,,
2025-08-25,4.37,4.33,4.4,4.25,,,,4.28,4.21,,4.5,4.49,,4.35,4.35
2025-08-26,4.38,4.33,4.4,4.25,,,,4.28,4.22,4.15,4.51,4.5,,4.37,4.37
2025-08-27,4.36,4.33,4.4,4.25,,,,4.26,,,4.5,4.47,,4.35,4.35
2025-08-28,4.34,4.33,4.4,4.25,,,,4.23,,,4.55,4.46,4.49,4.33,4.33
2025-08-29,4.34,4.33,4.4,4.25,,,,,4.2,,4.51,4.52,4.53,4.33,4.33
2025-08-30,,,4.4,,,,,,,,,,,,
2025-08-31,,,4.4,,,,,,,,,,,,
2025-09-01,,,4.4,,,,,,,,,,,,
2025-09-02,4.39,4.33,4.4,4.25,4.27,,4.16,,,,4.47,4.45,4.42,4.36,4.36
2025-09-03,4.39,4.33,4.4,4.25,,,4.2,4.26,,,4.48,4.46,4.42,4.36,4.36
2025-09-04,4.41,4.33,4.4,4.25,,,4.22,4.26,,,4.46,4.46,4.43,4.38,4.38
2025-09-05,4.42,4.33,4.4,4.25,4.28,,4.19,4.24,4.19,4.17,4.46,4.42,4.39,4.4,4.4
2025-09-06,,,4.4,,,,,,,,,,,,
2025-09-07,,,4.4,,,,,,,,,,,,
2025-09-08,4.4,4.33,4.4,4.25,,,4.14,4.3,4.15,4.18,4.44,4.37,4.31,4.39,4.39
2025-09-09,4.4,4.33,4.4,4.25,,,,4.18,4.13,3.99,4.42,4.34,,4.38,4.38
2025-09-10,4.39,4.33,4.4,4.25,,,4.08,4.22,4.11,3.99,4.38,4.34,4.35,4.37,4.37
2025-09-11,4.41,4.33,4.4,4.25,,,3.99,4.15,4.1,,4.4,4.38,4.37,4.38,4.38
2025-09-12,4.42,4.33,4.4,4.25,,,4.05,4.13,4.07,3.96,4.37,4.35,,4.4,4.4
2025-09-13,,,4.4,,,,,,,,,,,,
2025-09-14,,,4.4,,,,,,,,,,,,
2025-09-15,4.51,4.33,4.4,4.25,,,4.07,4.14,4.12,4.07,4.35,4.3,4.3,4.5,4.5
2025-09-16,4.39,4.33,4.4,4.25,4.05,4.07,,4.08,4.03,3.97,4.34,4.3,4.27,4.36,4.36
2025-09-17,4.38,4.33,4.4,4.25,,,3.97,4.05,4.0,3.94,4.29,4.32,4.28,4.35,4.35
2025-09-18,4.14,4.08,4.15,4.0,4.06,,,4.09,3.99,3.92,4.26,4.23,4.24,4.11,4.11
2025-09-19,4.14,4.08,4.15,4.0,4.15,4.12,,4.09,4.04,,4.26,4.26,4.23,4.11,4.11
2025-09-20,,,4.15,,,,,,,,,,,,
2025-09-21,,,4.15,,,,,,,,,,,,
2025-09-22,4.14,4.09,4.15,4.0,,,4.06,4.09,,,4.28,4.28,,4.11,4.11
2025-09-23,4.12,4.09,4.15,4.0,,4.03,,4.02,3.88,,4.25,4.27,,4.09,4.09
2025-09-24,4.13,4.09,4.15,4.0,4.1,,,4.08,4.03,,4.25,4.26,4.23,4.12,4.12
2025-09-25,4.18,4.09,4.15,4.0,4.08,,,4.08,3.98,,4.28,4.28,,4.17,4.17
2025-09-26,4.16,4.09,4.15,4.0,,,,4.03,3.99,3.89,4.25,4.2,4.14,4.14,4.14
2025-09-27,,,4.15,,,,,,,,,,,,
2025-09-28,,,4.15,,,,,,,,,,,,
2025-09-29,4.13,4.09,4.15,4.0,,4.1,,4.03,3.98,,4.3,4.24,,4.12,4.12
2025-09-30,4.24,4.09,4.15,4.0,,,,4.06,,,4.27,4.2,,4.2,4.2
2025-10-01,4.2,4.09,4.15,4.0,4.08,4.06,4.05,4.06,4.01,3.97,4.22,4.21,,4.16,4.16
2025-10-02,4.2,4.09,4.15,4.0,,,,4.07,4.01,3.96,4.23,4.21,,4.17,4.17
2025-10-03,4.18,4.09,4.15,4.0,4.08,,4.02,4.03,,,4.2,4.19,4.16,4.16,4.16
2025-10-04,,,4.15,,,,,,,,,,,,
2025-10-05,,,4.15,,,,,,,,,,,,
2025-10-06,4.15,4.09,4.15,4.0,4.05,,4.0,4.04,,3.85,4.21,4.18,4.13,4.13,4.13
2025-10-07,4.14,4.09,4.15,4.0,,3.95,,,,,4.21,4.17,4.12,4.12,4.12
2025-10-08,4.12,4.1,4.15,4.0,4.08,4.06,4.04,4.0,,,4.21,4.19,4.17,4.09,4.09
2025-10-09,4.13,4.1,4.15,4.0,4.05,,3.95,4.06,3.94,,4.19,4.14,,4.1,4.1
2025-10-10,4.15,4.1,4.15,4.0,,,,4.04,3.93,,4.18,4.13,4.08,4.12,4.12
2025-10-11,,,4.15,,,,,,,,,,,,
2025-10-12,,,4.15,,,,,,,,,,,,
2025-10-13,,,4.15,,,,,,,,,,,,
2025-10-14,4.19,4.1,4.15,4.0,,,3.94,4.04,3.94,,4.19,4.13,4.11,4.16,4.16
2025-10-15,4.29,4.1,4.15,4.0,,,3.97,4.04,,,4.21,4.13,,4.25,4.25
2025-10-16,4.3,4.11,4.15,4.0,,3.98,3.91,4.02,,,4.18,4.13,4.08,4.25,4.25
2025-10-17,4.18,4.11,4.15,4.0,,,,4.01,,,4.2,4.12,,4.16,4.16
2025-10-18,,,4.15,,,,,,,,,,,,
2025-10-19,,,4.15,,,,,,,,,,,,
2025-10-20,4.16,4.11,4.15,4.0,4.01,,,4.0,3.95,3.9,4.19,4.11,,4.12,4.12
2025-10-21,4.23,4.11,4.15,4.0,4.05,,,3.98,3.93,3.9,4.19,4.11,,4.21,4.21
2025-10-22,4.21,4.11,4.15,4.0,3.99,,3.93,4.0,3.94,3.91,4.18,4.11,,4.18,4.18
2025-10-23,4.24,4.11,4.15,4.0,,,,4.01,3.9,3.88,4.17,4.12,,4.21,4.21
2025-10-24,4.24,4.11,4.15,4.0,,,,4.0,3.95,3.91,4.16,4.1,4.04,4.21,4.21
2025-10-25,,,4.15,,,,,,,,,,,,
2025-10-26,,,4.15,,,,,,,,,,,,
2025-10-27,4.27,4.12,4.15,4.0,,,,3.98,3.93,3.88,4.18,4.15,4.12,4.24,4.24
2025-10-28,4.31,4.12,4.15,4.0,,,,3.96,3.92,3.88,4.15,4.13,4.11,4.28,4.28
2025-10-29,4.27,4.12,4.15,4.0,,,,,,3.88,4.18,4.1,4.1,4.24,4.24
2025-10-30,4.04,3.87,3.9,3.75,3.93,,,3.91,,3.86,4.07,4.06,,3.99,3.99
2025-10-31,4.22,3.86,3.9,3.75,3.96,3.87,,,,3.87,4.09,3.99,,4.15,4.15
2025-11-01,,,3.9,,,,,,,,,,,,
2025-11-02,,,3.9,,,,,,,,,,,,
2025-11-03,4.13,3.87,3.9,3.75,,,3.86,3.93,,,4.05,4.0,,4.09,4.09
2025-11-04,4.0,3.87,3.9,3.75,,,,3.91,,,4.11,4.09,4.06,3.98,3.98
2025-11-05,3.91,3.87,3.9,3.75,3.9,,,3.92,,,4.11,4.1,4.1,3.88,3.88
2025-11-06,3.92,3.87,3.9,3.75,3.87,3.86,3.85,3.91,,,4.09,4.07,4.04,3.89,3.89
2025-11-07,3.93,3.87,3.9,3.75,3.87,,3.86,3.91,,,4.07,4.02,,3.89,3.89
2025-11-08,,,3.9,,,,,,,,,,,,
2025-11-09,,,3.9,,,,,,,,,,,,
2025-11-10,3.95,3.87,3.9,3.75,,,,3.9,,,4.08,4.08,4.06,3.93,3.93
2025-11-11,,,3.9,,,,,,,,,,,,
2025-11-12,3.98,3.87,3.9,3.75,,,,3.91,3.89,,4.07,4.03,3.99,3.95,3.95
2025-11-13,4.0,3.88,3.9,3.75,3.86,3.84,3.82,3.83,,,4.11,4.12,3.93,3.97,3.97
2025-11-14,3.95,3.88,3.9,3.75,,,,3.88,3.95,,4.12,4.14,4.01,3.92,3.92
2025-11-15,,,3.9,,,,,,,,,,,,
2025-11-16,,,3.9,,,,,,,,,,,,
2025-11-17,4.0,3.88,3.9,3.75,,,3.88,3.91,,,4.13,4.11,4.09,3.96,3.96
2025-11-18,3.94,3.88,3.9,3.75,3.89,3.9,3.9,3.91,,,4.1,4.1,4.1,3.9,3.9
2025-11-19,3.91,3.88,3.9,3.75,3.89,,3.91,3.85,,,4.1,4.07,4.02,3.87,3.87
2025-11-20,3.91,3.88,3.9,3.75,,,3.83,3.89,,,4.13,4.12,4.03,3.86,3.86
2025-11-21,3.93,3.88,3.9,3.75,,,3.88,3.87,,,4.17,4.24,4.14,3.9,3.9
2025-11-22,,,3.9,,,,,,,,,,,,
2025-11-23,,,3.9,,,,,,,,,,,,
2025-11-24,3.96,3.88,3.9,3.75,,3.83,3.8,3.87,3.94,,4.14,4.06,,3.93,3.93
2025-11-25,4.01,3.88,3.9,3.75,,,3.9,3.88,3.93,,4.1,4.08,4.03,3.97,3.97
2025-11-26,4.05,3.88,3.9,3.75,,,3.85,,,,4.14,4.09,4.02,4.02,4.02
2025-11-27,,,3.9,,,,,,,,,,,,
2025-11-28,4.12,3.89,3.9,3.75,,,,,,,4.1,4.07,,4.08,4.08
2025-11-29,,,3.9,,,,,,,,,,,,
2025-11-30,,,3.9,,,,,,,,,,,,
2025-12-01,4.12,3.89,3.9,3.75,3.91,,,3.84,3.77,,4.08,4.07,,4.07,4.07
2025-12-02,4.01,3.89,3.9,3.75,3.89,,3.89,3.87,3.83,,4.11,4.11,4.13,3.96,3.96
2025-12-03,3.95,3.89,3.9,3.75,,,3.84,3.85,3.69,,4.08,4.06,4.03,3.9,3.9
2025-12-04,3.92,3.89,3.9,3.75,3.79,3.7,3.79,3.9,,,4.09,4.03,,3.87,3.87
2025-12-05,3.93,3.89,3.9,3.75,3.7,,3.72,,3.81,,4.07,4.06,4.03,3.9,3.9
2025-12-06,,,3.9,,,,,,,,,,,,
2025-12-07,,,3.9,,,,,,,,,,,,
2025-12-08,3.95,3.89,3.9,3.75,3.73,3.74,3.75,3.86,3.81,,4.06,4.02,3.99,3.93,3.93
2025-12-09,3.93,3.89,3.9,3.75,3.66,,3.68,3.78,3.76,,4.03,3.99,,3.9,3.9
2025-12-10,3.9,3.89,3.9,3.75,,,3.72,3.73,3.69,3.65,4.02,3.94,,3.87,3.87
2025-12-11,3.66,3.64,3.65,3.5,,,,3.64,,,3.9,3.9,,3.62,3.62
2025-12-12,3.67,3.64,3.65,3.5,,,,3.68,,,3.91,3.88,,3.65,3.65
2025-12-13,,,3.65,,,,,,,,,,,,
2025-12-14,,,3.65,,,,,,,,,,,,
2025-12-15,3.75,3.64,3.65,3.5,,,,3.66,3.7,,3.9,3.92,,3.73,3.73
2025-12-16,3.69,3.64,3.65,3.5,,,3.81,3.64,3.61,,3.89,3.89,3.92,3.64,3.64
2025-12-17,3.69,3.64,3.65,3.5,,,3.59,3.65,3.66,,3.89,3.87,3.96,3.66,3.66
2025-12-18,3.66,3.64,3.65,3.5,3.66,,3.7,3.64,3.71,,3.9,3.87,3.95,3.63,3.63
2025-12-19,3.66,3.64,3.65,3.5,,3.75,,3.66,3.6,,3.9,3.9,3.9,3.63,3.63
2025-12-20,,,3.65,,,,,,,,,,,,
2025-12-21,,,3.65,,,,,,,,,,,,
2025-12-22,3.68,3.64,3.65,3.5,,,,,,,3.9,3.94,3.98,3.66,3.66
2025-12-23,3.66,3.64,3.65,3.5,,,3.66,3.67,,,3.9,3.93,4.02,3.64,3.64
2025-12-24,3.66,3.64,3.65,3.5,,,,,,,3.89,,,3.64,3.64
2025-12-25,,,3.65,,,,,,,,,,,,
2025-12-26,3.76,3.64,3.65,3.5,,,,3.64,,,3.85,,,3.74,3.74
2025-12-27,,,3.65,,,,,,,,,,,,
2025-12-28,,,3.65,,,,,,,,,,,,
2025-12-29,3.77,3.64,3.65,3.5,,,,,,,3.9,3.9,3.89,3.75,3.75
2025-12-30,3.71,3.64,3.65,3.5,,,3.7,3.69,,,3.86,3.93,4.0,3.69,3.69
2025-12-31,3.87,3.64,3.65,3.5,,,,,,,3.85,3.9,3.95,3.82,3.82
2026-01-01,,,3.65,,,,,,,,,,,,
2026-01-02,3.75,3.64,3.65,3.5,,,,3.67,,,3.86,3.93,,3.7,3.7
2026-01-03,,,3.65,,,,,,,,,,,,
2026-01-04,,,3.65,,,,,,,,,,,,
2026-01-05,3.7,3.64,3.65,3.5,3.68,,,3.63,,,3.85,3.88,3.98,3.66,3.66
2026-01-06,3.66,3.64,3.65,3.5,3.64,,3.66,3.64,3.65,,3.86,3.86,3.9,3.62,3.62
2026-01-07,3.65,3.64,3.65,3.5,,,3.64,3.62,,,3.84,3.85,3.92,3.62,3.62
2026-01-08,3.64,3.64,3.65,3.5,,,,3.62,,,3.83,3.85,3.94,3.61,3.61
2026-01-09,3.64,3.64,3.65,3.5,3.68,,,3.58,3.58,,3.82,3.81,3.96,3.61,3.61
2026-01-10,,,3.65,,,,,,,,,,,,
2026-01-11,,,3.65,,,,,,,,,,,,
2026-01-12,3.64,3.64,3.65,3.5,,3.6,,3.58,3.53,,3.88,3.9,3.93,3.62,3.62
2026-01-13,3.65,3.64,3.65,3.5,,3.6,3.58,3.66,,,3.84,3.92,4.0,3.63,3.63
2026-01-14,3.64,3.64,3.65,3.5,3.62,,,3.62,3.57,,3.83,3.78,3.95,3.62,3.62
2026-01-15,3.66,3.64,3.65,3.5,,3.65,3.67,3.64,3.6,,3.82,3.83,4.1,3.63,3.63
2026-01-16,3.65,3.64,3.65,3.5,,,,3.58,3.61,,3.83,3.88,4.09,3.62,3.62
2026-01-17,,,3.65,,,,,,,,,,,,
2026-01-18,,,3.65,,,,,,,,,,,,
2026-01-19,,,3.65,,,,,,,,,,,,
2026-01-20,3.64,3.64,3.65,3.5,,,,3.63,3.62,3.62,3.85,4.0,4.25,3.61,3.61
2026-01-21,3.63,3.64,3.65,3.5,,,3.58,,,,3.85,3.92,3.99,3.61,3.61
2026-01-22,3.64,3.64,3.65,3.5,,,3.67,3.61,,3.62,3.82,3.83,3.79,3.62,3.62
2026-01-23,3.65,3.64,3.65,3.5,,,,3.6,,3.62,3.83,3.9,3.99,3.64,3.64
2026-01-24,,,3.65,,,,,,,,,,,,
2026-01-25,,,3.65,,,,,,,,,,,,
2026-01-26,3.66,3.64,3.65,3.5,,,3.57,3.62,3.62,,3.84,3.86,3.8,3.65,3.65
2026-01-27,3.66,3.64,3.65,3.5,,,,3.64,3.65,3.62,3.85,3.86,3.88,3.64,3.64
2026-01-28,3.64,3.64,3.65,3.5,,,3.67,3.62,,3.62,3.83,3.9,3.98,3.62,3.62
2026-01-29,3.65,3.64,3.65,3.5,,,,3.63,3.63,3.62,3.84,3.93,4.03,3.63,3.63
2026-01-30,3.68,3.64,3.65,3.5,,,,3.64,,3.63,3.81,3.83,,3.66,3.66
2026-01-31,,,3.65,,,,,,,,,,,,
2026-02-01,,,3.65,,,,,,,,,,,,
2026-02-02,3.69,3.64,3.65,3.5,,,,3.62,3.62,,3.84,3.94,4.05,3.66,3.66
2026-02-03,3.69,3.64,3.65,3.5,,,,3.62,,,3.83,3.92,4.0,3.66,3.66
2026-02-04,3.65,3.64,3.65,3.5,,3.62,3.62,3.63,,3.61,3.81,3.81,3.81,3.63,3.63
2026-02-05,3.65,3.64,3.65,3.5,,,3.7,3.63,3.62,3.61,3.8,3.8,3.8,3.63,3.63
2026-02-06,3.64,3.64,3.65,3.5,,3.63,3.63,3.64,3.63,3.63,3.82,3.83,3.84,3.62,3.62
2026-02-07,,,3.65,,,,,,,,,,,,
2026-02-08,,,3.65,,,,,,,,,,,,
2026-02-09,3.63,3.64,3.65,3.5,3.66,,3.73,3.64,3.64,,3.82,3.83,3.85,3.61,3.61
2026-02-10,3.65,3.64,3.65,3.5,3.63,,3.64,3.63,3.62,3.62,3.83,3.84,3.84,3.63,3.63
2026-02-11,3.65,3.64,3.65,3.5,3.65,,,3.63,3.65,3.62,3.83,3.77,3.8,3.62,3.62
2026-02-12,3.65,3.64,3.65,3.5,,,3.62,3.62,3.62,3.61,3.84,3.82,3.81,3.63,3.63
2026-02-13,3.66,3.64,3.65,3.5,3.63,,3.66,3.66,3.64,3.61,3.84,3.83,3.82,3.64,3.64
2026-02-14,,,3.65,,,,,,,,,,,,
2026-02-15,,,3.65,,,,,,,,,,,,
2026-02-16,,,3.65,,,,,,,,,,,,
2026-02-17,3.71,3.64,3.65,3.5,,,,3.63,3.63,3.63,3.85,3.82,,3.67,3.67
2026-02-18,3.73,3.64,3.65,3.5,,,,3.64,,,3.84,3.79,3.74,3.72,3.72
2026-02-19,3.67,3.64,3.65,3.5,3.64,3.67,,3.62,,,3.84,3.8,3.75,3.64,3.64
2026-02-20,3.66,3.64,3.65,3.5,3.67,,,3.61,3.61,3.61,3.85,3.81,3.76,3.64,3.64
2026-02-21,,,3.65,,,,,,,,,,,,
2026-02-22,,,3.65,,,,,,,,,,,,
2026-02-23,3.66,3.64,3.65,3.5,,,,3.67,3.68,,3.85,3.85,3.85,3.64,3.64
2026-02-24,3.67,3.64,3.65,3.5,,,,3.63,3.67,,3.86,3.85,3.84,3.65,3.65
2026-02-25,3.67,3.64,3.65,3.5,,,3.66,3.63,3.67,,3.85,3.84,3.84,3.65,3.65
2026-02-26,3.67,3.64,3.65,3.5,3.6,,,3.64,,,3.86,3.85,3.84,3.65,3.65
2026-02-27,3.68,3.64,3.65,3.5,,,3.69,,3.66,,3.85,3.84,3.82,3.66,3.66
2026-02-28,,,3.65,,,,,,,,,,,,
2026-03-01,,,3.65,,,,,,,,,,,,
2026-03-02,3.71,3.64,3.65,3.5,,3.66,3.68,3.66,3.67,3.67,3.85,3.84,3.83,3.69,3.69
2026-03-03,3.7,3.64,3.65,3.5,,,3.67,3.68,3.68,3.67,3.85,3.81,3.78,3.67,3.67
2026-03-04,3.67,3.64,3.65,3.5,,,3.66,3.68,3.69,3.68,3.88,3.87,3.84,3.65,3.65
2026-03-05,3.66,3.64,3.65,3.5,3.62,,3.63,3.71,3.69,3.68,3.88,3.87,3.83,3.63,3.63
2026-03-06,3.65,3.64,3.65,3.5,,,,3.68,3.68,3.68,3.86,3.87,3.87,3.62,3.62
2026-03-07,,,3.65,,,,,,,,,,,,
2026-03-08,,,3.65,,,,,,,,,,,,
2026-03-09,3.65,3.64,3.65,3.5,,,3.68,3.72,3.73,,3.91,3.87,,3.63,3.63
2026-03-10,3.64,3.64,3.65,3.5,,,,3.73,3.74,,3.96,3.99,3.86,3.61,3.62
2026-03-11,3.64,3.64,3.65,3.5,3.65,3.66,3.68,3.72,3.75,,3.91,3.9,3.83,3.62,3.62
2026-03-12,3.65,3.64,3.65,3.5,,,,3.69,3.71,3.69,3.97,3.89,3.86,3.63,3.63
2026-03-13,3.65,3.64,3.65,3.5,,,,3.72,3.74,3.77,4.03,3.93,,3.63,3.63
2026-03-14,,,3.65,,,,,,,,,,,,
2026-03-15,,,3.65,,,,,,,,,,,,
2026-03-16,3.7,3.64,3.65,3.5,,,3.75,3.75,3.75,3.75,4.04,3.93,,3.67,3.67
2026-03-17,3.65,3.64,3.65,3.5,,3.7,3.73,3.76,3.78,3.78,4.06,4.06,4.05,3.62,3.62
2026-03-18,3.62,3.64,3.65,3.5,,3.65,3.66,3.76,3.78,3.79,4.14,4.1,4.15,3.6,3.6
2026-03-19,3.62,3.64,3.65,3.5,,,,3.75,3.75,3.75,4.11,4.07,4.16,3.6,3.6
2026-03-20,3.62,3.64,3.65,3.5,,,,3.75,3.76,,4.14,4.15,4.16,3.6,3.6
2026-03-21,,,3.65,,,,,,,,,,,,
2026-03-22,,,3.65,,,,,,,,,,,,
2026-03-23,3.62,3.64,3.65,3.5,,,,3.73,3.74,,4.13,4.14,4.15,3.6,3.6
2026-03-24,3.63,3.64,3.65,3.5,,,3.77,3.73,,,4.15,4.15,4.16,3.6,3.6
2026-03-25,3.64,3.64,3.65,3.5,,,,3.7,3.67,3.65,4.19,4.04,4.17,3.63,3.63
2026-03-26,3.65,3.64,3.65,3.5,,,,3.71,3.72,3.68,4.18,4.05,4.37,3.63,3.63
2026-03-27,3.63,3.64,3.65,3.5,,,,3.75,3.72,,4.14,4.12,4.25,3.62,3.62
2026-03-28,,,3.65,,,,,,,,,,,,
2026-03-29,,,3.65,,,,,,,,,,,,
2026-03-30,3.63,3.64,3.65,3.5,,,,3.73,3.72,,4.04,4.33,,3.62,3.62
2026-03-31,3.68,3.64,3.65,3.5,,,,3.72,3.73,3.67,4.14,4.35,4.4,3.66,3.66
2026-04-01,3.65,3.64,3.65,3.5,3.75,,3.9,3.75,3.76,3.79,4.1,4.23,,3.62,3.62
2026-04-02,3.66,3.64,3.65,3.5,3.66,,3.73,3.71,3.75,3.77,4.09,4.23,,3.63,3.63
2026-04-03,,3.64,3.65,,,,,,,,,,,,
2026-04-04,,,3.65,,,,,,,,,,,,
2026-04-05,,,3.65,,,,,,,,,,,,
2026-04-06,3.65,3.64,3.65,3.5,3.7,3.78,,3.72,3.75,3.78,4.11,4.12,,3.63,3.63
2026-04-07,3.62,3.64,3.65,3.5,3.66,,3.74,3.65,,,4.1,4.1,,3.61,3.61
2026-04-08,3.59,3.64,3.65,3.5,,,3.74,3.74,,,4.09,4.21,,3.58,3.58
2026-04-09,3.57,3.64,3.65,3.5,3.71,,3.73,3.73,,,4.08,4.04,,3.54,3.54
2026-04-10,3.61,3.64,3.65,3.5,,,,,,,4.07,4.09,,3.59,3.59
2026-04-11,,,3.65,,,,,,,,,,,,
2026-04-12,,,3.65,,,,,,,,,,,,
2026-04-13,3.63,3.64,3.65,3.5,3.66,,3.72,,,3.65,4.08,4.15,4.28,3.61,3.61
2026-04-14,3.66,3.64,3.65,3.5,,,3.82,,,3.61,4.08,4.09,4.1,3.64,3.64
2026-04-15,3.72,3.64,3.65,3.5,,,,3.73,,,4.08,4.22,4.16,3.7,3.7
2026-04-16,3.67,3.64,3.65,3.5,3.67,,3.79,,3.7,3.66,4.03,4.11,,3.64,3.64
2026-04-17,3.65,3.64,3.65,3.5,,,3.74,,3.69,3.66,4.1,4.06,4.38,3.62,3.62
2026-04-18,,,3.65,,,,,,,,,,,,
2026-04-19,,,3.65,,,,,,,,,,,,
2026-04-20,3.63,3.64,3.65,3.5,,,3.71,3.69,3.71,,4.07,4.14,,3.6,3.6
2026-04-21,3.63,3.64,3.65,3.5,,,,3.68,3.73,,4.06,4.08,,3.61,3.61
2026-04-22,3.64,3.64,3.65,3.5,,,,3.69,3.73,3.63,4.03,4.06,4.08,3.62,3.62
2026-04-23,3.65,3.64,3.65,3.5,,,3.73,3.69,3.72,,4.03,4.06,3.98,3.63,3.63
2026-04-24,3.66,3.64,3.65,3.5,,,,3.67,3.68,3.65,4.03,4.04,,3.65,3.65
2026-04-25,,,3.65,,,,,,,,,,,,
2026-04-26,,,3.65,,,,,,,,,,,,
2026-04-27,3.66,3.64,3.65,3.5,,,3.81,3.66,3.69,3.75,4.07,4.07,,3.65,3.65
2026-04-28,3.64,3.64,3.65,3.5,,,3.81,3.7,3.69,3.75,4.05,4.02,,3.62,3.62
2026-04-29,3.63,3.64,3.65,3.5,,,,3.68,,3.69,4.03,4.04,,3.61,3.61
2026-04-30,3.66,3.64,3.65,3.5,,,,3.64,,3.72,4.01,,,3.64,3.64
2026-05-01,3.64,3.64,3.65,3.5,3.66,3.7,3.75,3.68,3.69,3.7,4.06,4.01,,3.63,3.63
2026-05-02,,,3.65,,,,,,,,,,,,
2026-05-03,,,3.65,,,,,,,,,,,,
2026-05-04,3.63,3.64,3.65,3.5,3.66,,3.73,3.7,3.69,,4.04,3.94,,3.61,3.61
2026-05-05,3.62,3.64,3.65,3.5,,,,3.68,3.69,3.68,4.03,3.99,4.05,3.6,3.6
2026-05-06,3.61,3.64,3.65,3.5,3.64,3.67,3.69,3.7,3.7,3.68,4.01,3.99,3.97,3.6,3.6
2026-05-07,3.6,3.63,3.65,3.5,,3.65,3.67,3.68,3.68,3.68,4.02,4.0,4.04,3.58,3.58
2026-05-08,3.6,3.63,3.65,3.5,3.67,,,3.69,3.7,3.68,4.0,4.02,4.04,3.58,3.58
2026-05-09,,,3.65,,,,,,,,,,,,
2026-05-10,,,3.65,,,,,,,,,,,,
2026-05-11,3.6,3.63,3.65,3.5,3.7,,,3.64,3.64,3.64,4.03,4.07,,3.58,3.58
2026-05-12,3.6,3.63,3.65,3.5,,,,3.69,3.7,3.68,4.03,,,3.58,3.58
2026-05-13,3.59,3.63,3.65,3.5,3.68,,3.72,3.69,3.7,,3.99,4.05,4.12,3.58,3.58
2026-05-14,3.56,3.63,3.65,3.5,,,,3.67,3.71,,4.05,4.11,,3.55,3.55
2026-05-15,3.55,3.63,3.65,3.5,,,,,3.69,,4.05,3.93,,3.53,3.53
2026-05-16,,,3.65,,,,,,,,,,,,
2026-05-17,,,3.65,,,,,,,,,,,,
2026-05-18,3.53,3.63,3.65,3.5,3.72,,,3.63,3.65,3.69,4.02,4.04,,3.52,3.52
2026-05-19,3.51,3.62,3.65,3.5,,,,3.64,3.63,,4.03,3.95,,3.51,3.51
2026-05-20,3.5,3.62,3.65,3.5,3.65,3.65,,3.64,3.68,,4.04,4.08,4.13,3.5,3.5
2026-05-21,3.51,3.62,3.65,3.5,3.62,,3.69,3.66,3.72,,4.02,4.07,4.12,3.51,3.51
2026-05-22,3.55,3.62,3.65,3.5,,,3.75,3.65,3.64,,4.05,4.09,4.13,3.53,3.53
2026-05-23,,,3.65,,,,,,,,,,,,
2026-05-24,,,3.65,,,,,,,,,,,,
2026-05-25,,,3.65,,,,,,,,,,,,
2026-05-26,3.63,3.62,3.65,3.5,3.63,,,3.64,,,4.05,4.09,,3.61,3.61
2026-05-27,3.63,3.62,3.65,3.5,3.68,3.71,3.74,3.66,3.68,,4.05,4.05,,3.62,3.62
2026-05-28,3.62,3.62,3.65,3.5,,,,3.64,3.68,,4.04,4.05,4.05,3.6,3.6
2026-05-29,3.63,3.62,3.65,3.5,,,,3.66,,,4.05,4.13,4.09,3.61,3.61
2026-05-30,,,3.65,,,,,,,,,,,,
2026-05-31,,,3.65,,,,,,,,,,,,
2026-06-01,3.65,3.62,3.65,3.5,3.65,,3.7,3.69,3.7,,4.0,4.01,,3.63,3.63
2026-06-02,3.63,3.62,3.65,3.5,3.65,,3.7,3.64,3.64,,3.99,4.05,,3.6,3.61
2026-06-03,3.61,3.62,3.65,3.5,3.66,,3.72,3.67,3.7,3.72,3.98,4.05,4.11,3.59,3.59
2026-06-04,3.62,3.62,3.65,3.5,,,3.73,3.68,3.72,3.7,3.95,3.98,4.07,3.59,3.59
2026-06-05,3.63,3.62,3.65,3.5,3.67,3.7,3.74,3.64,3.7,3.68,3.98,3.96,4.03,3.61,3.61
2026-06-06,,,3.65,,,,,,,,,,,,
2026-06-07,,,3.65,,,,,,,,,,,,
2026-06-08,3.63,3.62,3.65,3.5,,3.64,3.65,3.67,3.67,,3.93,4.01,,3.61,3.61
2026-06-09,3.6,3.62,3.65,3.5,,,,3.68,3.71,3.66,3.99,4.03,,3.59,3.59
2026-06-10,3.59,3.62,3.65,3.5,,,3.72,3.68,3.74,3.67,3.96,4.03,4.04,3.57,3.57
2026-06-11,3.6,3.62,3.65,3.5,,,3.76,3.67,3.73,,3.99,4.04,,3.58,3.58
2026-06-12,3.65,3.62,3.65,3.5,3.67,,,3.66,3.66,,3.96,4.01,,3.63,3.63
2026-06-13,,,3.65,,,,,,,,,,,,
2026-06-14,,,3.65,,,,,,,,,,,,
2026-06-15,3.69,3.63,3.65,3.5,,,,3.67,3.68,3.69,4.0,3.99,,3.67,3.67
2026-06-16,3.63,3.63,3.65,3.5,,,3.76,3.69,3.69,3.69,3.97,4.0,,3.61,3.61
2026-06-17,3.63,3.63,3.65,3.5,,,3.76,3.7,3.65,3.67,4.02,3.99,,3.61,3.61
2026-06-18,3.62,3.63,3.65,3.5,,,3.84,3.67,,,4.02,4.0,,3.6,3.6
2026-06-19,,,3.65,,,,,,,,,,,,
2026-06-20,,,3.65,,,,,,,,,,,,
2026-06-21,,,3.65,,,,,,,,,,,,
2026-06-22,3.61,3.63,3.65,3.5,,3.74,3.8,3.69,3.73,,4.01,4.12,,3.59,3.59
2026-06-23,3.62,3.63,3.65,3.5,,,3.82,3.74,,,4.0,4.01,,3.6,3.6
2026-06-24,3.62,3.63,3.65,3.5,,,,3.71,3.71,,4.03,3.95,4.07,3.61,3.61
2026-06-25,3.64,3.63,3.65,3.5,,,,3.69,3.77,,4.01,3.94,4.18,3.62,3.62
2026-06-26,3.62,3.63,3.65,3.5,,,3.81,3.74,3.73,3.72,4.02,4.01,4.14,3.6,3.6
2026-06-27,,,3.65,,,,,,,,,,,,
2026-06-28,,,3.65,,,,,,,,,,,,
2026-06-29,3.62,3.63,3.65,3.5,,,3.8,,,,3.97,3.95,,3.6,3.6
2026-06-30,3.68,3.63,3.65,3.5,,,3.93,3.66,3.65,,3.95,4.03,4.16,3.64,3.64
2026-07-01,3.66,3.63,3.65,3.5,3.71,,3.89,3.73,,,3.99,4.05,4.16,3.63,3.63
2026-07-02,3.64,3.63,3.65,3.5,3.64,3.73,3.84,3.66,,,4.0,4.02,,3.62,3.62
2026-07-03,,3.63,3.65,,,,,,,,,,,,
2026-07-04,,,3.65,,,,,,,,,,,,
2026-07-05,,,3.65,,,,,,,,,,,,
2026-07-06,3.63,3.63,3.65,3.5,3.67,3.71,3.76,,,,4.0,4.04,4.22,3.61,3.61
2026-07-07,3.62,3.63,3.65,3.5,3.66,,,,,,4.0,4.05,,3.6,3.6
2026-07-08,3.58,3.62,3.65,3.5,3.68,,3.8,,,,3.96,4.01,,3.57,3.57
2026-07-09,3.53,3.62,3.65,3.5,,,,3.63,3.73,,3.97,4.03,,3.51,3.51
2026-07-10,3.55,3.62,3.65,3.5,,,,3.65,,,3.94,3.96,,3.52,3.52
2026-07-11,,,3.65,,,,,,,,,,,,
2026-07-12,,,3.65,,,,,,,,,,,,
2026-07-13,3.6,3.62,3.65,3.5,3.68,3.75,,,,,3.94,4.03,,3.58,3.58
2026-07-14,3.63,3.63,3.65,3.5,,,,3.69,,,4.01,3.93,,3.62,3.62
2026-07-15,3.64,3.63,3.65,3.5,,3.63,,3.67,3.68,,3.92,3.95,,3.62,3.62
2026-07-16,3.62,3.63,3.65,3.5,,,3.92,3.67,3.71,,3.98,3.95,,3.59,3.59
2026-07-17,3.59,3.63,3.65,3.5,3.66,,3.77,3.68,3.69,,3.95,3.99,,3.56,3.56
2026-07-18,,,3.65,,,,,,,,,,,,
2026-07-19,,,3.65,,,,,,,,,,,,
2026-07-20,3.57,3.63,3.65,3.5,,3.71,3.76,3.62,3.71,,3.95,4.0,4.04,3.54,3.54
2026-07-21,3.61,3.63,3.65,3.5,,3.72,,3.66,3.69,3.68,3.95,3.91,4.01,3.58,3.58
2026-07-22,3.62,3.63,3.65,3.5,,3.75,,3.68,,,3.96,4.0,,3.6,3.6
2026-07-23,3.64,3.63,3.65,3.5,,,3.81,,,,3.94,,,3.62,3.62
2026-07-24,3.64,3.63,3.65,3.5,,3.79,,3.74,3.75,,3.96,3.97,4.0,3.62,3.62
2026-07-25,,,3.65,,,,,,,,,,,,
2026-07-26,,,3.65,,,,,,,,,,,,
2026-07-27,3.64,3.63,3.65,3.5,,3.78,3.86,3.71,3.76,3.74,3.96,3.98,,3.62,3.62
2026-07-28,3.65,3.63,3.65,3.5,,3.72,3.76,3.74,3.79,,3.96,3.98,,3.64,3.64
2026-07-29,3.65,3.63,3.65,3.5,,,3.88,3.72,3.77,,3.97,3.93,3.99,3.64,3.64
2026-07-30,3.65,3.63,3.65,3.5,,,,3.69,3.7,3.78,3.95,3.95,3.99,3.63,3.63
2026-07-31,3.66,3.63,3.65,3.5,,,,3.65,3.71,,3.95,,,3.64,3.64
2026-08-01,,,3.65,,,,,,,,,,,,
2026-08-02,,,3.65,,,,,,,,,,,,
2026-08-03,3.65,3.63,3.65,3.5,,3.74,,3.66,3.66,,3.97,3.96,,3.63,3.63
2026-08-04,3.66,3.63,3.65,3.5,,3.73,,,3.71,3.76,3.88,3.88,,3.64,3.64
2026-08-05,3.64,3.63,3.65,3.5,3.7,3.77,3.85,3.68,3.73,3.77,3.9,3.94,4.02,3.63,3.63
2026-08-06,3.65,3.63,3.65,3.5,3.69,,3.83,3.7,3.72,3.76,3.92,3.89,,3.63,3.63
2026-08-07,3.62,3.63,3.65,3.5,,,3.84,3.69,3.69,,3.94,3.85,,3.6,3.6
2026-08-08,,,3.65,,,,,,,,,,,,
2026-08-09,,,3.65,,,,,,,,,,,,
2026-08-10,3.63,3.63,3.65,3.5,3.71,,3.9,3.7,3.73,,3.92,3.95,4.01,3.61,3.61
2026-08-11,3.64,3.63,3.65,3.5,,,3.78,3.7,3.73,,3.93,3.92,,3.63,3.63
2026-08-12,3.62,3.63,3.65,3.5,3.68,,,3.67,3.72,,3.92,3.91,,3.6,3.6
2026-08-13,3.62,3.63,3.65,3.5,,,3.79,3.71,3.72,3.77,3.91,3.9,,3.6,3.6
2026-08-14,3.62,3.63,3.65,3.5,,3.76,3.82,3.72,3.74,,3.92,3.94,,3.6,3.6
2026-08-15,,,3.65,,,,,,,,,,,,
2026-08-16,,,3.65,,,,,,,,,,,,
2026-08-17,3.66,3.63,3.65,3.5,,,3.78,3.71,3.73,,3.93,3.9,,3.64,3.64
2026-08-18,3.65,3.63,3.65,3.5,,,3.79,3.66,3.69,3.69,3.91,3.91,,3.63,3.63
2026-08-19,3.62,3.63,3.65,3.5,3.71,,3.84,3.67,3.69,3.68,3.89,3.92,4.01,3.6,3.6
2026-08-20,3.63,3.63,3.65,3.5,,3.74,3.8,3.71,3.73,,3.87,3.91,3.96,3.6,3.6
2026-08-21,3.65,3.63,3.65,3.5,,,,3.68,3.71,,3.9,,,3.63,3.63
2026-08-22,,,3.65,,,,,,,,,,,,
2026-08-23,,,3.65,,,,,,,,,,,,
2026-08-24,3.65,3.63,3.65,3.5,,,3.8,3.7,3.73,,3.91,3.95,4.02,3.63,3.63
2026-08-25,3.66,3.63,3.65,3.5,,,,3.68,3.7,,3.91,3.97,4.03,3.64,3.64
2026-08-26,3.64,3.63,3.65,3.5,,,,3.69,3.73,,3.9,3.91,,3.62,3.62
2026-08-27,3.64,3.63,3.65,3.5,,,,3.69,3.73,3.7,3.91,3.89,,3.62,3.62
2026-08-28,3.65,3.63,3.65,3.5,,,3.83,3.68,,,3.91,,,3.63,3.63
2026-08-29,,,3.65,,,,,,,,,,,,
2026-08-30,,,3.65,,,,,,,,,,,,
2026-08-31,3.68,3.63,3.65,3.5,,3.76,,3.67,,,3.94,3.98,,3.67,3.67
2026-09-01,3.66,3.63,3.65,3.5,,,3.85,,,,3.93,,,3.63,3.63
2026-09-02,3.65,3.63,3.65,3.5,,,3.81,3.68,3.8,3.85,3.93,3.98,4.03,3.63,3.63
2026-09-03,3.66,3.63,3.65,3.5,,,,3.78,3.81,3.85,3.93,3.95,3.98,3.64,3.64
2026-09-04,3.65,3.63,3.65,3.5,3.71,,3.83,3.76,3.81,,4.0,3.89,4.0,3.64,3.64
2026-09-05,,,3.65,,,,,,,,,,,,
2026-09-06,,,3.65,,,,,,,,,,,,
2026-09-07,,,3.65,,,,,,,,,,,,
2026-09-08,3.64,3.63,3.65,3.5,,,3.81,3.79,3.78,,3.9,3.97,4.05,3.63,3.63
2026-09-09,3.64,3.63,3.65,3.5,,3.76,3.84,3.74,3.8,3.86,3.98,4.08,4.13,3.62,3.62
2026-09-10,3.62,3.63,3.65,3.5,,,3.94,3.73,3.84,3.8,3.94,3.95,,3.6,3.6
2026-09-11,3.62,3.63,3.65,3.5,,,3.9,3.77,,,4.0,4.03,4.05,3.6,3.6
2026-09-12,,,3.65,,,,,,,,,,,,
2026-09-13,,,3.65,,,,,,,,,,,,
2026-09-14,3.62,3.63,3.65,3.5,,,,3.9,,,4.06,4.09,4.2,3.6,3.6
2026-09-15,3.64,3.63,3.65,3.5,,,,3.92,3.95,,4.13,4.19,4.25,3.62,3.62
2026-09-16,3.62,3.63,3.65,3.5,,,,3.93,3.97,4.03,4.17,4.09,4.27,3.6,3.6
2026-09-17,3.85,3.88,3.9,3.75,,,,3.94,3.99,4.06,4.17,4.2,4.29,3.83,3.83
2026-09-18,3.85,3.88,3.9,3.75,,,,3.95,4.01,,4.19,4.26,4.34,3.83,3.83
2026-09-19,,,3.9,,,,,,,,,,,,
2026-09-20,,,3.9,,,,,,,,,,,,
2026-09-21,3.85,3.88,3.9,3.75,,,4.07,3.95,4.02,4.08,4.15,4.2,4.25,3.83,3.83
2026-09-22,3.87,3.88,3.9,3.75,,4.09,,3.95,4.02,,4.15,4.25,4.26,3.85,3.85
2026-09-23,3.87,3.88,3.9,3.75,,,,3.94,3.98,,4.13,4.31,,3.85,3.85
2026-09-24,3.88,3.88,3.9,3.75,,,4.08,3.96,3.98,,4.16,4.19,4.24,3.86,3.86
2026-09-25,3.9,3.88,3.9,3.75,3.99,4.12,,3.97,4.05,,4.14,4.23,4.32,3.89,3.89
2026-09-26,,,3.9,,,,,,,,,,,,
2026-09-27,,,3.9,,,,,,,,,,,,
2026-09-28,3.9,3.88,3.9,3.75,,4.06,4.15,,4.01,,4.14,4.2,,3.89,3.89
2026-09-29,,,3.9,3.75,,,,,,,,,,,
2026-09-30,,,3.9,,,,,,,,,,,,
